2026-08-02 19:43:01.152 | ERROR    | app.infrastructure.websocket.client:_run:52 - Websocket failed: scheme https is invalid
Traceback (most recent call last):

  File "C:\Users\pecas\AppData\Local\Python\pythoncore-3.14-64\Lib\threading.py", line 1044, in _bootstrap
    self._bootstrap_inner()
    │    └ <function Thread._bootstrap_inner at 0x00000225CAAEEE50>
    └ <Thread(Thread-2 (_run), started 2580)>
  File "C:\Users\pecas\AppData\Local\Python\pythoncore-3.14-64\Lib\threading.py", line 1082, in _bootstrap_inner
    self._context.run(self.run)
    │    │        │   │    └ <function Thread.run at 0x00000225CAAEEAE0>
    │    │        │   └ <Thread(Thread-2 (_run), started 2580)>
    │    │        └ <method 'run' of '_contextvars.Context' objects>
    │    └ <_contextvars.Context object at 0x00000225CD916FC0>
    └ <Thread(Thread-2 (_run), started 2580)>
  File "C:\Users\pecas\AppData\Local\Python\pythoncore-3.14-64\Lib\threading.py", line 1024, in run
    self._target(*self._args, **self._kwargs)
    │    │        │    │        │    └ {}
    │    │        │    │        └ <Thread(Thread-2 (_run), started 2580)>
    │    │        │    └ ()
    │    │        └ <Thread(Thread-2 (_run), started 2580)>
    │    └ <bound method WebSocketClient._run of <app.infrastructure.websocket.client.WebSocketClient object at 0x00000225CD9A96A0>>
    └ <Thread(Thread-2 (_run), started 2580)>

> File "C:\Users\pecas\OneDrive\Área de Trabalho\print gsn\app\infrastructure\websocket\client.py", line 48, in _run
    self._ws = websocket.create_connection(self._settings.server_url, timeout=5)
    │    │     │         │                 │    │         └ <member 'server_url' of 'Settings' objects>
    │    │     │         │                 │    └ Settings(server_url='https://localhost', token='demo-token', computer_name='GSN-PRINT', heartbeat_interval_seconds=30, auto_r...
    │    │     │         │                 └ <app.infrastructure.websocket.client.WebSocketClient object at 0x00000225CD9A96A0>
    │    │     │         └ <function create_connection at 0x00000225CDABC300>
    │    │     └ <module 'websocket' from 'C:\\Users\\pecas\\AppData\\Local\\Python\\pythoncore-3.14-64\\Lib\\site-packages\\websocket\\__init...
    │    └ None
    └ <app.infrastructure.websocket.client.WebSocketClient object at 0x00000225CD9A96A0>

  File "C:\Users\pecas\AppData\Local\Python\pythoncore-3.14-64\Lib\site-packages\websocket\_core.py", line 664, in create_connection
    websock.connect(url, **options)
    │       │       │      └ {}
    │       │       └ 'https://localhost'
    │       └ <function WebSocket.connect at 0x00000225CDAB6CF0>
    └ <websocket._core.WebSocket object at 0x00000225CDAC8830>
  File "C:\Users\pecas\AppData\Local\Python\pythoncore-3.14-64\Lib\site-packages\websocket\_core.py", line 263, in connect
    self.sock, addrs = connect(
    │    │             └ <function connect at 0x00000225CDAB41A0>
    │    └ None
    └ <websocket._core.WebSocket object at 0x00000225CDAC8830>
  File "C:\Users\pecas\AppData\Local\Python\pythoncore-3.14-64\Lib\site-packages\websocket\_http.py", line 133, in connect
    hostname, port_from_url, resource, is_secure = parse_url(url)
                                                   │         └ 'https://localhost'
                                                   └ <function parse_url at 0x00000225CDA837F0>
  File "C:\Users\pecas\AppData\Local\Python\pythoncore-3.14-64\Lib\site-packages\websocket\_url.py", line 62, in parse_url
    raise ValueError("scheme %s is invalid" % scheme)
                                              └ 'https'

ValueError: scheme https is invalid
2026-08-02 19:43:06.158 | ERROR    | app.infrastructure.websocket.client:_run:52 - Websocket failed: scheme https is invalid
Traceback (most recent call last):

  File "C:\Users\pecas\AppData\Local\Python\pythoncore-3.14-64\Lib\threading.py", line 1044, in _bootstrap
    self._bootstrap_inner()
    │    └ <function Thread._bootstrap_inner at 0x00000225CAAEEE50>
    └ <Thread(Thread-2 (_run), started 2580)>
  File "C:\Users\pecas\AppData\Local\Python\pythoncore-3.14-64\Lib\threading.py", line 1082, in _bootstrap_inner
    self._context.run(self.run)
    │    │        │   │    └ <function Thread.run at 0x00000225CAAEEAE0>
    │    │        │   └ <Thread(Thread-2 (_run), started 2580)>
    │    │        └ <method 'run' of '_contextvars.Context' objects>
    │    └ <_contextvars.Context object at 0x00000225CD916FC0>
    └ <Thread(Thread-2 (_run), started 2580)>
  File "C:\Users\pecas\AppData\Local\Python\pythoncore-3.14-64\Lib\threading.py", line 1024, in run
    self._target(*self._args, **self._kwargs)
    │    │        │    │        │    └ {}
    │    │        │    │        └ <Thread(Thread-2 (_run), started 2580)>
    │    │        │    └ ()
    │    │        └ <Thread(Thread-2 (_run), started 2580)>
    │    └ <bound method WebSocketClient._run of <app.infrastructure.websocket.client.WebSocketClient object at 0x00000225CD9A96A0>>
    └ <Thread(Thread-2 (_run), started 2580)>

> File "C:\Users\pecas\OneDrive\Área de Trabalho\print gsn\app\infrastructure\websocket\client.py", line 48, in _run
    self._ws = websocket.create_connection(self._settings.server_url, timeout=5)
    │    │     │         │                 │    │         └ <member 'server_url' of 'Settings' objects>
    │    │     │         │                 │    └ Settings(server_url='https://localhost', token='demo-token', computer_name='GSN-PRINT', heartbeat_interval_seconds=30, auto_r...
    │    │     │         │                 └ <app.infrastructure.websocket.client.WebSocketClient object at 0x00000225CD9A96A0>
    │    │     │         └ <function create_connection at 0x00000225CDABC300>
    │    │     └ <module 'websocket' from 'C:\\Users\\pecas\\AppData\\Local\\Python\\pythoncore-3.14-64\\Lib\\site-packages\\websocket\\__init...
    │    └ None
    └ <app.infrastructure.websocket.client.WebSocketClient object at 0x00000225CD9A96A0>

  File "C:\Users\pecas\AppData\Local\Python\pythoncore-3.14-64\Lib\site-packages\websocket\_core.py", line 664, in create_connection
    websock.connect(url, **options)
    │       │       │      └ {}
    │       │       └ 'https://localhost'
    │       └ <function WebSocket.connect at 0x00000225CDAB6CF0>
    └ <websocket._core.WebSocket object at 0x00000225CD83CE10>
  File "C:\Users\pecas\AppData\Local\Python\pythoncore-3.14-64\Lib\site-packages\websocket\_core.py", line 263, in connect
    self.sock, addrs = connect(
    │    │             └ <function connect at 0x00000225CDAB41A0>
    │    └ None
    └ <websocket._core.WebSocket object at 0x00000225CD83CE10>
  File "C:\Users\pecas\AppData\Local\Python\pythoncore-3.14-64\Lib\site-packages\websocket\_http.py", line 133, in connect
    hostname, port_from_url, resource, is_secure = parse_url(url)
                                                   │         └ 'https://localhost'
                                                   └ <function parse_url at 0x00000225CDA837F0>
  File "C:\Users\pecas\AppData\Local\Python\pythoncore-3.14-64\Lib\site-packages\websocket\_url.py", line 62, in parse_url
    raise ValueError("scheme %s is invalid" % scheme)
                                              └ 'https'

ValueError: scheme https is invalid
2026-08-02 19:43:11.160 | ERROR    | app.infrastructure.websocket.client:_run:52 - Websocket failed: scheme https is invalid
Traceback (most recent call last):

  File "C:\Users\pecas\AppData\Local\Python\pythoncore-3.14-64\Lib\threading.py", line 1044, in _bootstrap
    self._bootstrap_inner()
    │    └ <function Thread._bootstrap_inner at 0x00000225CAAEEE50>
    └ <Thread(Thread-2 (_run), started 2580)>
  File "C:\Users\pecas\AppData\Local\Python\pythoncore-3.14-64\Lib\threading.py", line 1082, in _bootstrap_inner
    self._context.run(self.run)
    │    │        │   │    └ <function Thread.run at 0x00000225CAAEEAE0>
    │    │        │   └ <Thread(Thread-2 (_run), started 2580)>
    │    │        └ <method 'run' of '_contextvars.Context' objects>
    │    └ <_contextvars.Context object at 0x00000225CD916FC0>
    └ <Thread(Thread-2 (_run), started 2580)>
  File "C:\Users\pecas\AppData\Local\Python\pythoncore-3.14-64\Lib\threading.py", line 1024, in run
    self._target(*self._args, **self._kwargs)
    │    │        │    │        │    └ {}
    │    │        │    │        └ <Thread(Thread-2 (_run), started 2580)>
    │    │        │    └ ()
    │    │        └ <Thread(Thread-2 (_run), started 2580)>
    │    └ <bound method WebSocketClient._run of <app.infrastructure.websocket.client.WebSocketClient object at 0x00000225CD9A96A0>>
    └ <Thread(Thread-2 (_run), started 2580)>

> File "C:\Users\pecas\OneDrive\Área de Trabalho\print gsn\app\infrastructure\websocket\client.py", line 48, in _run
    self._ws = websocket.create_connection(self._settings.server_url, timeout=5)
    │    │     │         │                 │    │         └ <member 'server_url' of 'Settings' objects>
    │    │     │         │                 │    └ Settings(server_url='https://localhost', token='demo-token', computer_name='GSN-PRINT', heartbeat_interval_seconds=30, auto_r...
    │    │     │         │                 └ <app.infrastructure.websocket.client.WebSocketClient object at 0x00000225CD9A96A0>
    │    │     │         └ <function create_connection at 0x00000225CDABC300>
    │    │     └ <module 'websocket' from 'C:\\Users\\pecas\\AppData\\Local\\Python\\pythoncore-3.14-64\\Lib\\site-packages\\websocket\\__init...
    │    └ None
    └ <app.infrastructure.websocket.client.WebSocketClient object at 0x00000225CD9A96A0>

  File "C:\Users\pecas\AppData\Local\Python\pythoncore-3.14-64\Lib\site-packages\websocket\_core.py", line 664, in create_connection
    websock.connect(url, **options)
    │       │       │      └ {}
    │       │       └ 'https://localhost'
    │       └ <function WebSocket.connect at 0x00000225CDAB6CF0>
    └ <websocket._core.WebSocket object at 0x00000225CD83E210>
  File "C:\Users\pecas\AppData\Local\Python\pythoncore-3.14-64\Lib\site-packages\websocket\_core.py", line 263, in connect
    self.sock, addrs = connect(
    │    │             └ <function connect at 0x00000225CDAB41A0>
    │    └ None
    └ <websocket._core.WebSocket object at 0x00000225CD83E210>
  File "C:\Users\pecas\AppData\Local\Python\pythoncore-3.14-64\Lib\site-packages\websocket\_http.py", line 133, in connect
    hostname, port_from_url, resource, is_secure = parse_url(url)
                                                   │         └ 'https://localhost'
                                                   └ <function parse_url at 0x00000225CDA837F0>
  File "C:\Users\pecas\AppData\Local\Python\pythoncore-3.14-64\Lib\site-packages\websocket\_url.py", line 62, in parse_url
    raise ValueError("scheme %s is invalid" % scheme)
                                              └ 'https'

ValueError: scheme https is invalid
2026-08-02 19:43:16.161 | ERROR    | app.infrastructure.websocket.client:_run:52 - Websocket failed: scheme https is invalid
Traceback (most recent call last):

  File "C:\Users\pecas\AppData\Local\Python\pythoncore-3.14-64\Lib\threading.py", line 1044, in _bootstrap
    self._bootstrap_inner()
    │    └ <function Thread._bootstrap_inner at 0x00000225CAAEEE50>
    └ <Thread(Thread-2 (_run), started 2580)>
  File "C:\Users\pecas\AppData\Local\Python\pythoncore-3.14-64\Lib\threading.py", line 1082, in _bootstrap_inner
    self._context.run(self.run)
    │    │        │   │    └ <function Thread.run at 0x00000225CAAEEAE0>
    │    │        │   └ <Thread(Thread-2 (_run), started 2580)>
    │    │        └ <method 'run' of '_contextvars.Context' objects>
    │    └ <_contextvars.Context object at 0x00000225CD916FC0>
    └ <Thread(Thread-2 (_run), started 2580)>
  File "C:\Users\pecas\AppData\Local\Python\pythoncore-3.14-64\Lib\threading.py", line 1024, in run
    self._target(*self._args, **self._kwargs)
    │    │        │    │        │    └ {}
    │    │        │    │        └ <Thread(Thread-2 (_run), started 2580)>
    │    │        │    └ ()
    │    │        └ <Thread(Thread-2 (_run), started 2580)>
    │    └ <bound method WebSocketClient._run of <app.infrastructure.websocket.client.WebSocketClient object at 0x00000225CD9A96A0>>
    └ <Thread(Thread-2 (_run), started 2580)>

> File "C:\Users\pecas\OneDrive\Área de Trabalho\print gsn\app\infrastructure\websocket\client.py", line 48, in _run
    self._ws = websocket.create_connection(self._settings.server_url, timeout=5)
    │    │     │         │                 │    │         └ <member 'server_url' of 'Settings' objects>
    │    │     │         │                 │    └ Settings(server_url='https://localhost', token='demo-token', computer_name='GSN-PRINT', heartbeat_interval_seconds=30, auto_r...
    │    │     │         │                 └ <app.infrastructure.websocket.client.WebSocketClient object at 0x00000225CD9A96A0>
    │    │     │         └ <function create_connection at 0x00000225CDABC300>
    │    │     └ <module 'websocket' from 'C:\\Users\\pecas\\AppData\\Local\\Python\\pythoncore-3.14-64\\Lib\\site-packages\\websocket\\__init...
    │    └ None
    └ <app.infrastructure.websocket.client.WebSocketClient object at 0x00000225CD9A96A0>

  File "C:\Users\pecas\AppData\Local\Python\pythoncore-3.14-64\Lib\site-packages\websocket\_core.py", line 664, in create_connection
    websock.connect(url, **options)
    │       │       │      └ {}
    │       │       └ 'https://localhost'
    │       └ <function WebSocket.connect at 0x00000225CDAB6CF0>
    └ <websocket._core.WebSocket object at 0x00000225CD865350>
  File "C:\Users\pecas\AppData\Local\Python\pythoncore-3.14-64\Lib\site-packages\websocket\_core.py", line 263, in connect
    self.sock, addrs = connect(
    │    │             └ <function connect at 0x00000225CDAB41A0>
    │    └ None
    └ <websocket._core.WebSocket object at 0x00000225CD865350>
  File "C:\Users\pecas\AppData\Local\Python\pythoncore-3.14-64\Lib\site-packages\websocket\_http.py", line 133, in connect
    hostname, port_from_url, resource, is_secure = parse_url(url)
                                                   │         └ 'https://localhost'
                                                   └ <function parse_url at 0x00000225CDA837F0>
  File "C:\Users\pecas\AppData\Local\Python\pythoncore-3.14-64\Lib\site-packages\websocket\_url.py", line 62, in parse_url
    raise ValueError("scheme %s is invalid" % scheme)
                                              └ 'https'

ValueError: scheme https is invalid
2026-08-02 19:43:21.163 | ERROR    | app.infrastructure.websocket.client:_run:52 - Websocket failed: scheme https is invalid
Traceback (most recent call last):

  File "C:\Users\pecas\AppData\Local\Python\pythoncore-3.14-64\Lib\threading.py", line 1044, in _bootstrap
    self._bootstrap_inner()
    │    └ <function Thread._bootstrap_inner at 0x00000225CAAEEE50>
    └ <Thread(Thread-2 (_run), started 2580)>
  File "C:\Users\pecas\AppData\Local\Python\pythoncore-3.14-64\Lib\threading.py", line 1082, in _bootstrap_inner
    self._context.run(self.run)
    │    │        │   │    └ <function Thread.run at 0x00000225CAAEEAE0>
    │    │        │   └ <Thread(Thread-2 (_run), started 2580)>
    │    │        └ <method 'run' of '_contextvars.Context' objects>
    │    └ <_contextvars.Context object at 0x00000225CD916FC0>
    └ <Thread(Thread-2 (_run), started 2580)>
  File "C:\Users\pecas\AppData\Local\Python\pythoncore-3.14-64\Lib\threading.py", line 1024, in run
    self._target(*self._args, **self._kwargs)
    │    │        │    │        │    └ {}
    │    │        │    │        └ <Thread(Thread-2 (_run), started 2580)>
    │    │        │    └ ()
    │    │        └ <Thread(Thread-2 (_run), started 2580)>
    │    └ <bound method WebSocketClient._run of <app.infrastructure.websocket.client.WebSocketClient object at 0x00000225CD9A96A0>>
    └ <Thread(Thread-2 (_run), started 2580)>

> File "C:\Users\pecas\OneDrive\Área de Trabalho\print gsn\app\infrastructure\websocket\client.py", line 48, in _run
    self._ws = websocket.create_connection(self._settings.server_url, timeout=5)
    │    │     │         │                 │    │         └ <member 'server_url' of 'Settings' objects>
    │    │     │         │                 │    └ Settings(server_url='https://localhost', token='demo-token', computer_name='GSN-PRINT', heartbeat_interval_seconds=30, auto_r...
    │    │     │         │                 └ <app.infrastructure.websocket.client.WebSocketClient object at 0x00000225CD9A96A0>
    │    │     │         └ <function create_connection at 0x00000225CDABC300>
    │    │     └ <module 'websocket' from 'C:\\Users\\pecas\\AppData\\Local\\Python\\pythoncore-3.14-64\\Lib\\site-packages\\websocket\\__init...
    │    └ None
    └ <app.infrastructure.websocket.client.WebSocketClient object at 0x00000225CD9A96A0>

  File "C:\Users\pecas\AppData\Local\Python\pythoncore-3.14-64\Lib\site-packages\websocket\_core.py", line 664, in create_connection
    websock.connect(url, **options)
    │       │       │      └ {}
    │       │       └ 'https://localhost'
    │       └ <function WebSocket.connect at 0x00000225CDAB6CF0>
    └ <websocket._core.WebSocket object at 0x00000225CD865BA0>
  File "C:\Users\pecas\AppData\Local\Python\pythoncore-3.14-64\Lib\site-packages\websocket\_core.py", line 263, in connect
    self.sock, addrs = connect(
    │    │             └ <function connect at 0x00000225CDAB41A0>
    │    └ None
    └ <websocket._core.WebSocket object at 0x00000225CD865BA0>
  File "C:\Users\pecas\AppData\Local\Python\pythoncore-3.14-64\Lib\site-packages\websocket\_http.py", line 133, in connect
    hostname, port_from_url, resource, is_secure = parse_url(url)
                                                   │         └ 'https://localhost'
                                                   └ <function parse_url at 0x00000225CDA837F0>
  File "C:\Users\pecas\AppData\Local\Python\pythoncore-3.14-64\Lib\site-packages\websocket\_url.py", line 62, in parse_url
    raise ValueError("scheme %s is invalid" % scheme)
                                              └ 'https'

ValueError: scheme https is invalid
2026-08-02 19:43:26.165 | ERROR    | app.infrastructure.websocket.client:_run:52 - Websocket failed: scheme https is invalid
Traceback (most recent call last):

  File "C:\Users\pecas\AppData\Local\Python\pythoncore-3.14-64\Lib\threading.py", line 1044, in _bootstrap
    self._bootstrap_inner()
    │    └ <function Thread._bootstrap_inner at 0x00000225CAAEEE50>
    └ <Thread(Thread-2 (_run), started 2580)>
  File "C:\Users\pecas\AppData\Local\Python\pythoncore-3.14-64\Lib\threading.py", line 1082, in _bootstrap_inner
    self._context.run(self.run)
    │    │        │   │    └ <function Thread.run at 0x00000225CAAEEAE0>
    │    │        │   └ <Thread(Thread-2 (_run), started 2580)>
    │    │        └ <method 'run' of '_contextvars.Context' objects>
    │    └ <_contextvars.Context object at 0x00000225CD916FC0>
    └ <Thread(Thread-2 (_run), started 2580)>
  File "C:\Users\pecas\AppData\Local\Python\pythoncore-3.14-64\Lib\threading.py", line 1024, in run
    self._target(*self._args, **self._kwargs)
    │    │        │    │        │    └ {}
    │    │        │    │        └ <Thread(Thread-2 (_run), started 2580)>
    │    │        │    └ ()
    │    │        └ <Thread(Thread-2 (_run), started 2580)>
    │    └ <bound method WebSocketClient._run of <app.infrastructure.websocket.client.WebSocketClient object at 0x00000225CD9A96A0>>
    └ <Thread(Thread-2 (_run), started 2580)>

> File "C:\Users\pecas\OneDrive\Área de Trabalho\print gsn\app\infrastructure\websocket\client.py", line 48, in _run
    self._ws = websocket.create_connection(self._settings.server_url, timeout=5)
    │    │     │         │                 │    │         └ <member 'server_url' of 'Settings' objects>
    │    │     │         │                 │    └ Settings(server_url='https://localhost', token='demo-token', computer_name='GSN-PRINT', heartbeat_interval_seconds=30, auto_r...
    │    │     │         │                 └ <app.infrastructure.websocket.client.WebSocketClient object at 0x00000225CD9A96A0>
    │    │     │         └ <function create_connection at 0x00000225CDABC300>
    │    │     └ <module 'websocket' from 'C:\\Users\\pecas\\AppData\\Local\\Python\\pythoncore-3.14-64\\Lib\\site-packages\\websocket\\__init...
    │    └ None
    └ <app.infrastructure.websocket.client.WebSocketClient object at 0x00000225CD9A96A0>

  File "C:\Users\pecas\AppData\Local\Python\pythoncore-3.14-64\Lib\site-packages\websocket\_core.py", line 664, in create_connection
    websock.connect(url, **options)
    │       │       │      └ {}
    │       │       └ 'https://localhost'
    │       └ <function WebSocket.connect at 0x00000225CDAB6CF0>
    └ <websocket._core.WebSocket object at 0x00000225CB174710>
  File "C:\Users\pecas\AppData\Local\Python\pythoncore-3.14-64\Lib\site-packages\websocket\_core.py", line 263, in connect
    self.sock, addrs = connect(
    │    │             └ <function connect at 0x00000225CDAB41A0>
    │    └ None
    └ <websocket._core.WebSocket object at 0x00000225CB174710>
  File "C:\Users\pecas\AppData\Local\Python\pythoncore-3.14-64\Lib\site-packages\websocket\_http.py", line 133, in connect
    hostname, port_from_url, resource, is_secure = parse_url(url)
                                                   │         └ 'https://localhost'
                                                   └ <function parse_url at 0x00000225CDA837F0>
  File "C:\Users\pecas\AppData\Local\Python\pythoncore-3.14-64\Lib\site-packages\websocket\_url.py", line 62, in parse_url
    raise ValueError("scheme %s is invalid" % scheme)
                                              └ 'https'

ValueError: scheme https is invalid
2026-08-02 19:43:31.167 | ERROR    | app.infrastructure.websocket.client:_run:52 - Websocket failed: scheme https is invalid
Traceback (most recent call last):

  File "C:\Users\pecas\AppData\Local\Python\pythoncore-3.14-64\Lib\threading.py", line 1044, in _bootstrap
    self._bootstrap_inner()
    │    └ <function Thread._bootstrap_inner at 0x00000225CAAEEE50>
    └ <Thread(Thread-2 (_run), started 2580)>
  File "C:\Users\pecas\AppData\Local\Python\pythoncore-3.14-64\Lib\threading.py", line 1082, in _bootstrap_inner
    self._context.run(self.run)
    │    │        │   │    └ <function Thread.run at 0x00000225CAAEEAE0>
    │    │        │   └ <Thread(Thread-2 (_run), started 2580)>
    │    │        └ <method 'run' of '_contextvars.Context' objects>
    │    └ <_contextvars.Context object at 0x00000225CD916FC0>
    └ <Thread(Thread-2 (_run), started 2580)>
  File "C:\Users\pecas\AppData\Local\Python\pythoncore-3.14-64\Lib\threading.py", line 1024, in run
    self._target(*self._args, **self._kwargs)
    │    │        │    │        │    └ {}
    │    │        │    │        └ <Thread(Thread-2 (_run), started 2580)>
    │    │        │    └ ()
    │    │        └ <Thread(Thread-2 (_run), started 2580)>
    │    └ <bound method WebSocketClient._run of <app.infrastructure.websocket.client.WebSocketClient object at 0x00000225CD9A96A0>>
    └ <Thread(Thread-2 (_run), started 2580)>

> File "C:\Users\pecas\OneDrive\Área de Trabalho\print gsn\app\infrastructure\websocket\client.py", line 48, in _run
    self._ws = websocket.create_connection(self._settings.server_url, timeout=5)
    │    │     │         │                 │    │         └ <member 'server_url' of 'Settings' objects>
    │    │     │         │                 │    └ Settings(server_url='https://localhost', token='demo-token', computer_name='GSN-PRINT', heartbeat_interval_seconds=30, auto_r...
    │    │     │         │                 └ <app.infrastructure.websocket.client.WebSocketClient object at 0x00000225CD9A96A0>
    │    │     │         └ <function create_connection at 0x00000225CDABC300>
    │    │     └ <module 'websocket' from 'C:\\Users\\pecas\\AppData\\Local\\Python\\pythoncore-3.14-64\\Lib\\site-packages\\websocket\\__init...
    │    └ None
    └ <app.infrastructure.websocket.client.WebSocketClient object at 0x00000225CD9A96A0>

  File "C:\Users\pecas\AppData\Local\Python\pythoncore-3.14-64\Lib\site-packages\websocket\_core.py", line 664, in create_connection
    websock.connect(url, **options)
    │       │       │      └ {}
    │       │       └ 'https://localhost'
    │       └ <function WebSocket.connect at 0x00000225CDAB6CF0>
    └ <websocket._core.WebSocket object at 0x00000225CB28CC00>
  File "C:\Users\pecas\AppData\Local\Python\pythoncore-3.14-64\Lib\site-packages\websocket\_core.py", line 263, in connect
    self.sock, addrs = connect(
    │    │             └ <function connect at 0x00000225CDAB41A0>
    │    └ None
    └ <websocket._core.WebSocket object at 0x00000225CB28CC00>
  File "C:\Users\pecas\AppData\Local\Python\pythoncore-3.14-64\Lib\site-packages\websocket\_http.py", line 133, in connect
    hostname, port_from_url, resource, is_secure = parse_url(url)
                                                   │         └ 'https://localhost'
                                                   └ <function parse_url at 0x00000225CDA837F0>
  File "C:\Users\pecas\AppData\Local\Python\pythoncore-3.14-64\Lib\site-packages\websocket\_url.py", line 62, in parse_url
    raise ValueError("scheme %s is invalid" % scheme)
                                              └ 'https'

ValueError: scheme https is invalid
2026-08-02 19:43:36.169 | ERROR    | app.infrastructure.websocket.client:_run:52 - Websocket failed: scheme https is invalid
Traceback (most recent call last):

  File "C:\Users\pecas\AppData\Local\Python\pythoncore-3.14-64\Lib\threading.py", line 1044, in _bootstrap
    self._bootstrap_inner()
    │    └ <function Thread._bootstrap_inner at 0x00000225CAAEEE50>
    └ <Thread(Thread-2 (_run), started 2580)>
  File "C:\Users\pecas\AppData\Local\Python\pythoncore-3.14-64\Lib\threading.py", line 1082, in _bootstrap_inner
    self._context.run(self.run)
    │    │        │   │    └ <function Thread.run at 0x00000225CAAEEAE0>
    │    │        │   └ <Thread(Thread-2 (_run), started 2580)>
    │    │        └ <method 'run' of '_contextvars.Context' objects>
    │    └ <_contextvars.Context object at 0x00000225CD916FC0>
    └ <Thread(Thread-2 (_run), started 2580)>
  File "C:\Users\pecas\AppData\Local\Python\pythoncore-3.14-64\Lib\threading.py", line 1024, in run
    self._target(*self._args, **self._kwargs)
    │    │        │    │        │    └ {}
    │    │        │    │        └ <Thread(Thread-2 (_run), started 2580)>
    │    │        │    └ ()
    │    │        └ <Thread(Thread-2 (_run), started 2580)>
    │    └ <bound method WebSocketClient._run of <app.infrastructure.websocket.client.WebSocketClient object at 0x00000225CD9A96A0>>
    └ <Thread(Thread-2 (_run), started 2580)>

> File "C:\Users\pecas\OneDrive\Área de Trabalho\print gsn\app\infrastructure\websocket\client.py", line 48, in _run
    self._ws = websocket.create_connection(self._settings.server_url, timeout=5)
    │    │     │         │                 │    │         └ <member 'server_url' of 'Settings' objects>
    │    │     │         │                 │    └ Settings(server_url='https://localhost', token='demo-token', computer_name='GSN-PRINT', heartbeat_interval_seconds=30, auto_r...
    │    │     │         │                 └ <app.infrastructure.websocket.client.WebSocketClient object at 0x00000225CD9A96A0>
    │    │     │         └ <function create_connection at 0x00000225CDABC300>
    │    │     └ <module 'websocket' from 'C:\\Users\\pecas\\AppData\\Local\\Python\\pythoncore-3.14-64\\Lib\\site-packages\\websocket\\__init...
    │    └ None
    └ <app.infrastructure.websocket.client.WebSocketClient object at 0x00000225CD9A96A0>

  File "C:\Users\pecas\AppData\Local\Python\pythoncore-3.14-64\Lib\site-packages\websocket\_core.py", line 664, in create_connection
    websock.connect(url, **options)
    │       │       │      └ {}
    │       │       └ 'https://localhost'
    │       └ <function WebSocket.connect at 0x00000225CDAB6CF0>
    └ <websocket._core.WebSocket object at 0x00000225CD8D19D0>
  File "C:\Users\pecas\AppData\Local\Python\pythoncore-3.14-64\Lib\site-packages\websocket\_core.py", line 263, in connect
    self.sock, addrs = connect(
    │    │             └ <function connect at 0x00000225CDAB41A0>
    │    └ None
    └ <websocket._core.WebSocket object at 0x00000225CD8D19D0>
  File "C:\Users\pecas\AppData\Local\Python\pythoncore-3.14-64\Lib\site-packages\websocket\_http.py", line 133, in connect
    hostname, port_from_url, resource, is_secure = parse_url(url)
                                                   │         └ 'https://localhost'
                                                   └ <function parse_url at 0x00000225CDA837F0>
  File "C:\Users\pecas\AppData\Local\Python\pythoncore-3.14-64\Lib\site-packages\websocket\_url.py", line 62, in parse_url
    raise ValueError("scheme %s is invalid" % scheme)
                                              └ 'https'

ValueError: scheme https is invalid
2026-08-02 19:43:41.171 | ERROR    | app.infrastructure.websocket.client:_run:52 - Websocket failed: scheme https is invalid
Traceback (most recent call last):

  File "C:\Users\pecas\AppData\Local\Python\pythoncore-3.14-64\Lib\threading.py", line 1044, in _bootstrap
    self._bootstrap_inner()
    │    └ <function Thread._bootstrap_inner at 0x00000225CAAEEE50>
    └ <Thread(Thread-2 (_run), started 2580)>
  File "C:\Users\pecas\AppData\Local\Python\pythoncore-3.14-64\Lib\threading.py", line 1082, in _bootstrap_inner
    self._context.run(self.run)
    │    │        │   │    └ <function Thread.run at 0x00000225CAAEEAE0>
    │    │        │   └ <Thread(Thread-2 (_run), started 2580)>
    │    │        └ <method 'run' of '_contextvars.Context' objects>
    │    └ <_contextvars.Context object at 0x00000225CD916FC0>
    └ <Thread(Thread-2 (_run), started 2580)>
  File "C:\Users\pecas\AppData\Local\Python\pythoncore-3.14-64\Lib\threading.py", line 1024, in run
    self._target(*self._args, **self._kwargs)
    │    │        │    │        │    └ {}
    │    │        │    │        └ <Thread(Thread-2 (_run), started 2580)>
    │    │        │    └ ()
    │    │        └ <Thread(Thread-2 (_run), started 2580)>
    │    └ <bound method WebSocketClient._run of <app.infrastructure.websocket.client.WebSocketClient object at 0x00000225CD9A96A0>>
    └ <Thread(Thread-2 (_run), started 2580)>

> File "C:\Users\pecas\OneDrive\Área de Trabalho\print gsn\app\infrastructure\websocket\client.py", line 48, in _run
    self._ws = websocket.create_connection(self._settings.server_url, timeout=5)
    │    │     │         │                 │    │         └ <member 'server_url' of 'Settings' objects>
    │    │     │         │                 │    └ Settings(server_url='https://localhost', token='demo-token', computer_name='GSN-PRINT', heartbeat_interval_seconds=30, auto_r...
    │    │     │         │                 └ <app.infrastructure.websocket.client.WebSocketClient object at 0x00000225CD9A96A0>
    │    │     │         └ <function create_connection at 0x00000225CDABC300>
    │    │     └ <module 'websocket' from 'C:\\Users\\pecas\\AppData\\Local\\Python\\pythoncore-3.14-64\\Lib\\site-packages\\websocket\\__init...
    │    └ None
    └ <app.infrastructure.websocket.client.WebSocketClient object at 0x00000225CD9A96A0>

  File "C:\Users\pecas\AppData\Local\Python\pythoncore-3.14-64\Lib\site-packages\websocket\_core.py", line 664, in create_connection
    websock.connect(url, **options)
    │       │       │      └ {}
    │       │       └ 'https://localhost'
    │       └ <function WebSocket.connect at 0x00000225CDAB6CF0>
    └ <websocket._core.WebSocket object at 0x00000225CB262550>
  File "C:\Users\pecas\AppData\Local\Python\pythoncore-3.14-64\Lib\site-packages\websocket\_core.py", line 263, in connect
    self.sock, addrs = connect(
    │    │             └ <function connect at 0x00000225CDAB41A0>
    │    └ None
    └ <websocket._core.WebSocket object at 0x00000225CB262550>
  File "C:\Users\pecas\AppData\Local\Python\pythoncore-3.14-64\Lib\site-packages\websocket\_http.py", line 133, in connect
    hostname, port_from_url, resource, is_secure = parse_url(url)
                                                   │         └ 'https://localhost'
                                                   └ <function parse_url at 0x00000225CDA837F0>
  File "C:\Users\pecas\AppData\Local\Python\pythoncore-3.14-64\Lib\site-packages\websocket\_url.py", line 62, in parse_url
    raise ValueError("scheme %s is invalid" % scheme)
                                              └ 'https'

ValueError: scheme https is invalid
2026-08-02 19:43:46.173 | ERROR    | app.infrastructure.websocket.client:_run:52 - Websocket failed: scheme https is invalid
Traceback (most recent call last):

  File "C:\Users\pecas\AppData\Local\Python\pythoncore-3.14-64\Lib\threading.py", line 1044, in _bootstrap
    self._bootstrap_inner()
    │    └ <function Thread._bootstrap_inner at 0x00000225CAAEEE50>
    └ <Thread(Thread-2 (_run), started 2580)>
  File "C:\Users\pecas\AppData\Local\Python\pythoncore-3.14-64\Lib\threading.py", line 1082, in _bootstrap_inner
    self._context.run(self.run)
    │    │        │   │    └ <function Thread.run at 0x00000225CAAEEAE0>
    │    │        │   └ <Thread(Thread-2 (_run), started 2580)>
    │    │        └ <method 'run' of '_contextvars.Context' objects>
    │    └ <_contextvars.Context object at 0x00000225CD916FC0>
    └ <Thread(Thread-2 (_run), started 2580)>
  File "C:\Users\pecas\AppData\Local\Python\pythoncore-3.14-64\Lib\threading.py", line 1024, in run
    self._target(*self._args, **self._kwargs)
    │    │        │    │        │    └ {}
    │    │        │    │        └ <Thread(Thread-2 (_run), started 2580)>
    │    │        │    └ ()
    │    │        └ <Thread(Thread-2 (_run), started 2580)>
    │    └ <bound method WebSocketClient._run of <app.infrastructure.websocket.client.WebSocketClient object at 0x00000225CD9A96A0>>
    └ <Thread(Thread-2 (_run), started 2580)>

> File "C:\Users\pecas\OneDrive\Área de Trabalho\print gsn\app\infrastructure\websocket\client.py", line 48, in _run
    self._ws = websocket.create_connection(self._settings.server_url, timeout=5)
    │    │     │         │                 │    │         └ <member 'server_url' of 'Settings' objects>
    │    │     │         │                 │    └ Settings(server_url='https://localhost', token='demo-token', computer_name='GSN-PRINT', heartbeat_interval_seconds=30, auto_r...
    │    │     │         │                 └ <app.infrastructure.websocket.client.WebSocketClient object at 0x00000225CD9A96A0>
    │    │     │         └ <function create_connection at 0x00000225CDABC300>
    │    │     └ <module 'websocket' from 'C:\\Users\\pecas\\AppData\\Local\\Python\\pythoncore-3.14-64\\Lib\\site-packages\\websocket\\__init...
    │    └ None
    └ <app.infrastructure.websocket.client.WebSocketClient object at 0x00000225CD9A96A0>

  File "C:\Users\pecas\AppData\Local\Python\pythoncore-3.14-64\Lib\site-packages\websocket\_core.py", line 664, in create_connection
    websock.connect(url, **options)
    │       │       │      └ {}
    │       │       └ 'https://localhost'
    │       └ <function WebSocket.connect at 0x00000225CDAB6CF0>
    └ <websocket._core.WebSocket object at 0x00000225CD80D550>
  File "C:\Users\pecas\AppData\Local\Python\pythoncore-3.14-64\Lib\site-packages\websocket\_core.py", line 263, in connect
    self.sock, addrs = connect(
    │    │             └ <function connect at 0x00000225CDAB41A0>
    │    └ None
    └ <websocket._core.WebSocket object at 0x00000225CD80D550>
  File "C:\Users\pecas\AppData\Local\Python\pythoncore-3.14-64\Lib\site-packages\websocket\_http.py", line 133, in connect
    hostname, port_from_url, resource, is_secure = parse_url(url)
                                                   │         └ 'https://localhost'
                                                   └ <function parse_url at 0x00000225CDA837F0>
  File "C:\Users\pecas\AppData\Local\Python\pythoncore-3.14-64\Lib\site-packages\websocket\_url.py", line 62, in parse_url
    raise ValueError("scheme %s is invalid" % scheme)
                                              └ 'https'

ValueError: scheme https is invalid
2026-08-02 19:43:51.175 | ERROR    | app.infrastructure.websocket.client:_run:52 - Websocket failed: scheme https is invalid
Traceback (most recent call last):

  File "C:\Users\pecas\AppData\Local\Python\pythoncore-3.14-64\Lib\threading.py", line 1044, in _bootstrap
    self._bootstrap_inner()
    │    └ <function Thread._bootstrap_inner at 0x00000225CAAEEE50>
    └ <Thread(Thread-2 (_run), started 2580)>
  File "C:\Users\pecas\AppData\Local\Python\pythoncore-3.14-64\Lib\threading.py", line 1082, in _bootstrap_inner
    self._context.run(self.run)
    │    │        │   │    └ <function Thread.run at 0x00000225CAAEEAE0>
    │    │        │   └ <Thread(Thread-2 (_run), started 2580)>
    │    │        └ <method 'run' of '_contextvars.Context' objects>
    │    └ <_contextvars.Context object at 0x00000225CD916FC0>
    └ <Thread(Thread-2 (_run), started 2580)>
  File "C:\Users\pecas\AppData\Local\Python\pythoncore-3.14-64\Lib\threading.py", line 1024, in run
    self._target(*self._args, **self._kwargs)
    │    │        │    │        │    └ {}
    │    │        │    │        └ <Thread(Thread-2 (_run), started 2580)>
    │    │        │    └ ()
    │    │        └ <Thread(Thread-2 (_run), started 2580)>
    │    └ <bound method WebSocketClient._run of <app.infrastructure.websocket.client.WebSocketClient object at 0x00000225CD9A96A0>>
    └ <Thread(Thread-2 (_run), started 2580)>

> File "C:\Users\pecas\OneDrive\Área de Trabalho\print gsn\app\infrastructure\websocket\client.py", line 48, in _run
    self._ws = websocket.create_connection(self._settings.server_url, timeout=5)
    │    │     │         │                 │    │         └ <member 'server_url' of 'Settings' objects>
    │    │     │         │                 │    └ Settings(server_url='https://localhost', token='demo-token', computer_name='GSN-PRINT', heartbeat_interval_seconds=30, auto_r...
    │    │     │         │                 └ <app.infrastructure.websocket.client.WebSocketClient object at 0x00000225CD9A96A0>
    │    │     │         └ <function create_connection at 0x00000225CDABC300>
    │    │     └ <module 'websocket' from 'C:\\Users\\pecas\\AppData\\Local\\Python\\pythoncore-3.14-64\\Lib\\site-packages\\websocket\\__init...
    │    └ None
    └ <app.infrastructure.websocket.client.WebSocketClient object at 0x00000225CD9A96A0>

  File "C:\Users\pecas\AppData\Local\Python\pythoncore-3.14-64\Lib\site-packages\websocket\_core.py", line 664, in create_connection
    websock.connect(url, **options)
    │       │       │      └ {}
    │       │       └ 'https://localhost'
    │       └ <function WebSocket.connect at 0x00000225CDAB6CF0>
    └ <websocket._core.WebSocket object at 0x00000225CDB24B90>
  File "C:\Users\pecas\AppData\Local\Python\pythoncore-3.14-64\Lib\site-packages\websocket\_core.py", line 263, in connect
    self.sock, addrs = connect(
    │    │             └ <function connect at 0x00000225CDAB41A0>
    │    └ None
    └ <websocket._core.WebSocket object at 0x00000225CDB24B90>
  File "C:\Users\pecas\AppData\Local\Python\pythoncore-3.14-64\Lib\site-packages\websocket\_http.py", line 133, in connect
    hostname, port_from_url, resource, is_secure = parse_url(url)
                                                   │         └ 'https://localhost'
                                                   └ <function parse_url at 0x00000225CDA837F0>
  File "C:\Users\pecas\AppData\Local\Python\pythoncore-3.14-64\Lib\site-packages\websocket\_url.py", line 62, in parse_url
    raise ValueError("scheme %s is invalid" % scheme)
                                              └ 'https'

ValueError: scheme https is invalid
2026-08-02 19:43:56.178 | ERROR    | app.infrastructure.websocket.client:_run:52 - Websocket failed: scheme https is invalid
Traceback (most recent call last):

  File "C:\Users\pecas\AppData\Local\Python\pythoncore-3.14-64\Lib\threading.py", line 1044, in _bootstrap
    self._bootstrap_inner()
    │    └ <function Thread._bootstrap_inner at 0x00000225CAAEEE50>
    └ <Thread(Thread-2 (_run), started 2580)>
  File "C:\Users\pecas\AppData\Local\Python\pythoncore-3.14-64\Lib\threading.py", line 1082, in _bootstrap_inner
    self._context.run(self.run)
    │    │        │   │    └ <function Thread.run at 0x00000225CAAEEAE0>
    │    │        │   └ <Thread(Thread-2 (_run), started 2580)>
    │    │        └ <method 'run' of '_contextvars.Context' objects>
    │    └ <_contextvars.Context object at 0x00000225CD916FC0>
    └ <Thread(Thread-2 (_run), started 2580)>
  File "C:\Users\pecas\AppData\Local\Python\pythoncore-3.14-64\Lib\threading.py", line 1024, in run
    self._target(*self._args, **self._kwargs)
    │    │        │    │        │    └ {}
    │    │        │    │        └ <Thread(Thread-2 (_run), started 2580)>
    │    │        │    └ ()
    │    │        └ <Thread(Thread-2 (_run), started 2580)>
    │    └ <bound method WebSocketClient._run of <app.infrastructure.websocket.client.WebSocketClient object at 0x00000225CD9A96A0>>
    └ <Thread(Thread-2 (_run), started 2580)>

> File "C:\Users\pecas\OneDrive\Área de Trabalho\print gsn\app\infrastructure\websocket\client.py", line 48, in _run
    self._ws = websocket.create_connection(self._settings.server_url, timeout=5)
    │    │     │         │                 │    │         └ <member 'server_url' of 'Settings' objects>
    │    │     │         │                 │    └ Settings(server_url='https://localhost', token='demo-token', computer_name='GSN-PRINT', heartbeat_interval_seconds=30, auto_r...
    │    │     │         │                 └ <app.infrastructure.websocket.client.WebSocketClient object at 0x00000225CD9A96A0>
    │    │     │         └ <function create_connection at 0x00000225CDABC300>
    │    │     └ <module 'websocket' from 'C:\\Users\\pecas\\AppData\\Local\\Python\\pythoncore-3.14-64\\Lib\\site-packages\\websocket\\__init...
    │    └ None
    └ <app.infrastructure.websocket.client.WebSocketClient object at 0x00000225CD9A96A0>

  File "C:\Users\pecas\AppData\Local\Python\pythoncore-3.14-64\Lib\site-packages\websocket\_core.py", line 664, in create_connection
    websock.connect(url, **options)
    │       │       │      └ {}
    │       │       └ 'https://localhost'
    │       └ <function WebSocket.connect at 0x00000225CDAB6CF0>
    └ <websocket._core.WebSocket object at 0x00000225CDB24F50>
  File "C:\Users\pecas\AppData\Local\Python\pythoncore-3.14-64\Lib\site-packages\websocket\_core.py", line 263, in connect
    self.sock, addrs = connect(
    │    │             └ <function connect at 0x00000225CDAB41A0>
    │    └ None
    └ <websocket._core.WebSocket object at 0x00000225CDB24F50>
  File "C:\Users\pecas\AppData\Local\Python\pythoncore-3.14-64\Lib\site-packages\websocket\_http.py", line 133, in connect
    hostname, port_from_url, resource, is_secure = parse_url(url)
                                                   │         └ 'https://localhost'
                                                   └ <function parse_url at 0x00000225CDA837F0>
  File "C:\Users\pecas\AppData\Local\Python\pythoncore-3.14-64\Lib\site-packages\websocket\_url.py", line 62, in parse_url
    raise ValueError("scheme %s is invalid" % scheme)
                                              └ 'https'

ValueError: scheme https is invalid
2026-08-02 19:44:01.180 | ERROR    | app.infrastructure.websocket.client:_run:52 - Websocket failed: scheme https is invalid
Traceback (most recent call last):

  File "C:\Users\pecas\AppData\Local\Python\pythoncore-3.14-64\Lib\threading.py", line 1044, in _bootstrap
    self._bootstrap_inner()
    │    └ <function Thread._bootstrap_inner at 0x00000225CAAEEE50>
    └ <Thread(Thread-2 (_run), started 2580)>
  File "C:\Users\pecas\AppData\Local\Python\pythoncore-3.14-64\Lib\threading.py", line 1082, in _bootstrap_inner
    self._context.run(self.run)
    │    │        │   │    └ <function Thread.run at 0x00000225CAAEEAE0>
    │    │        │   └ <Thread(Thread-2 (_run), started 2580)>
    │    │        └ <method 'run' of '_contextvars.Context' objects>
    │    └ <_contextvars.Context object at 0x00000225CD916FC0>
    └ <Thread(Thread-2 (_run), started 2580)>
  File "C:\Users\pecas\AppData\Local\Python\pythoncore-3.14-64\Lib\threading.py", line 1024, in run
    self._target(*self._args, **self._kwargs)
    │    │        │    │        │    └ {}
    │    │        │    │        └ <Thread(Thread-2 (_run), started 2580)>
    │    │        │    └ ()
    │    │        └ <Thread(Thread-2 (_run), started 2580)>
    │    └ <bound method WebSocketClient._run of <app.infrastructure.websocket.client.WebSocketClient object at 0x00000225CD9A96A0>>
    └ <Thread(Thread-2 (_run), started 2580)>

> File "C:\Users\pecas\OneDrive\Área de Trabalho\print gsn\app\infrastructure\websocket\client.py", line 48, in _run
    self._ws = websocket.create_connection(self._settings.server_url, timeout=5)
    │    │     │         │                 │    │         └ <member 'server_url' of 'Settings' objects>
    │    │     │         │                 │    └ Settings(server_url='https://localhost', token='demo-token', computer_name='GSN-PRINT', heartbeat_interval_seconds=30, auto_r...
    │    │     │         │                 └ <app.infrastructure.websocket.client.WebSocketClient object at 0x00000225CD9A96A0>
    │    │     │         └ <function create_connection at 0x00000225CDABC300>
    │    │     └ <module 'websocket' from 'C:\\Users\\pecas\\AppData\\Local\\Python\\pythoncore-3.14-64\\Lib\\site-packages\\websocket\\__init...
    │    └ None
    └ <app.infrastructure.websocket.client.WebSocketClient object at 0x00000225CD9A96A0>

  File "C:\Users\pecas\AppData\Local\Python\pythoncore-3.14-64\Lib\site-packages\websocket\_core.py", line 664, in create_connection
    websock.connect(url, **options)
    │       │       │      └ {}
    │       │       └ 'https://localhost'
    │       └ <function WebSocket.connect at 0x00000225CDAB6CF0>
    └ <websocket._core.WebSocket object at 0x00000225CD7AE890>
  File "C:\Users\pecas\AppData\Local\Python\pythoncore-3.14-64\Lib\site-packages\websocket\_core.py", line 263, in connect
    self.sock, addrs = connect(
    │    │             └ <function connect at 0x00000225CDAB41A0>
    │    └ None
    └ <websocket._core.WebSocket object at 0x00000225CD7AE890>
  File "C:\Users\pecas\AppData\Local\Python\pythoncore-3.14-64\Lib\site-packages\websocket\_http.py", line 133, in connect
    hostname, port_from_url, resource, is_secure = parse_url(url)
                                                   │         └ 'https://localhost'
                                                   └ <function parse_url at 0x00000225CDA837F0>
  File "C:\Users\pecas\AppData\Local\Python\pythoncore-3.14-64\Lib\site-packages\websocket\_url.py", line 62, in parse_url
    raise ValueError("scheme %s is invalid" % scheme)
                                              └ 'https'

ValueError: scheme https is invalid
2026-08-02 19:44:06.182 | ERROR    | app.infrastructure.websocket.client:_run:52 - Websocket failed: scheme https is invalid
Traceback (most recent call last):

  File "C:\Users\pecas\AppData\Local\Python\pythoncore-3.14-64\Lib\threading.py", line 1044, in _bootstrap
    self._bootstrap_inner()
    │    └ <function Thread._bootstrap_inner at 0x00000225CAAEEE50>
    └ <Thread(Thread-2 (_run), started 2580)>
  File "C:\Users\pecas\AppData\Local\Python\pythoncore-3.14-64\Lib\threading.py", line 1082, in _bootstrap_inner
    self._context.run(self.run)
    │    │        │   │    └ <function Thread.run at 0x00000225CAAEEAE0>
    │    │        │   └ <Thread(Thread-2 (_run), started 2580)>
    │    │        └ <method 'run' of '_contextvars.Context' objects>
    │    └ <_contextvars.Context object at 0x00000225CD916FC0>
    └ <Thread(Thread-2 (_run), started 2580)>
  File "C:\Users\pecas\AppData\Local\Python\pythoncore-3.14-64\Lib\threading.py", line 1024, in run
    self._target(*self._args, **self._kwargs)
    │    │        │    │        │    └ {}
    │    │        │    │        └ <Thread(Thread-2 (_run), started 2580)>
    │    │        │    └ ()
    │    │        └ <Thread(Thread-2 (_run), started 2580)>
    │    └ <bound method WebSocketClient._run of <app.infrastructure.websocket.client.WebSocketClient object at 0x00000225CD9A96A0>>
    └ <Thread(Thread-2 (_run), started 2580)>

> File "C:\Users\pecas\OneDrive\Área de Trabalho\print gsn\app\infrastructure\websocket\client.py", line 48, in _run
    self._ws = websocket.create_connection(self._settings.server_url, timeout=5)
    │    │     │         │                 │    │         └ <member 'server_url' of 'Settings' objects>
    │    │     │         │                 │    └ Settings(server_url='https://localhost', token='demo-token', computer_name='GSN-PRINT', heartbeat_interval_seconds=30, auto_r...
    │    │     │         │                 └ <app.infrastructure.websocket.client.WebSocketClient object at 0x00000225CD9A96A0>
    │    │     │         └ <function create_connection at 0x00000225CDABC300>
    │    │     └ <module 'websocket' from 'C:\\Users\\pecas\\AppData\\Local\\Python\\pythoncore-3.14-64\\Lib\\site-packages\\websocket\\__init...
    │    └ None
    └ <app.infrastructure.websocket.client.WebSocketClient object at 0x00000225CD9A96A0>

  File "C:\Users\pecas\AppData\Local\Python\pythoncore-3.14-64\Lib\site-packages\websocket\_core.py", line 664, in create_connection
    websock.connect(url, **options)
    │       │       │      └ {}
    │       │       └ 'https://localhost'
    │       └ <function WebSocket.connect at 0x00000225CDAB6CF0>
    └ <websocket._core.WebSocket object at 0x00000225CDA17310>
  File "C:\Users\pecas\AppData\Local\Python\pythoncore-3.14-64\Lib\site-packages\websocket\_core.py", line 263, in connect
    self.sock, addrs = connect(
    │    │             └ <function connect at 0x00000225CDAB41A0>
    │    └ None
    └ <websocket._core.WebSocket object at 0x00000225CDA17310>
  File "C:\Users\pecas\AppData\Local\Python\pythoncore-3.14-64\Lib\site-packages\websocket\_http.py", line 133, in connect
    hostname, port_from_url, resource, is_secure = parse_url(url)
                                                   │         └ 'https://localhost'
                                                   └ <function parse_url at 0x00000225CDA837F0>
  File "C:\Users\pecas\AppData\Local\Python\pythoncore-3.14-64\Lib\site-packages\websocket\_url.py", line 62, in parse_url
    raise ValueError("scheme %s is invalid" % scheme)
                                              └ 'https'

ValueError: scheme https is invalid
2026-08-02 19:44:11.185 | ERROR    | app.infrastructure.websocket.client:_run:52 - Websocket failed: scheme https is invalid
Traceback (most recent call last):

  File "C:\Users\pecas\AppData\Local\Python\pythoncore-3.14-64\Lib\threading.py", line 1044, in _bootstrap
    self._bootstrap_inner()
    │    └ <function Thread._bootstrap_inner at 0x00000225CAAEEE50>
    └ <Thread(Thread-2 (_run), started 2580)>
  File "C:\Users\pecas\AppData\Local\Python\pythoncore-3.14-64\Lib\threading.py", line 1082, in _bootstrap_inner
    self._context.run(self.run)
    │    │        │   │    └ <function Thread.run at 0x00000225CAAEEAE0>
    │    │        │   └ <Thread(Thread-2 (_run), started 2580)>
    │    │        └ <method 'run' of '_contextvars.Context' objects>
    │    └ <_contextvars.Context object at 0x00000225CD916FC0>
    └ <Thread(Thread-2 (_run), started 2580)>
  File "C:\Users\pecas\AppData\Local\Python\pythoncore-3.14-64\Lib\threading.py", line 1024, in run
    self._target(*self._args, **self._kwargs)
    │    │        │    │        │    └ {}
    │    │        │    │        └ <Thread(Thread-2 (_run), started 2580)>
    │    │        │    └ ()
    │    │        └ <Thread(Thread-2 (_run), started 2580)>
    │    └ <bound method WebSocketClient._run of <app.infrastructure.websocket.client.WebSocketClient object at 0x00000225CD9A96A0>>
    └ <Thread(Thread-2 (_run), started 2580)>

> File "C:\Users\pecas\OneDrive\Área de Trabalho\print gsn\app\infrastructure\websocket\client.py", line 48, in _run
    self._ws = websocket.create_connection(self._settings.server_url, timeout=5)
    │    │     │         │                 │    │         └ <member 'server_url' of 'Settings' objects>
    │    │     │         │                 │    └ Settings(server_url='https://localhost', token='demo-token', computer_name='GSN-PRINT', heartbeat_interval_seconds=30, auto_r...
    │    │     │         │                 └ <app.infrastructure.websocket.client.WebSocketClient object at 0x00000225CD9A96A0>
    │    │     │         └ <function create_connection at 0x00000225CDABC300>
    │    │     └ <module 'websocket' from 'C:\\Users\\pecas\\AppData\\Local\\Python\\pythoncore-3.14-64\\Lib\\site-packages\\websocket\\__init...
    │    └ None
    └ <app.infrastructure.websocket.client.WebSocketClient object at 0x00000225CD9A96A0>

  File "C:\Users\pecas\AppData\Local\Python\pythoncore-3.14-64\Lib\site-packages\websocket\_core.py", line 664, in create_connection
    websock.connect(url, **options)
    │       │       │      └ {}
    │       │       └ 'https://localhost'
    │       └ <function WebSocket.connect at 0x00000225CDAB6CF0>
    └ <websocket._core.WebSocket object at 0x00000225CD9A7450>
  File "C:\Users\pecas\AppData\Local\Python\pythoncore-3.14-64\Lib\site-packages\websocket\_core.py", line 263, in connect
    self.sock, addrs = connect(
    │    │             └ <function connect at 0x00000225CDAB41A0>
    │    └ None
    └ <websocket._core.WebSocket object at 0x00000225CD9A7450>
  File "C:\Users\pecas\AppData\Local\Python\pythoncore-3.14-64\Lib\site-packages\websocket\_http.py", line 133, in connect
    hostname, port_from_url, resource, is_secure = parse_url(url)
                                                   │         └ 'https://localhost'
                                                   └ <function parse_url at 0x00000225CDA837F0>
  File "C:\Users\pecas\AppData\Local\Python\pythoncore-3.14-64\Lib\site-packages\websocket\_url.py", line 62, in parse_url
    raise ValueError("scheme %s is invalid" % scheme)
                                              └ 'https'

ValueError: scheme https is invalid
2026-08-02 19:44:16.187 | ERROR    | app.infrastructure.websocket.client:_run:52 - Websocket failed: scheme https is invalid
Traceback (most recent call last):

  File "C:\Users\pecas\AppData\Local\Python\pythoncore-3.14-64\Lib\threading.py", line 1044, in _bootstrap
    self._bootstrap_inner()
    │    └ <function Thread._bootstrap_inner at 0x00000225CAAEEE50>
    └ <Thread(Thread-2 (_run), started 2580)>
  File "C:\Users\pecas\AppData\Local\Python\pythoncore-3.14-64\Lib\threading.py", line 1082, in _bootstrap_inner
    self._context.run(self.run)
    │    │        │   │    └ <function Thread.run at 0x00000225CAAEEAE0>
    │    │        │   └ <Thread(Thread-2 (_run), started 2580)>
    │    │        └ <method 'run' of '_contextvars.Context' objects>
    │    └ <_contextvars.Context object at 0x00000225CD916FC0>
    └ <Thread(Thread-2 (_run), started 2580)>
  File "C:\Users\pecas\AppData\Local\Python\pythoncore-3.14-64\Lib\threading.py", line 1024, in run
    self._target(*self._args, **self._kwargs)
    │    │        │    │        │    └ {}
    │    │        │    │        └ <Thread(Thread-2 (_run), started 2580)>
    │    │        │    └ ()
    │    │        └ <Thread(Thread-2 (_run), started 2580)>
    │    └ <bound method WebSocketClient._run of <app.infrastructure.websocket.client.WebSocketClient object at 0x00000225CD9A96A0>>
    └ <Thread(Thread-2 (_run), started 2580)>

> File "C:\Users\pecas\OneDrive\Área de Trabalho\print gsn\app\infrastructure\websocket\client.py", line 48, in _run
    self._ws = websocket.create_connection(self._settings.server_url, timeout=5)
    │    │     │         │                 │    │         └ <member 'server_url' of 'Settings' objects>
    │    │     │         │                 │    └ Settings(server_url='https://localhost', token='demo-token', computer_name='GSN-PRINT', heartbeat_interval_seconds=30, auto_r...
    │    │     │         │                 └ <app.infrastructure.websocket.client.WebSocketClient object at 0x00000225CD9A96A0>
    │    │     │         └ <function create_connection at 0x00000225CDABC300>
    │    │     └ <module 'websocket' from 'C:\\Users\\pecas\\AppData\\Local\\Python\\pythoncore-3.14-64\\Lib\\site-packages\\websocket\\__init...
    │    └ None
    └ <app.infrastructure.websocket.client.WebSocketClient object at 0x00000225CD9A96A0>

  File "C:\Users\pecas\AppData\Local\Python\pythoncore-3.14-64\Lib\site-packages\websocket\_core.py", line 664, in create_connection
    websock.connect(url, **options)
    │       │       │      └ {}
    │       │       └ 'https://localhost'
    │       └ <function WebSocket.connect at 0x00000225CDAB6CF0>
    └ <websocket._core.WebSocket object at 0x00000225CB2A4110>
  File "C:\Users\pecas\AppData\Local\Python\pythoncore-3.14-64\Lib\site-packages\websocket\_core.py", line 263, in connect
    self.sock, addrs = connect(
    │    │             └ <function connect at 0x00000225CDAB41A0>
    │    └ None
    └ <websocket._core.WebSocket object at 0x00000225CB2A4110>
  File "C:\Users\pecas\AppData\Local\Python\pythoncore-3.14-64\Lib\site-packages\websocket\_http.py", line 133, in connect
    hostname, port_from_url, resource, is_secure = parse_url(url)
                                                   │         └ 'https://localhost'
                                                   └ <function parse_url at 0x00000225CDA837F0>
  File "C:\Users\pecas\AppData\Local\Python\pythoncore-3.14-64\Lib\site-packages\websocket\_url.py", line 62, in parse_url
    raise ValueError("scheme %s is invalid" % scheme)
                                              └ 'https'

ValueError: scheme https is invalid
2026-08-02 19:44:21.189 | ERROR    | app.infrastructure.websocket.client:_run:52 - Websocket failed: scheme https is invalid
Traceback (most recent call last):

  File "C:\Users\pecas\AppData\Local\Python\pythoncore-3.14-64\Lib\threading.py", line 1044, in _bootstrap
    self._bootstrap_inner()
    │    └ <function Thread._bootstrap_inner at 0x00000225CAAEEE50>
    └ <Thread(Thread-2 (_run), started 2580)>
  File "C:\Users\pecas\AppData\Local\Python\pythoncore-3.14-64\Lib\threading.py", line 1082, in _bootstrap_inner
    self._context.run(self.run)
    │    │        │   │    └ <function Thread.run at 0x00000225CAAEEAE0>
    │    │        │   └ <Thread(Thread-2 (_run), started 2580)>
    │    │        └ <method 'run' of '_contextvars.Context' objects>
    │    └ <_contextvars.Context object at 0x00000225CD916FC0>
    └ <Thread(Thread-2 (_run), started 2580)>
  File "C:\Users\pecas\AppData\Local\Python\pythoncore-3.14-64\Lib\threading.py", line 1024, in run
    self._target(*self._args, **self._kwargs)
    │    │        │    │        │    └ {}
    │    │        │    │        └ <Thread(Thread-2 (_run), started 2580)>
    │    │        │    └ ()
    │    │        └ <Thread(Thread-2 (_run), started 2580)>
    │    └ <bound method WebSocketClient._run of <app.infrastructure.websocket.client.WebSocketClient object at 0x00000225CD9A96A0>>
    └ <Thread(Thread-2 (_run), started 2580)>

> File "C:\Users\pecas\OneDrive\Área de Trabalho\print gsn\app\infrastructure\websocket\client.py", line 48, in _run
    self._ws = websocket.create_connection(self._settings.server_url, timeout=5)
    │    │     │         │                 │    │         └ <member 'server_url' of 'Settings' objects>
    │    │     │         │                 │    └ Settings(server_url='https://localhost', token='demo-token', computer_name='GSN-PRINT', heartbeat_interval_seconds=30, auto_r...
    │    │     │         │                 └ <app.infrastructure.websocket.client.WebSocketClient object at 0x00000225CD9A96A0>
    │    │     │         └ <function create_connection at 0x00000225CDABC300>
    │    │     └ <module 'websocket' from 'C:\\Users\\pecas\\AppData\\Local\\Python\\pythoncore-3.14-64\\Lib\\site-packages\\websocket\\__init...
    │    └ None
    └ <app.infrastructure.websocket.client.WebSocketClient object at 0x00000225CD9A96A0>

  File "C:\Users\pecas\AppData\Local\Python\pythoncore-3.14-64\Lib\site-packages\websocket\_core.py", line 664, in create_connection
    websock.connect(url, **options)
    │       │       │      └ {}
    │       │       └ 'https://localhost'
    │       └ <function WebSocket.connect at 0x00000225CDAB6CF0>
    └ <websocket._core.WebSocket object at 0x00000225CD970410>
  File "C:\Users\pecas\AppData\Local\Python\pythoncore-3.14-64\Lib\site-packages\websocket\_core.py", line 263, in connect
    self.sock, addrs = connect(
    │    │             └ <function connect at 0x00000225CDAB41A0>
    │    └ None
    └ <websocket._core.WebSocket object at 0x00000225CD970410>
  File "C:\Users\pecas\AppData\Local\Python\pythoncore-3.14-64\Lib\site-packages\websocket\_http.py", line 133, in connect
    hostname, port_from_url, resource, is_secure = parse_url(url)
                                                   │         └ 'https://localhost'
                                                   └ <function parse_url at 0x00000225CDA837F0>
  File "C:\Users\pecas\AppData\Local\Python\pythoncore-3.14-64\Lib\site-packages\websocket\_url.py", line 62, in parse_url
    raise ValueError("scheme %s is invalid" % scheme)
                                              └ 'https'

ValueError: scheme https is invalid
2026-08-02 19:44:26.191 | ERROR    | app.infrastructure.websocket.client:_run:52 - Websocket failed: scheme https is invalid
Traceback (most recent call last):

  File "C:\Users\pecas\AppData\Local\Python\pythoncore-3.14-64\Lib\threading.py", line 1044, in _bootstrap
    self._bootstrap_inner()
    │    └ <function Thread._bootstrap_inner at 0x00000225CAAEEE50>
    └ <Thread(Thread-2 (_run), started 2580)>
  File "C:\Users\pecas\AppData\Local\Python\pythoncore-3.14-64\Lib\threading.py", line 1082, in _bootstrap_inner
    self._context.run(self.run)
    │    │        │   │    └ <function Thread.run at 0x00000225CAAEEAE0>
    │    │        │   └ <Thread(Thread-2 (_run), started 2580)>
    │    │        └ <method 'run' of '_contextvars.Context' objects>
    │    └ <_contextvars.Context object at 0x00000225CD916FC0>
    └ <Thread(Thread-2 (_run), started 2580)>
  File "C:\Users\pecas\AppData\Local\Python\pythoncore-3.14-64\Lib\threading.py", line 1024, in run
    self._target(*self._args, **self._kwargs)
    │    │        │    │        │    └ {}
    │    │        │    │        └ <Thread(Thread-2 (_run), started 2580)>
    │    │        │    └ ()
    │    │        └ <Thread(Thread-2 (_run), started 2580)>
    │    └ <bound method WebSocketClient._run of <app.infrastructure.websocket.client.WebSocketClient object at 0x00000225CD9A96A0>>
    └ <Thread(Thread-2 (_run), started 2580)>

> File "C:\Users\pecas\OneDrive\Área de Trabalho\print gsn\app\infrastructure\websocket\client.py", line 48, in _run
    self._ws = websocket.create_connection(self._settings.server_url, timeout=5)
    │    │     │         │                 │    │         └ <member 'server_url' of 'Settings' objects>
    │    │     │         │                 │    └ Settings(server_url='https://localhost', token='demo-token', computer_name='GSN-PRINT', heartbeat_interval_seconds=30, auto_r...
    │    │     │         │                 └ <app.infrastructure.websocket.client.WebSocketClient object at 0x00000225CD9A96A0>
    │    │     │         └ <function create_connection at 0x00000225CDABC300>
    │    │     └ <module 'websocket' from 'C:\\Users\\pecas\\AppData\\Local\\Python\\pythoncore-3.14-64\\Lib\\site-packages\\websocket\\__init...
    │    └ None
    └ <app.infrastructure.websocket.client.WebSocketClient object at 0x00000225CD9A96A0>

  File "C:\Users\pecas\AppData\Local\Python\pythoncore-3.14-64\Lib\site-packages\websocket\_core.py", line 664, in create_connection
    websock.connect(url, **options)
    │       │       │      └ {}
    │       │       └ 'https://localhost'
    │       └ <function WebSocket.connect at 0x00000225CDAB6CF0>
    └ <websocket._core.WebSocket object at 0x00000225C9F5FAC0>
  File "C:\Users\pecas\AppData\Local\Python\pythoncore-3.14-64\Lib\site-packages\websocket\_core.py", line 263, in connect
    self.sock, addrs = connect(
    │    │             └ <function connect at 0x00000225CDAB41A0>
    │    └ None
    └ <websocket._core.WebSocket object at 0x00000225C9F5FAC0>
  File "C:\Users\pecas\AppData\Local\Python\pythoncore-3.14-64\Lib\site-packages\websocket\_http.py", line 133, in connect
    hostname, port_from_url, resource, is_secure = parse_url(url)
                                                   │         └ 'https://localhost'
                                                   └ <function parse_url at 0x00000225CDA837F0>
  File "C:\Users\pecas\AppData\Local\Python\pythoncore-3.14-64\Lib\site-packages\websocket\_url.py", line 62, in parse_url
    raise ValueError("scheme %s is invalid" % scheme)
                                              └ 'https'

ValueError: scheme https is invalid
2026-08-02 19:44:31.194 | ERROR    | app.infrastructure.websocket.client:_run:52 - Websocket failed: scheme https is invalid
Traceback (most recent call last):

  File "C:\Users\pecas\AppData\Local\Python\pythoncore-3.14-64\Lib\threading.py", line 1044, in _bootstrap
    self._bootstrap_inner()
    │    └ <function Thread._bootstrap_inner at 0x00000225CAAEEE50>
    └ <Thread(Thread-2 (_run), started 2580)>
  File "C:\Users\pecas\AppData\Local\Python\pythoncore-3.14-64\Lib\threading.py", line 1082, in _bootstrap_inner
    self._context.run(self.run)
    │    │        │   │    └ <function Thread.run at 0x00000225CAAEEAE0>
    │    │        │   └ <Thread(Thread-2 (_run), started 2580)>
    │    │        └ <method 'run' of '_contextvars.Context' objects>
    │    └ <_contextvars.Context object at 0x00000225CD916FC0>
    └ <Thread(Thread-2 (_run), started 2580)>
  File "C:\Users\pecas\AppData\Local\Python\pythoncore-3.14-64\Lib\threading.py", line 1024, in run
    self._target(*self._args, **self._kwargs)
    │    │        │    │        │    └ {}
    │    │        │    │        └ <Thread(Thread-2 (_run), started 2580)>
    │    │        │    └ ()
    │    │        └ <Thread(Thread-2 (_run), started 2580)>
    │    └ <bound method WebSocketClient._run of <app.infrastructure.websocket.client.WebSocketClient object at 0x00000225CD9A96A0>>
    └ <Thread(Thread-2 (_run), started 2580)>

> File "C:\Users\pecas\OneDrive\Área de Trabalho\print gsn\app\infrastructure\websocket\client.py", line 48, in _run
    self._ws = websocket.create_connection(self._settings.server_url, timeout=5)
    │    │     │         │                 │    │         └ <member 'server_url' of 'Settings' objects>
    │    │     │         │                 │    └ Settings(server_url='https://localhost', token='demo-token', computer_name='GSN-PRINT', heartbeat_interval_seconds=30, auto_r...
    │    │     │         │                 └ <app.infrastructure.websocket.client.WebSocketClient object at 0x00000225CD9A96A0>
    │    │     │         └ <function create_connection at 0x00000225CDABC300>
    │    │     └ <module 'websocket' from 'C:\\Users\\pecas\\AppData\\Local\\Python\\pythoncore-3.14-64\\Lib\\site-packages\\websocket\\__init...
    │    └ None
    └ <app.infrastructure.websocket.client.WebSocketClient object at 0x00000225CD9A96A0>

  File "C:\Users\pecas\AppData\Local\Python\pythoncore-3.14-64\Lib\site-packages\websocket\_core.py", line 664, in create_connection
    websock.connect(url, **options)
    │       │       │      └ {}
    │       │       └ 'https://localhost'
    │       └ <function WebSocket.connect at 0x00000225CDAB6CF0>
    └ <websocket._core.WebSocket object at 0x00000225CDB2AFC0>
  File "C:\Users\pecas\AppData\Local\Python\pythoncore-3.14-64\Lib\site-packages\websocket\_core.py", line 263, in connect
    self.sock, addrs = connect(
    │    │             └ <function connect at 0x00000225CDAB41A0>
    │    └ None
    └ <websocket._core.WebSocket object at 0x00000225CDB2AFC0>
  File "C:\Users\pecas\AppData\Local\Python\pythoncore-3.14-64\Lib\site-packages\websocket\_http.py", line 133, in connect
    hostname, port_from_url, resource, is_secure = parse_url(url)
                                                   │         └ 'https://localhost'
                                                   └ <function parse_url at 0x00000225CDA837F0>
  File "C:\Users\pecas\AppData\Local\Python\pythoncore-3.14-64\Lib\site-packages\websocket\_url.py", line 62, in parse_url
    raise ValueError("scheme %s is invalid" % scheme)
                                              └ 'https'

ValueError: scheme https is invalid
2026-08-02 19:44:36.196 | ERROR    | app.infrastructure.websocket.client:_run:52 - Websocket failed: scheme https is invalid
Traceback (most recent call last):

  File "C:\Users\pecas\AppData\Local\Python\pythoncore-3.14-64\Lib\threading.py", line 1044, in _bootstrap
    self._bootstrap_inner()
    │    └ <function Thread._bootstrap_inner at 0x00000225CAAEEE50>
    └ <Thread(Thread-2 (_run), started 2580)>
  File "C:\Users\pecas\AppData\Local\Python\pythoncore-3.14-64\Lib\threading.py", line 1082, in _bootstrap_inner
    self._context.run(self.run)
    │    │        │   │    └ <function Thread.run at 0x00000225CAAEEAE0>
    │    │        │   └ <Thread(Thread-2 (_run), started 2580)>
    │    │        └ <method 'run' of '_contextvars.Context' objects>
    │    └ <_contextvars.Context object at 0x00000225CD916FC0>
    └ <Thread(Thread-2 (_run), started 2580)>
  File "C:\Users\pecas\AppData\Local\Python\pythoncore-3.14-64\Lib\threading.py", line 1024, in run
    self._target(*self._args, **self._kwargs)
    │    │        │    │        │    └ {}
    │    │        │    │        └ <Thread(Thread-2 (_run), started 2580)>
    │    │        │    └ ()
    │    │        └ <Thread(Thread-2 (_run), started 2580)>
    │    └ <bound method WebSocketClient._run of <app.infrastructure.websocket.client.WebSocketClient object at 0x00000225CD9A96A0>>
    └ <Thread(Thread-2 (_run), started 2580)>

> File "C:\Users\pecas\OneDrive\Área de Trabalho\print gsn\app\infrastructure\websocket\client.py", line 48, in _run
    self._ws = websocket.create_connection(self._settings.server_url, timeout=5)
    │    │     │         │                 │    │         └ <member 'server_url' of 'Settings' objects>
    │    │     │         │                 │    └ Settings(server_url='https://localhost', token='demo-token', computer_name='GSN-PRINT', heartbeat_interval_seconds=30, auto_r...
    │    │     │         │                 └ <app.infrastructure.websocket.client.WebSocketClient object at 0x00000225CD9A96A0>
    │    │     │         └ <function create_connection at 0x00000225CDABC300>
    │    │     └ <module 'websocket' from 'C:\\Users\\pecas\\AppData\\Local\\Python\\pythoncore-3.14-64\\Lib\\site-packages\\websocket\\__init...
    │    └ None
    └ <app.infrastructure.websocket.client.WebSocketClient object at 0x00000225CD9A96A0>

  File "C:\Users\pecas\AppData\Local\Python\pythoncore-3.14-64\Lib\site-packages\websocket\_core.py", line 664, in create_connection
    websock.connect(url, **options)
    │       │       │      └ {}
    │       │       └ 'https://localhost'
    │       └ <function WebSocket.connect at 0x00000225CDAB6CF0>
    └ <websocket._core.WebSocket object at 0x00000225CDA2F4D0>
  File "C:\Users\pecas\AppData\Local\Python\pythoncore-3.14-64\Lib\site-packages\websocket\_core.py", line 263, in connect
    self.sock, addrs = connect(
    │    │             └ <function connect at 0x00000225CDAB41A0>
    │    └ None
    └ <websocket._core.WebSocket object at 0x00000225CDA2F4D0>
  File "C:\Users\pecas\AppData\Local\Python\pythoncore-3.14-64\Lib\site-packages\websocket\_http.py", line 133, in connect
    hostname, port_from_url, resource, is_secure = parse_url(url)
                                                   │         └ 'https://localhost'
                                                   └ <function parse_url at 0x00000225CDA837F0>
  File "C:\Users\pecas\AppData\Local\Python\pythoncore-3.14-64\Lib\site-packages\websocket\_url.py", line 62, in parse_url
    raise ValueError("scheme %s is invalid" % scheme)
                                              └ 'https'

ValueError: scheme https is invalid
2026-08-02 19:44:41.198 | ERROR    | app.infrastructure.websocket.client:_run:52 - Websocket failed: scheme https is invalid
Traceback (most recent call last):

  File "C:\Users\pecas\AppData\Local\Python\pythoncore-3.14-64\Lib\threading.py", line 1044, in _bootstrap
    self._bootstrap_inner()
    │    └ <function Thread._bootstrap_inner at 0x00000225CAAEEE50>
    └ <Thread(Thread-2 (_run), started 2580)>
  File "C:\Users\pecas\AppData\Local\Python\pythoncore-3.14-64\Lib\threading.py", line 1082, in _bootstrap_inner
    self._context.run(self.run)
    │    │        │   │    └ <function Thread.run at 0x00000225CAAEEAE0>
    │    │        │   └ <Thread(Thread-2 (_run), started 2580)>
    │    │        └ <method 'run' of '_contextvars.Context' objects>
    │    └ <_contextvars.Context object at 0x00000225CD916FC0>
    └ <Thread(Thread-2 (_run), started 2580)>
  File "C:\Users\pecas\AppData\Local\Python\pythoncore-3.14-64\Lib\threading.py", line 1024, in run
    self._target(*self._args, **self._kwargs)
    │    │        │    │        │    └ {}
    │    │        │    │        └ <Thread(Thread-2 (_run), started 2580)>
    │    │        │    └ ()
    │    │        └ <Thread(Thread-2 (_run), started 2580)>
    │    └ <bound method WebSocketClient._run of <app.infrastructure.websocket.client.WebSocketClient object at 0x00000225CD9A96A0>>
    └ <Thread(Thread-2 (_run), started 2580)>

> File "C:\Users\pecas\OneDrive\Área de Trabalho\print gsn\app\infrastructure\websocket\client.py", line 48, in _run
    self._ws = websocket.create_connection(self._settings.server_url, timeout=5)
    │    │     │         │                 │    │         └ <member 'server_url' of 'Settings' objects>
    │    │     │         │                 │    └ Settings(server_url='https://localhost', token='demo-token', computer_name='GSN-PRINT', heartbeat_interval_seconds=30, auto_r...
    │    │     │         │                 └ <app.infrastructure.websocket.client.WebSocketClient object at 0x00000225CD9A96A0>
    │    │     │         └ <function create_connection at 0x00000225CDABC300>
    │    │     └ <module 'websocket' from 'C:\\Users\\pecas\\AppData\\Local\\Python\\pythoncore-3.14-64\\Lib\\site-packages\\websocket\\__init...
    │    └ None
    └ <app.infrastructure.websocket.client.WebSocketClient object at 0x00000225CD9A96A0>

  File "C:\Users\pecas\AppData\Local\Python\pythoncore-3.14-64\Lib\site-packages\websocket\_core.py", line 664, in create_connection
    websock.connect(url, **options)
    │       │       │      └ {}
    │       │       └ 'https://localhost'
    │       └ <function WebSocket.connect at 0x00000225CDAB6CF0>
    └ <websocket._core.WebSocket object at 0x00000225CB255810>
  File "C:\Users\pecas\AppData\Local\Python\pythoncore-3.14-64\Lib\site-packages\websocket\_core.py", line 263, in connect
    self.sock, addrs = connect(
    │    │             └ <function connect at 0x00000225CDAB41A0>
    │    └ None
    └ <websocket._core.WebSocket object at 0x00000225CB255810>
  File "C:\Users\pecas\AppData\Local\Python\pythoncore-3.14-64\Lib\site-packages\websocket\_http.py", line 133, in connect
    hostname, port_from_url, resource, is_secure = parse_url(url)
                                                   │         └ 'https://localhost'
                                                   └ <function parse_url at 0x00000225CDA837F0>
  File "C:\Users\pecas\AppData\Local\Python\pythoncore-3.14-64\Lib\site-packages\websocket\_url.py", line 62, in parse_url
    raise ValueError("scheme %s is invalid" % scheme)
                                              └ 'https'

ValueError: scheme https is invalid
2026-08-02 19:44:46.200 | ERROR    | app.infrastructure.websocket.client:_run:52 - Websocket failed: scheme https is invalid
Traceback (most recent call last):

  File "C:\Users\pecas\AppData\Local\Python\pythoncore-3.14-64\Lib\threading.py", line 1044, in _bootstrap
    self._bootstrap_inner()
    │    └ <function Thread._bootstrap_inner at 0x00000225CAAEEE50>
    └ <Thread(Thread-2 (_run), started 2580)>
  File "C:\Users\pecas\AppData\Local\Python\pythoncore-3.14-64\Lib\threading.py", line 1082, in _bootstrap_inner
    self._context.run(self.run)
    │    │        │   │    └ <function Thread.run at 0x00000225CAAEEAE0>
    │    │        │   └ <Thread(Thread-2 (_run), started 2580)>
    │    │        └ <method 'run' of '_contextvars.Context' objects>
    │    └ <_contextvars.Context object at 0x00000225CD916FC0>
    └ <Thread(Thread-2 (_run), started 2580)>
  File "C:\Users\pecas\AppData\Local\Python\pythoncore-3.14-64\Lib\threading.py", line 1024, in run
    self._target(*self._args, **self._kwargs)
    │    │        │    │        │    └ {}
    │    │        │    │        └ <Thread(Thread-2 (_run), started 2580)>
    │    │        │    └ ()
    │    │        └ <Thread(Thread-2 (_run), started 2580)>
    │    └ <bound method WebSocketClient._run of <app.infrastructure.websocket.client.WebSocketClient object at 0x00000225CD9A96A0>>
    └ <Thread(Thread-2 (_run), started 2580)>

> File "C:\Users\pecas\OneDrive\Área de Trabalho\print gsn\app\infrastructure\websocket\client.py", line 48, in _run
    self._ws = websocket.create_connection(self._settings.server_url, timeout=5)
    │    │     │         │                 │    │         └ <member 'server_url' of 'Settings' objects>
    │    │     │         │                 │    └ Settings(server_url='https://localhost', token='demo-token', computer_name='GSN-PRINT', heartbeat_interval_seconds=30, auto_r...
    │    │     │         │                 └ <app.infrastructure.websocket.client.WebSocketClient object at 0x00000225CD9A96A0>
    │    │     │         └ <function create_connection at 0x00000225CDABC300>
    │    │     └ <module 'websocket' from 'C:\\Users\\pecas\\AppData\\Local\\Python\\pythoncore-3.14-64\\Lib\\site-packages\\websocket\\__init...
    │    └ None
    └ <app.infrastructure.websocket.client.WebSocketClient object at 0x00000225CD9A96A0>

  File "C:\Users\pecas\AppData\Local\Python\pythoncore-3.14-64\Lib\site-packages\websocket\_core.py", line 664, in create_connection
    websock.connect(url, **options)
    │       │       │      └ {}
    │       │       └ 'https://localhost'
    │       └ <function WebSocket.connect at 0x00000225CDAB6CF0>
    └ <websocket._core.WebSocket object at 0x00000225CDAE0EB0>
  File "C:\Users\pecas\AppData\Local\Python\pythoncore-3.14-64\Lib\site-packages\websocket\_core.py", line 263, in connect
    self.sock, addrs = connect(
    │    │             └ <function connect at 0x00000225CDAB41A0>
    │    └ None
    └ <websocket._core.WebSocket object at 0x00000225CDAE0EB0>
  File "C:\Users\pecas\AppData\Local\Python\pythoncore-3.14-64\Lib\site-packages\websocket\_http.py", line 133, in connect
    hostname, port_from_url, resource, is_secure = parse_url(url)
                                                   │         └ 'https://localhost'
                                                   └ <function parse_url at 0x00000225CDA837F0>
  File "C:\Users\pecas\AppData\Local\Python\pythoncore-3.14-64\Lib\site-packages\websocket\_url.py", line 62, in parse_url
    raise ValueError("scheme %s is invalid" % scheme)
                                              └ 'https'

ValueError: scheme https is invalid
2026-08-02 19:44:51.203 | ERROR    | app.infrastructure.websocket.client:_run:52 - Websocket failed: scheme https is invalid
Traceback (most recent call last):

  File "C:\Users\pecas\AppData\Local\Python\pythoncore-3.14-64\Lib\threading.py", line 1044, in _bootstrap
    self._bootstrap_inner()
    │    └ <function Thread._bootstrap_inner at 0x00000225CAAEEE50>
    └ <Thread(Thread-2 (_run), started 2580)>
  File "C:\Users\pecas\AppData\Local\Python\pythoncore-3.14-64\Lib\threading.py", line 1082, in _bootstrap_inner
    self._context.run(self.run)
    │    │        │   │    └ <function Thread.run at 0x00000225CAAEEAE0>
    │    │        │   └ <Thread(Thread-2 (_run), started 2580)>
    │    │        └ <method 'run' of '_contextvars.Context' objects>
    │    └ <_contextvars.Context object at 0x00000225CD916FC0>
    └ <Thread(Thread-2 (_run), started 2580)>
  File "C:\Users\pecas\AppData\Local\Python\pythoncore-3.14-64\Lib\threading.py", line 1024, in run
    self._target(*self._args, **self._kwargs)
    │    │        │    │        │    └ {}
    │    │        │    │        └ <Thread(Thread-2 (_run), started 2580)>
    │    │        │    └ ()
    │    │        └ <Thread(Thread-2 (_run), started 2580)>
    │    └ <bound method WebSocketClient._run of <app.infrastructure.websocket.client.WebSocketClient object at 0x00000225CD9A96A0>>
    └ <Thread(Thread-2 (_run), started 2580)>

> File "C:\Users\pecas\OneDrive\Área de Trabalho\print gsn\app\infrastructure\websocket\client.py", line 48, in _run
    self._ws = websocket.create_connection(self._settings.server_url, timeout=5)
    │    │     │         │                 │    │         └ <member 'server_url' of 'Settings' objects>
    │    │     │         │                 │    └ Settings(server_url='https://localhost', token='demo-token', computer_name='GSN-PRINT', heartbeat_interval_seconds=30, auto_r...
    │    │     │         │                 └ <app.infrastructure.websocket.client.WebSocketClient object at 0x00000225CD9A96A0>
    │    │     │         └ <function create_connection at 0x00000225CDABC300>
    │    │     └ <module 'websocket' from 'C:\\Users\\pecas\\AppData\\Local\\Python\\pythoncore-3.14-64\\Lib\\site-packages\\websocket\\__init...
    │    └ None
    └ <app.infrastructure.websocket.client.WebSocketClient object at 0x00000225CD9A96A0>

  File "C:\Users\pecas\AppData\Local\Python\pythoncore-3.14-64\Lib\site-packages\websocket\_core.py", line 664, in create_connection
    websock.connect(url, **options)
    │       │       │      └ {}
    │       │       └ 'https://localhost'
    │       └ <function WebSocket.connect at 0x00000225CDAB6CF0>
    └ <websocket._core.WebSocket object at 0x00000225CDAE1090>
  File "C:\Users\pecas\AppData\Local\Python\pythoncore-3.14-64\Lib\site-packages\websocket\_core.py", line 263, in connect
    self.sock, addrs = connect(
    │    │             └ <function connect at 0x00000225CDAB41A0>
    │    └ None
    └ <websocket._core.WebSocket object at 0x00000225CDAE1090>
  File "C:\Users\pecas\AppData\Local\Python\pythoncore-3.14-64\Lib\site-packages\websocket\_http.py", line 133, in connect
    hostname, port_from_url, resource, is_secure = parse_url(url)
                                                   │         └ 'https://localhost'
                                                   └ <function parse_url at 0x00000225CDA837F0>
  File "C:\Users\pecas\AppData\Local\Python\pythoncore-3.14-64\Lib\site-packages\websocket\_url.py", line 62, in parse_url
    raise ValueError("scheme %s is invalid" % scheme)
                                              └ 'https'

ValueError: scheme https is invalid
2026-08-02 19:44:56.205 | ERROR    | app.infrastructure.websocket.client:_run:52 - Websocket failed: scheme https is invalid
Traceback (most recent call last):

  File "C:\Users\pecas\AppData\Local\Python\pythoncore-3.14-64\Lib\threading.py", line 1044, in _bootstrap
    self._bootstrap_inner()
    │    └ <function Thread._bootstrap_inner at 0x00000225CAAEEE50>
    └ <Thread(Thread-2 (_run), started 2580)>
  File "C:\Users\pecas\AppData\Local\Python\pythoncore-3.14-64\Lib\threading.py", line 1082, in _bootstrap_inner
    self._context.run(self.run)
    │    │        │   │    └ <function Thread.run at 0x00000225CAAEEAE0>
    │    │        │   └ <Thread(Thread-2 (_run), started 2580)>
    │    │        └ <method 'run' of '_contextvars.Context' objects>
    │    └ <_contextvars.Context object at 0x00000225CD916FC0>
    └ <Thread(Thread-2 (_run), started 2580)>
  File "C:\Users\pecas\AppData\Local\Python\pythoncore-3.14-64\Lib\threading.py", line 1024, in run
    self._target(*self._args, **self._kwargs)
    │    │        │    │        │    └ {}
    │    │        │    │        └ <Thread(Thread-2 (_run), started 2580)>
    │    │        │    └ ()
    │    │        └ <Thread(Thread-2 (_run), started 2580)>
    │    └ <bound method WebSocketClient._run of <app.infrastructure.websocket.client.WebSocketClient object at 0x00000225CD9A96A0>>
    └ <Thread(Thread-2 (_run), started 2580)>

> File "C:\Users\pecas\OneDrive\Área de Trabalho\print gsn\app\infrastructure\websocket\client.py", line 48, in _run
    self._ws = websocket.create_connection(self._settings.server_url, timeout=5)
    │    │     │         │                 │    │         └ <member 'server_url' of 'Settings' objects>
    │    │     │         │                 │    └ Settings(server_url='https://localhost', token='demo-token', computer_name='GSN-PRINT', heartbeat_interval_seconds=30, auto_r...
    │    │     │         │                 └ <app.infrastructure.websocket.client.WebSocketClient object at 0x00000225CD9A96A0>
    │    │     │         └ <function create_connection at 0x00000225CDABC300>
    │    │     └ <module 'websocket' from 'C:\\Users\\pecas\\AppData\\Local\\Python\\pythoncore-3.14-64\\Lib\\site-packages\\websocket\\__init...
    │    └ None
    └ <app.infrastructure.websocket.client.WebSocketClient object at 0x00000225CD9A96A0>

  File "C:\Users\pecas\AppData\Local\Python\pythoncore-3.14-64\Lib\site-packages\websocket\_core.py", line 664, in create_connection
    websock.connect(url, **options)
    │       │       │      └ {}
    │       │       └ 'https://localhost'
    │       └ <function WebSocket.connect at 0x00000225CDAB6CF0>
    └ <websocket._core.WebSocket object at 0x00000225CDAE0FF0>
  File "C:\Users\pecas\AppData\Local\Python\pythoncore-3.14-64\Lib\site-packages\websocket\_core.py", line 263, in connect
    self.sock, addrs = connect(
    │    │             └ <function connect at 0x00000225CDAB41A0>
    │    └ None
    └ <websocket._core.WebSocket object at 0x00000225CDAE0FF0>
  File "C:\Users\pecas\AppData\Local\Python\pythoncore-3.14-64\Lib\site-packages\websocket\_http.py", line 133, in connect
    hostname, port_from_url, resource, is_secure = parse_url(url)
                                                   │         └ 'https://localhost'
                                                   └ <function parse_url at 0x00000225CDA837F0>
  File "C:\Users\pecas\AppData\Local\Python\pythoncore-3.14-64\Lib\site-packages\websocket\_url.py", line 62, in parse_url
    raise ValueError("scheme %s is invalid" % scheme)
                                              └ 'https'

ValueError: scheme https is invalid
2026-08-02 19:45:01.207 | ERROR    | app.infrastructure.websocket.client:_run:52 - Websocket failed: scheme https is invalid
Traceback (most recent call last):

  File "C:\Users\pecas\AppData\Local\Python\pythoncore-3.14-64\Lib\threading.py", line 1044, in _bootstrap
    self._bootstrap_inner()
    │    └ <function Thread._bootstrap_inner at 0x00000225CAAEEE50>
    └ <Thread(Thread-2 (_run), started 2580)>
  File "C:\Users\pecas\AppData\Local\Python\pythoncore-3.14-64\Lib\threading.py", line 1082, in _bootstrap_inner
    self._context.run(self.run)
    │    │        │   │    └ <function Thread.run at 0x00000225CAAEEAE0>
    │    │        │   └ <Thread(Thread-2 (_run), started 2580)>
    │    │        └ <method 'run' of '_contextvars.Context' objects>
    │    └ <_contextvars.Context object at 0x00000225CD916FC0>
    └ <Thread(Thread-2 (_run), started 2580)>
  File "C:\Users\pecas\AppData\Local\Python\pythoncore-3.14-64\Lib\threading.py", line 1024, in run
    self._target(*self._args, **self._kwargs)
    │    │        │    │        │    └ {}
    │    │        │    │        └ <Thread(Thread-2 (_run), started 2580)>
    │    │        │    └ ()
    │    │        └ <Thread(Thread-2 (_run), started 2580)>
    │    └ <bound method WebSocketClient._run of <app.infrastructure.websocket.client.WebSocketClient object at 0x00000225CD9A96A0>>
    └ <Thread(Thread-2 (_run), started 2580)>

> File "C:\Users\pecas\OneDrive\Área de Trabalho\print gsn\app\infrastructure\websocket\client.py", line 48, in _run
    self._ws = websocket.create_connection(self._settings.server_url, timeout=5)
    │    │     │         │                 │    │         └ <member 'server_url' of 'Settings' objects>
    │    │     │         │                 │    └ Settings(server_url='https://localhost', token='demo-token', computer_name='GSN-PRINT', heartbeat_interval_seconds=30, auto_r...
    │    │     │         │                 └ <app.infrastructure.websocket.client.WebSocketClient object at 0x00000225CD9A96A0>
    │    │     │         └ <function create_connection at 0x00000225CDABC300>
    │    │     └ <module 'websocket' from 'C:\\Users\\pecas\\AppData\\Local\\Python\\pythoncore-3.14-64\\Lib\\site-packages\\websocket\\__init...
    │    └ None
    └ <app.infrastructure.websocket.client.WebSocketClient object at 0x00000225CD9A96A0>

  File "C:\Users\pecas\AppData\Local\Python\pythoncore-3.14-64\Lib\site-packages\websocket\_core.py", line 664, in create_connection
    websock.connect(url, **options)
    │       │       │      └ {}
    │       │       └ 'https://localhost'
    │       └ <function WebSocket.connect at 0x00000225CDAB6CF0>
    └ <websocket._core.WebSocket object at 0x00000225CDAE1130>
  File "C:\Users\pecas\AppData\Local\Python\pythoncore-3.14-64\Lib\site-packages\websocket\_core.py", line 263, in connect
    self.sock, addrs = connect(
    │    │             └ <function connect at 0x00000225CDAB41A0>
    │    └ None
    └ <websocket._core.WebSocket object at 0x00000225CDAE1130>
  File "C:\Users\pecas\AppData\Local\Python\pythoncore-3.14-64\Lib\site-packages\websocket\_http.py", line 133, in connect
    hostname, port_from_url, resource, is_secure = parse_url(url)
                                                   │         └ 'https://localhost'
                                                   └ <function parse_url at 0x00000225CDA837F0>
  File "C:\Users\pecas\AppData\Local\Python\pythoncore-3.14-64\Lib\site-packages\websocket\_url.py", line 62, in parse_url
    raise ValueError("scheme %s is invalid" % scheme)
                                              └ 'https'

ValueError: scheme https is invalid
2026-08-02 19:45:06.209 | ERROR    | app.infrastructure.websocket.client:_run:52 - Websocket failed: scheme https is invalid
Traceback (most recent call last):

  File "C:\Users\pecas\AppData\Local\Python\pythoncore-3.14-64\Lib\threading.py", line 1044, in _bootstrap
    self._bootstrap_inner()
    │    └ <function Thread._bootstrap_inner at 0x00000225CAAEEE50>
    └ <Thread(Thread-2 (_run), started 2580)>
  File "C:\Users\pecas\AppData\Local\Python\pythoncore-3.14-64\Lib\threading.py", line 1082, in _bootstrap_inner
    self._context.run(self.run)
    │    │        │   │    └ <function Thread.run at 0x00000225CAAEEAE0>
    │    │        │   └ <Thread(Thread-2 (_run), started 2580)>
    │    │        └ <method 'run' of '_contextvars.Context' objects>
    │    └ <_contextvars.Context object at 0x00000225CD916FC0>
    └ <Thread(Thread-2 (_run), started 2580)>
  File "C:\Users\pecas\AppData\Local\Python\pythoncore-3.14-64\Lib\threading.py", line 1024, in run
    self._target(*self._args, **self._kwargs)
    │    │        │    │        │    └ {}
    │    │        │    │        └ <Thread(Thread-2 (_run), started 2580)>
    │    │        │    └ ()
    │    │        └ <Thread(Thread-2 (_run), started 2580)>
    │    └ <bound method WebSocketClient._run of <app.infrastructure.websocket.client.WebSocketClient object at 0x00000225CD9A96A0>>
    └ <Thread(Thread-2 (_run), started 2580)>

> File "C:\Users\pecas\OneDrive\Área de Trabalho\print gsn\app\infrastructure\websocket\client.py", line 48, in _run
    self._ws = websocket.create_connection(self._settings.server_url, timeout=5)
    │    │     │         │                 │    │         └ <member 'server_url' of 'Settings' objects>
    │    │     │         │                 │    └ Settings(server_url='https://localhost', token='demo-token', computer_name='GSN-PRINT', heartbeat_interval_seconds=30, auto_r...
    │    │     │         │                 └ <app.infrastructure.websocket.client.WebSocketClient object at 0x00000225CD9A96A0>
    │    │     │         └ <function create_connection at 0x00000225CDABC300>
    │    │     └ <module 'websocket' from 'C:\\Users\\pecas\\AppData\\Local\\Python\\pythoncore-3.14-64\\Lib\\site-packages\\websocket\\__init...
    │    └ None
    └ <app.infrastructure.websocket.client.WebSocketClient object at 0x00000225CD9A96A0>

  File "C:\Users\pecas\AppData\Local\Python\pythoncore-3.14-64\Lib\site-packages\websocket\_core.py", line 664, in create_connection
    websock.connect(url, **options)
    │       │       │      └ {}
    │       │       └ 'https://localhost'
    │       └ <function WebSocket.connect at 0x00000225CDAB6CF0>
    └ <websocket._core.WebSocket object at 0x00000225CDAE0F50>
  File "C:\Users\pecas\AppData\Local\Python\pythoncore-3.14-64\Lib\site-packages\websocket\_core.py", line 263, in connect
    self.sock, addrs = connect(
    │    │             └ <function connect at 0x00000225CDAB41A0>
    │    └ None
    └ <websocket._core.WebSocket object at 0x00000225CDAE0F50>
  File "C:\Users\pecas\AppData\Local\Python\pythoncore-3.14-64\Lib\site-packages\websocket\_http.py", line 133, in connect
    hostname, port_from_url, resource, is_secure = parse_url(url)
                                                   │         └ 'https://localhost'
                                                   └ <function parse_url at 0x00000225CDA837F0>
  File "C:\Users\pecas\AppData\Local\Python\pythoncore-3.14-64\Lib\site-packages\websocket\_url.py", line 62, in parse_url
    raise ValueError("scheme %s is invalid" % scheme)
                                              └ 'https'

ValueError: scheme https is invalid
2026-08-02 19:45:11.211 | ERROR    | app.infrastructure.websocket.client:_run:52 - Websocket failed: scheme https is invalid
Traceback (most recent call last):

  File "C:\Users\pecas\AppData\Local\Python\pythoncore-3.14-64\Lib\threading.py", line 1044, in _bootstrap
    self._bootstrap_inner()
    │    └ <function Thread._bootstrap_inner at 0x00000225CAAEEE50>
    └ <Thread(Thread-2 (_run), started 2580)>
  File "C:\Users\pecas\AppData\Local\Python\pythoncore-3.14-64\Lib\threading.py", line 1082, in _bootstrap_inner
    self._context.run(self.run)
    │    │        │   │    └ <function Thread.run at 0x00000225CAAEEAE0>
    │    │        │   └ <Thread(Thread-2 (_run), started 2580)>
    │    │        └ <method 'run' of '_contextvars.Context' objects>
    │    └ <_contextvars.Context object at 0x00000225CD916FC0>
    └ <Thread(Thread-2 (_run), started 2580)>
  File "C:\Users\pecas\AppData\Local\Python\pythoncore-3.14-64\Lib\threading.py", line 1024, in run
    self._target(*self._args, **self._kwargs)
    │    │        │    │        │    └ {}
    │    │        │    │        └ <Thread(Thread-2 (_run), started 2580)>
    │    │        │    └ ()
    │    │        └ <Thread(Thread-2 (_run), started 2580)>
    │    └ <bound method WebSocketClient._run of <app.infrastructure.websocket.client.WebSocketClient object at 0x00000225CD9A96A0>>
    └ <Thread(Thread-2 (_run), started 2580)>

> File "C:\Users\pecas\OneDrive\Área de Trabalho\print gsn\app\infrastructure\websocket\client.py", line 48, in _run
    self._ws = websocket.create_connection(self._settings.server_url, timeout=5)
    │    │     │         │                 │    │         └ <member 'server_url' of 'Settings' objects>
    │    │     │         │                 │    └ Settings(server_url='https://localhost', token='demo-token', computer_name='GSN-PRINT', heartbeat_interval_seconds=30, auto_r...
    │    │     │         │                 └ <app.infrastructure.websocket.client.WebSocketClient object at 0x00000225CD9A96A0>
    │    │     │         └ <function create_connection at 0x00000225CDABC300>
    │    │     └ <module 'websocket' from 'C:\\Users\\pecas\\AppData\\Local\\Python\\pythoncore-3.14-64\\Lib\\site-packages\\websocket\\__init...
    │    └ None
    └ <app.infrastructure.websocket.client.WebSocketClient object at 0x00000225CD9A96A0>

  File "C:\Users\pecas\AppData\Local\Python\pythoncore-3.14-64\Lib\site-packages\websocket\_core.py", line 664, in create_connection
    websock.connect(url, **options)
    │       │       │      └ {}
    │       │       └ 'https://localhost'
    │       └ <function WebSocket.connect at 0x00000225CDAB6CF0>
    └ <websocket._core.WebSocket object at 0x00000225CDAE11D0>
  File "C:\Users\pecas\AppData\Local\Python\pythoncore-3.14-64\Lib\site-packages\websocket\_core.py", line 263, in connect
    self.sock, addrs = connect(
    │    │             └ <function connect at 0x00000225CDAB41A0>
    │    └ None
    └ <websocket._core.WebSocket object at 0x00000225CDAE11D0>
  File "C:\Users\pecas\AppData\Local\Python\pythoncore-3.14-64\Lib\site-packages\websocket\_http.py", line 133, in connect
    hostname, port_from_url, resource, is_secure = parse_url(url)
                                                   │         └ 'https://localhost'
                                                   └ <function parse_url at 0x00000225CDA837F0>
  File "C:\Users\pecas\AppData\Local\Python\pythoncore-3.14-64\Lib\site-packages\websocket\_url.py", line 62, in parse_url
    raise ValueError("scheme %s is invalid" % scheme)
                                              └ 'https'

ValueError: scheme https is invalid
2026-08-02 19:45:16.214 | ERROR    | app.infrastructure.websocket.client:_run:52 - Websocket failed: scheme https is invalid
Traceback (most recent call last):

  File "C:\Users\pecas\AppData\Local\Python\pythoncore-3.14-64\Lib\threading.py", line 1044, in _bootstrap
    self._bootstrap_inner()
    │    └ <function Thread._bootstrap_inner at 0x00000225CAAEEE50>
    └ <Thread(Thread-2 (_run), started 2580)>
  File "C:\Users\pecas\AppData\Local\Python\pythoncore-3.14-64\Lib\threading.py", line 1082, in _bootstrap_inner
    self._context.run(self.run)
    │    │        │   │    └ <function Thread.run at 0x00000225CAAEEAE0>
    │    │        │   └ <Thread(Thread-2 (_run), started 2580)>
    │    │        └ <method 'run' of '_contextvars.Context' objects>
    │    └ <_contextvars.Context object at 0x00000225CD916FC0>
    └ <Thread(Thread-2 (_run), started 2580)>
  File "C:\Users\pecas\AppData\Local\Python\pythoncore-3.14-64\Lib\threading.py", line 1024, in run
    self._target(*self._args, **self._kwargs)
    │    │        │    │        │    └ {}
    │    │        │    │        └ <Thread(Thread-2 (_run), started 2580)>
    │    │        │    └ ()
    │    │        └ <Thread(Thread-2 (_run), started 2580)>
    │    └ <bound method WebSocketClient._run of <app.infrastructure.websocket.client.WebSocketClient object at 0x00000225CD9A96A0>>
    └ <Thread(Thread-2 (_run), started 2580)>

> File "C:\Users\pecas\OneDrive\Área de Trabalho\print gsn\app\infrastructure\websocket\client.py", line 48, in _run
    self._ws = websocket.create_connection(self._settings.server_url, timeout=5)
    │    │     │         │                 │    │         └ <member 'server_url' of 'Settings' objects>
    │    │     │         │                 │    └ Settings(server_url='https://localhost', token='demo-token', computer_name='GSN-PRINT', heartbeat_interval_seconds=30, auto_r...
    │    │     │         │                 └ <app.infrastructure.websocket.client.WebSocketClient object at 0x00000225CD9A96A0>
    │    │     │         └ <function create_connection at 0x00000225CDABC300>
    │    │     └ <module 'websocket' from 'C:\\Users\\pecas\\AppData\\Local\\Python\\pythoncore-3.14-64\\Lib\\site-packages\\websocket\\__init...
    │    └ None
    └ <app.infrastructure.websocket.client.WebSocketClient object at 0x00000225CD9A96A0>

  File "C:\Users\pecas\AppData\Local\Python\pythoncore-3.14-64\Lib\site-packages\websocket\_core.py", line 664, in create_connection
    websock.connect(url, **options)
    │       │       │      └ {}
    │       │       └ 'https://localhost'
    │       └ <function WebSocket.connect at 0x00000225CDAB6CF0>
    └ <websocket._core.WebSocket object at 0x00000225CDAE1270>
  File "C:\Users\pecas\AppData\Local\Python\pythoncore-3.14-64\Lib\site-packages\websocket\_core.py", line 263, in connect
    self.sock, addrs = connect(
    │    │             └ <function connect at 0x00000225CDAB41A0>
    │    └ None
    └ <websocket._core.WebSocket object at 0x00000225CDAE1270>
  File "C:\Users\pecas\AppData\Local\Python\pythoncore-3.14-64\Lib\site-packages\websocket\_http.py", line 133, in connect
    hostname, port_from_url, resource, is_secure = parse_url(url)
                                                   │         └ 'https://localhost'
                                                   └ <function parse_url at 0x00000225CDA837F0>
  File "C:\Users\pecas\AppData\Local\Python\pythoncore-3.14-64\Lib\site-packages\websocket\_url.py", line 62, in parse_url
    raise ValueError("scheme %s is invalid" % scheme)
                                              └ 'https'

ValueError: scheme https is invalid
2026-08-02 19:45:21.221 | ERROR    | app.infrastructure.websocket.client:_run:52 - Websocket failed: scheme https is invalid
Traceback (most recent call last):

  File "C:\Users\pecas\AppData\Local\Python\pythoncore-3.14-64\Lib\threading.py", line 1044, in _bootstrap
    self._bootstrap_inner()
    │    └ <function Thread._bootstrap_inner at 0x00000225CAAEEE50>
    └ <Thread(Thread-2 (_run), started 2580)>
  File "C:\Users\pecas\AppData\Local\Python\pythoncore-3.14-64\Lib\threading.py", line 1082, in _bootstrap_inner
    self._context.run(self.run)
    │    │        │   │    └ <function Thread.run at 0x00000225CAAEEAE0>
    │    │        │   └ <Thread(Thread-2 (_run), started 2580)>
    │    │        └ <method 'run' of '_contextvars.Context' objects>
    │    └ <_contextvars.Context object at 0x00000225CD916FC0>
    └ <Thread(Thread-2 (_run), started 2580)>
  File "C:\Users\pecas\AppData\Local\Python\pythoncore-3.14-64\Lib\threading.py", line 1024, in run
    self._target(*self._args, **self._kwargs)
    │    │        │    │        │    └ {}
    │    │        │    │        └ <Thread(Thread-2 (_run), started 2580)>
    │    │        │    └ ()
    │    │        └ <Thread(Thread-2 (_run), started 2580)>
    │    └ <bound method WebSocketClient._run of <app.infrastructure.websocket.client.WebSocketClient object at 0x00000225CD9A96A0>>
    └ <Thread(Thread-2 (_run), started 2580)>

> File "C:\Users\pecas\OneDrive\Área de Trabalho\print gsn\app\infrastructure\websocket\client.py", line 48, in _run
    self._ws = websocket.create_connection(self._settings.server_url, timeout=5)
    │    │     │         │                 │    │         └ <member 'server_url' of 'Settings' objects>
    │    │     │         │                 │    └ Settings(server_url='https://localhost', token='demo-token', computer_name='GSN-PRINT', heartbeat_interval_seconds=30, auto_r...
    │    │     │         │                 └ <app.infrastructure.websocket.client.WebSocketClient object at 0x00000225CD9A96A0>
    │    │     │         └ <function create_connection at 0x00000225CDABC300>
    │    │     └ <module 'websocket' from 'C:\\Users\\pecas\\AppData\\Local\\Python\\pythoncore-3.14-64\\Lib\\site-packages\\websocket\\__init...
    │    └ None
    └ <app.infrastructure.websocket.client.WebSocketClient object at 0x00000225CD9A96A0>

  File "C:\Users\pecas\AppData\Local\Python\pythoncore-3.14-64\Lib\site-packages\websocket\_core.py", line 664, in create_connection
    websock.connect(url, **options)
    │       │       │      └ {}
    │       │       └ 'https://localhost'
    │       └ <function WebSocket.connect at 0x00000225CDAB6CF0>
    └ <websocket._core.WebSocket object at 0x00000225CDAE1310>
  File "C:\Users\pecas\AppData\Local\Python\pythoncore-3.14-64\Lib\site-packages\websocket\_core.py", line 263, in connect
    self.sock, addrs = connect(
    │    │             └ <function connect at 0x00000225CDAB41A0>
    │    └ None
    └ <websocket._core.WebSocket object at 0x00000225CDAE1310>
  File "C:\Users\pecas\AppData\Local\Python\pythoncore-3.14-64\Lib\site-packages\websocket\_http.py", line 133, in connect
    hostname, port_from_url, resource, is_secure = parse_url(url)
                                                   │         └ 'https://localhost'
                                                   └ <function parse_url at 0x00000225CDA837F0>
  File "C:\Users\pecas\AppData\Local\Python\pythoncore-3.14-64\Lib\site-packages\websocket\_url.py", line 62, in parse_url
    raise ValueError("scheme %s is invalid" % scheme)
                                              └ 'https'

ValueError: scheme https is invalid
2026-08-02 19:45:26.223 | ERROR    | app.infrastructure.websocket.client:_run:52 - Websocket failed: scheme https is invalid
Traceback (most recent call last):

  File "C:\Users\pecas\AppData\Local\Python\pythoncore-3.14-64\Lib\threading.py", line 1044, in _bootstrap
    self._bootstrap_inner()
    │    └ <function Thread._bootstrap_inner at 0x00000225CAAEEE50>
    └ <Thread(Thread-2 (_run), started 2580)>
  File "C:\Users\pecas\AppData\Local\Python\pythoncore-3.14-64\Lib\threading.py", line 1082, in _bootstrap_inner
    self._context.run(self.run)
    │    │        │   │    └ <function Thread.run at 0x00000225CAAEEAE0>
    │    │        │   └ <Thread(Thread-2 (_run), started 2580)>
    │    │        └ <method 'run' of '_contextvars.Context' objects>
    │    └ <_contextvars.Context object at 0x00000225CD916FC0>
    └ <Thread(Thread-2 (_run), started 2580)>
  File "C:\Users\pecas\AppData\Local\Python\pythoncore-3.14-64\Lib\threading.py", line 1024, in run
    self._target(*self._args, **self._kwargs)
    │    │        │    │        │    └ {}
    │    │        │    │        └ <Thread(Thread-2 (_run), started 2580)>
    │    │        │    └ ()
    │    │        └ <Thread(Thread-2 (_run), started 2580)>
    │    └ <bound method WebSocketClient._run of <app.infrastructure.websocket.client.WebSocketClient object at 0x00000225CD9A96A0>>
    └ <Thread(Thread-2 (_run), started 2580)>

> File "C:\Users\pecas\OneDrive\Área de Trabalho\print gsn\app\infrastructure\websocket\client.py", line 48, in _run
    self._ws = websocket.create_connection(self._settings.server_url, timeout=5)
    │    │     │         │                 │    │         └ <member 'server_url' of 'Settings' objects>
    │    │     │         │                 │    └ Settings(server_url='https://localhost', token='demo-token', computer_name='GSN-PRINT', heartbeat_interval_seconds=30, auto_r...
    │    │     │         │                 └ <app.infrastructure.websocket.client.WebSocketClient object at 0x00000225CD9A96A0>
    │    │     │         └ <function create_connection at 0x00000225CDABC300>
    │    │     └ <module 'websocket' from 'C:\\Users\\pecas\\AppData\\Local\\Python\\pythoncore-3.14-64\\Lib\\site-packages\\websocket\\__init...
    │    └ None
    └ <app.infrastructure.websocket.client.WebSocketClient object at 0x00000225CD9A96A0>

  File "C:\Users\pecas\AppData\Local\Python\pythoncore-3.14-64\Lib\site-packages\websocket\_core.py", line 664, in create_connection
    websock.connect(url, **options)
    │       │       │      └ {}
    │       │       └ 'https://localhost'
    │       └ <function WebSocket.connect at 0x00000225CDAB6CF0>
    └ <websocket._core.WebSocket object at 0x00000225CDAE13B0>
  File "C:\Users\pecas\AppData\Local\Python\pythoncore-3.14-64\Lib\site-packages\websocket\_core.py", line 263, in connect
    self.sock, addrs = connect(
    │    │             └ <function connect at 0x00000225CDAB41A0>
    │    └ None
    └ <websocket._core.WebSocket object at 0x00000225CDAE13B0>
  File "C:\Users\pecas\AppData\Local\Python\pythoncore-3.14-64\Lib\site-packages\websocket\_http.py", line 133, in connect
    hostname, port_from_url, resource, is_secure = parse_url(url)
                                                   │         └ 'https://localhost'
                                                   └ <function parse_url at 0x00000225CDA837F0>
  File "C:\Users\pecas\AppData\Local\Python\pythoncore-3.14-64\Lib\site-packages\websocket\_url.py", line 62, in parse_url
    raise ValueError("scheme %s is invalid" % scheme)
                                              └ 'https'

ValueError: scheme https is invalid
2026-08-02 19:45:31.225 | ERROR    | app.infrastructure.websocket.client:_run:52 - Websocket failed: scheme https is invalid
Traceback (most recent call last):

  File "C:\Users\pecas\AppData\Local\Python\pythoncore-3.14-64\Lib\threading.py", line 1044, in _bootstrap
    self._bootstrap_inner()
    │    └ <function Thread._bootstrap_inner at 0x00000225CAAEEE50>
    └ <Thread(Thread-2 (_run), started 2580)>
  File "C:\Users\pecas\AppData\Local\Python\pythoncore-3.14-64\Lib\threading.py", line 1082, in _bootstrap_inner
    self._context.run(self.run)
    │    │        │   │    └ <function Thread.run at 0x00000225CAAEEAE0>
    │    │        │   └ <Thread(Thread-2 (_run), started 2580)>
    │    │        └ <method 'run' of '_contextvars.Context' objects>
    │    └ <_contextvars.Context object at 0x00000225CD916FC0>
    └ <Thread(Thread-2 (_run), started 2580)>
  File "C:\Users\pecas\AppData\Local\Python\pythoncore-3.14-64\Lib\threading.py", line 1024, in run
    self._target(*self._args, **self._kwargs)
    │    │        │    │        │    └ {}
    │    │        │    │        └ <Thread(Thread-2 (_run), started 2580)>
    │    │        │    └ ()
    │    │        └ <Thread(Thread-2 (_run), started 2580)>
    │    └ <bound method WebSocketClient._run of <app.infrastructure.websocket.client.WebSocketClient object at 0x00000225CD9A96A0>>
    └ <Thread(Thread-2 (_run), started 2580)>

> File "C:\Users\pecas\OneDrive\Área de Trabalho\print gsn\app\infrastructure\websocket\client.py", line 48, in _run
    self._ws = websocket.create_connection(self._settings.server_url, timeout=5)
    │    │     │         │                 │    │         └ <member 'server_url' of 'Settings' objects>
    │    │     │         │                 │    └ Settings(server_url='https://localhost', token='demo-token', computer_name='GSN-PRINT', heartbeat_interval_seconds=30, auto_r...
    │    │     │         │                 └ <app.infrastructure.websocket.client.WebSocketClient object at 0x00000225CD9A96A0>
    │    │     │         └ <function create_connection at 0x00000225CDABC300>
    │    │     └ <module 'websocket' from 'C:\\Users\\pecas\\AppData\\Local\\Python\\pythoncore-3.14-64\\Lib\\site-packages\\websocket\\__init...
    │    └ None
    └ <app.infrastructure.websocket.client.WebSocketClient object at 0x00000225CD9A96A0>

  File "C:\Users\pecas\AppData\Local\Python\pythoncore-3.14-64\Lib\site-packages\websocket\_core.py", line 664, in create_connection
    websock.connect(url, **options)
    │       │       │      └ {}
    │       │       └ 'https://localhost'
    │       └ <function WebSocket.connect at 0x00000225CDAB6CF0>
    └ <websocket._core.WebSocket object at 0x00000225CDAE1450>
  File "C:\Users\pecas\AppData\Local\Python\pythoncore-3.14-64\Lib\site-packages\websocket\_core.py", line 263, in connect
    self.sock, addrs = connect(
    │    │             └ <function connect at 0x00000225CDAB41A0>
    │    └ None
    └ <websocket._core.WebSocket object at 0x00000225CDAE1450>
  File "C:\Users\pecas\AppData\Local\Python\pythoncore-3.14-64\Lib\site-packages\websocket\_http.py", line 133, in connect
    hostname, port_from_url, resource, is_secure = parse_url(url)
                                                   │         └ 'https://localhost'
                                                   └ <function parse_url at 0x00000225CDA837F0>
  File "C:\Users\pecas\AppData\Local\Python\pythoncore-3.14-64\Lib\site-packages\websocket\_url.py", line 62, in parse_url
    raise ValueError("scheme %s is invalid" % scheme)
                                              └ 'https'

ValueError: scheme https is invalid
2026-08-02 19:45:36.227 | ERROR    | app.infrastructure.websocket.client:_run:52 - Websocket failed: scheme https is invalid
Traceback (most recent call last):

  File "C:\Users\pecas\AppData\Local\Python\pythoncore-3.14-64\Lib\threading.py", line 1044, in _bootstrap
    self._bootstrap_inner()
    │    └ <function Thread._bootstrap_inner at 0x00000225CAAEEE50>
    └ <Thread(Thread-2 (_run), started 2580)>
  File "C:\Users\pecas\AppData\Local\Python\pythoncore-3.14-64\Lib\threading.py", line 1082, in _bootstrap_inner
    self._context.run(self.run)
    │    │        │   │    └ <function Thread.run at 0x00000225CAAEEAE0>
    │    │        │   └ <Thread(Thread-2 (_run), started 2580)>
    │    │        └ <method 'run' of '_contextvars.Context' objects>
    │    └ <_contextvars.Context object at 0x00000225CD916FC0>
    └ <Thread(Thread-2 (_run), started 2580)>
  File "C:\Users\pecas\AppData\Local\Python\pythoncore-3.14-64\Lib\threading.py", line 1024, in run
    self._target(*self._args, **self._kwargs)
    │    │        │    │        │    └ {}
    │    │        │    │        └ <Thread(Thread-2 (_run), started 2580)>
    │    │        │    └ ()
    │    │        └ <Thread(Thread-2 (_run), started 2580)>
    │    └ <bound method WebSocketClient._run of <app.infrastructure.websocket.client.WebSocketClient object at 0x00000225CD9A96A0>>
    └ <Thread(Thread-2 (_run), started 2580)>

> File "C:\Users\pecas\OneDrive\Área de Trabalho\print gsn\app\infrastructure\websocket\client.py", line 48, in _run
    self._ws = websocket.create_connection(self._settings.server_url, timeout=5)
    │    │     │         │                 │    │         └ <member 'server_url' of 'Settings' objects>
    │    │     │         │                 │    └ Settings(server_url='https://localhost', token='demo-token', computer_name='GSN-PRINT', heartbeat_interval_seconds=30, auto_r...
    │    │     │         │                 └ <app.infrastructure.websocket.client.WebSocketClient object at 0x00000225CD9A96A0>
    │    │     │         └ <function create_connection at 0x00000225CDABC300>
    │    │     └ <module 'websocket' from 'C:\\Users\\pecas\\AppData\\Local\\Python\\pythoncore-3.14-64\\Lib\\site-packages\\websocket\\__init...
    │    └ None
    └ <app.infrastructure.websocket.client.WebSocketClient object at 0x00000225CD9A96A0>

  File "C:\Users\pecas\AppData\Local\Python\pythoncore-3.14-64\Lib\site-packages\websocket\_core.py", line 664, in create_connection
    websock.connect(url, **options)
    │       │       │      └ {}
    │       │       └ 'https://localhost'
    │       └ <function WebSocket.connect at 0x00000225CDAB6CF0>
    └ <websocket._core.WebSocket object at 0x00000225CDAE14F0>
  File "C:\Users\pecas\AppData\Local\Python\pythoncore-3.14-64\Lib\site-packages\websocket\_core.py", line 263, in connect
    self.sock, addrs = connect(
    │    │             └ <function connect at 0x00000225CDAB41A0>
    │    └ None
    └ <websocket._core.WebSocket object at 0x00000225CDAE14F0>
  File "C:\Users\pecas\AppData\Local\Python\pythoncore-3.14-64\Lib\site-packages\websocket\_http.py", line 133, in connect
    hostname, port_from_url, resource, is_secure = parse_url(url)
                                                   │         └ 'https://localhost'
                                                   └ <function parse_url at 0x00000225CDA837F0>
  File "C:\Users\pecas\AppData\Local\Python\pythoncore-3.14-64\Lib\site-packages\websocket\_url.py", line 62, in parse_url
    raise ValueError("scheme %s is invalid" % scheme)
                                              └ 'https'

ValueError: scheme https is invalid
2026-08-02 19:45:41.229 | ERROR    | app.infrastructure.websocket.client:_run:52 - Websocket failed: scheme https is invalid
Traceback (most recent call last):

  File "C:\Users\pecas\AppData\Local\Python\pythoncore-3.14-64\Lib\threading.py", line 1044, in _bootstrap
    self._bootstrap_inner()
    │    └ <function Thread._bootstrap_inner at 0x00000225CAAEEE50>
    └ <Thread(Thread-2 (_run), started 2580)>
  File "C:\Users\pecas\AppData\Local\Python\pythoncore-3.14-64\Lib\threading.py", line 1082, in _bootstrap_inner
    self._context.run(self.run)
    │    │        │   │    └ <function Thread.run at 0x00000225CAAEEAE0>
    │    │        │   └ <Thread(Thread-2 (_run), started 2580)>
    │    │        └ <method 'run' of '_contextvars.Context' objects>
    │    └ <_contextvars.Context object at 0x00000225CD916FC0>
    └ <Thread(Thread-2 (_run), started 2580)>
  File "C:\Users\pecas\AppData\Local\Python\pythoncore-3.14-64\Lib\threading.py", line 1024, in run
    self._target(*self._args, **self._kwargs)
    │    │        │    │        │    └ {}
    │    │        │    │        └ <Thread(Thread-2 (_run), started 2580)>
    │    │        │    └ ()
    │    │        └ <Thread(Thread-2 (_run), started 2580)>
    │    └ <bound method WebSocketClient._run of <app.infrastructure.websocket.client.WebSocketClient object at 0x00000225CD9A96A0>>
    └ <Thread(Thread-2 (_run), started 2580)>

> File "C:\Users\pecas\OneDrive\Área de Trabalho\print gsn\app\infrastructure\websocket\client.py", line 48, in _run
    self._ws = websocket.create_connection(self._settings.server_url, timeout=5)
    │    │     │         │                 │    │         └ <member 'server_url' of 'Settings' objects>
    │    │     │         │                 │    └ Settings(server_url='https://localhost', token='demo-token', computer_name='GSN-PRINT', heartbeat_interval_seconds=30, auto_r...
    │    │     │         │                 └ <app.infrastructure.websocket.client.WebSocketClient object at 0x00000225CD9A96A0>
    │    │     │         └ <function create_connection at 0x00000225CDABC300>
    │    │     └ <module 'websocket' from 'C:\\Users\\pecas\\AppData\\Local\\Python\\pythoncore-3.14-64\\Lib\\site-packages\\websocket\\__init...
    │    └ None
    └ <app.infrastructure.websocket.client.WebSocketClient object at 0x00000225CD9A96A0>

  File "C:\Users\pecas\AppData\Local\Python\pythoncore-3.14-64\Lib\site-packages\websocket\_core.py", line 664, in create_connection
    websock.connect(url, **options)
    │       │       │      └ {}
    │       │       └ 'https://localhost'
    │       └ <function WebSocket.connect at 0x00000225CDAB6CF0>
    └ <websocket._core.WebSocket object at 0x00000225CDAE1590>
  File "C:\Users\pecas\AppData\Local\Python\pythoncore-3.14-64\Lib\site-packages\websocket\_core.py", line 263, in connect
    self.sock, addrs = connect(
    │    │             └ <function connect at 0x00000225CDAB41A0>
    │    └ None
    └ <websocket._core.WebSocket object at 0x00000225CDAE1590>
  File "C:\Users\pecas\AppData\Local\Python\pythoncore-3.14-64\Lib\site-packages\websocket\_http.py", line 133, in connect
    hostname, port_from_url, resource, is_secure = parse_url(url)
                                                   │         └ 'https://localhost'
                                                   └ <function parse_url at 0x00000225CDA837F0>
  File "C:\Users\pecas\AppData\Local\Python\pythoncore-3.14-64\Lib\site-packages\websocket\_url.py", line 62, in parse_url
    raise ValueError("scheme %s is invalid" % scheme)
                                              └ 'https'

ValueError: scheme https is invalid
2026-08-02 19:45:46.231 | ERROR    | app.infrastructure.websocket.client:_run:52 - Websocket failed: scheme https is invalid
Traceback (most recent call last):

  File "C:\Users\pecas\AppData\Local\Python\pythoncore-3.14-64\Lib\threading.py", line 1044, in _bootstrap
    self._bootstrap_inner()
    │    └ <function Thread._bootstrap_inner at 0x00000225CAAEEE50>
    └ <Thread(Thread-2 (_run), started 2580)>
  File "C:\Users\pecas\AppData\Local\Python\pythoncore-3.14-64\Lib\threading.py", line 1082, in _bootstrap_inner
    self._context.run(self.run)
    │    │        │   │    └ <function Thread.run at 0x00000225CAAEEAE0>
    │    │        │   └ <Thread(Thread-2 (_run), started 2580)>
    │    │        └ <method 'run' of '_contextvars.Context' objects>
    │    └ <_contextvars.Context object at 0x00000225CD916FC0>
    └ <Thread(Thread-2 (_run), started 2580)>
  File "C:\Users\pecas\AppData\Local\Python\pythoncore-3.14-64\Lib\threading.py", line 1024, in run
    self._target(*self._args, **self._kwargs)
    │    │        │    │        │    └ {}
    │    │        │    │        └ <Thread(Thread-2 (_run), started 2580)>
    │    │        │    └ ()
    │    │        └ <Thread(Thread-2 (_run), started 2580)>
    │    └ <bound method WebSocketClient._run of <app.infrastructure.websocket.client.WebSocketClient object at 0x00000225CD9A96A0>>
    └ <Thread(Thread-2 (_run), started 2580)>

> File "C:\Users\pecas\OneDrive\Área de Trabalho\print gsn\app\infrastructure\websocket\client.py", line 48, in _run
    self._ws = websocket.create_connection(self._settings.server_url, timeout=5)
    │    │     │         │                 │    │         └ <member 'server_url' of 'Settings' objects>
    │    │     │         │                 │    └ Settings(server_url='https://localhost', token='demo-token', computer_name='GSN-PRINT', heartbeat_interval_seconds=30, auto_r...
    │    │     │         │                 └ <app.infrastructure.websocket.client.WebSocketClient object at 0x00000225CD9A96A0>
    │    │     │         └ <function create_connection at 0x00000225CDABC300>
    │    │     └ <module 'websocket' from 'C:\\Users\\pecas\\AppData\\Local\\Python\\pythoncore-3.14-64\\Lib\\site-packages\\websocket\\__init...
    │    └ None
    └ <app.infrastructure.websocket.client.WebSocketClient object at 0x00000225CD9A96A0>

  File "C:\Users\pecas\AppData\Local\Python\pythoncore-3.14-64\Lib\site-packages\websocket\_core.py", line 664, in create_connection
    websock.connect(url, **options)
    │       │       │      └ {}
    │       │       └ 'https://localhost'
    │       └ <function WebSocket.connect at 0x00000225CDAB6CF0>
    └ <websocket._core.WebSocket object at 0x00000225CDAE1630>
  File "C:\Users\pecas\AppData\Local\Python\pythoncore-3.14-64\Lib\site-packages\websocket\_core.py", line 263, in connect
    self.sock, addrs = connect(
    │    │             └ <function connect at 0x00000225CDAB41A0>
    │    └ None
    └ <websocket._core.WebSocket object at 0x00000225CDAE1630>
  File "C:\Users\pecas\AppData\Local\Python\pythoncore-3.14-64\Lib\site-packages\websocket\_http.py", line 133, in connect
    hostname, port_from_url, resource, is_secure = parse_url(url)
                                                   │         └ 'https://localhost'
                                                   └ <function parse_url at 0x00000225CDA837F0>
  File "C:\Users\pecas\AppData\Local\Python\pythoncore-3.14-64\Lib\site-packages\websocket\_url.py", line 62, in parse_url
    raise ValueError("scheme %s is invalid" % scheme)
                                              └ 'https'

ValueError: scheme https is invalid
2026-08-02 19:45:51.233 | ERROR    | app.infrastructure.websocket.client:_run:52 - Websocket failed: scheme https is invalid
Traceback (most recent call last):

  File "C:\Users\pecas\AppData\Local\Python\pythoncore-3.14-64\Lib\threading.py", line 1044, in _bootstrap
    self._bootstrap_inner()
    │    └ <function Thread._bootstrap_inner at 0x00000225CAAEEE50>
    └ <Thread(Thread-2 (_run), started 2580)>
  File "C:\Users\pecas\AppData\Local\Python\pythoncore-3.14-64\Lib\threading.py", line 1082, in _bootstrap_inner
    self._context.run(self.run)
    │    │        │   │    └ <function Thread.run at 0x00000225CAAEEAE0>
    │    │        │   └ <Thread(Thread-2 (_run), started 2580)>
    │    │        └ <method 'run' of '_contextvars.Context' objects>
    │    └ <_contextvars.Context object at 0x00000225CD916FC0>
    └ <Thread(Thread-2 (_run), started 2580)>
  File "C:\Users\pecas\AppData\Local\Python\pythoncore-3.14-64\Lib\threading.py", line 1024, in run
    self._target(*self._args, **self._kwargs)
    │    │        │    │        │    └ {}
    │    │        │    │        └ <Thread(Thread-2 (_run), started 2580)>
    │    │        │    └ ()
    │    │        └ <Thread(Thread-2 (_run), started 2580)>
    │    └ <bound method WebSocketClient._run of <app.infrastructure.websocket.client.WebSocketClient object at 0x00000225CD9A96A0>>
    └ <Thread(Thread-2 (_run), started 2580)>

> File "C:\Users\pecas\OneDrive\Área de Trabalho\print gsn\app\infrastructure\websocket\client.py", line 48, in _run
    self._ws = websocket.create_connection(self._settings.server_url, timeout=5)
    │    │     │         │                 │    │         └ <member 'server_url' of 'Settings' objects>
    │    │     │         │                 │    └ Settings(server_url='https://localhost', token='demo-token', computer_name='GSN-PRINT', heartbeat_interval_seconds=30, auto_r...
    │    │     │         │                 └ <app.infrastructure.websocket.client.WebSocketClient object at 0x00000225CD9A96A0>
    │    │     │         └ <function create_connection at 0x00000225CDABC300>
    │    │     └ <module 'websocket' from 'C:\\Users\\pecas\\AppData\\Local\\Python\\pythoncore-3.14-64\\Lib\\site-packages\\websocket\\__init...
    │    └ None
    └ <app.infrastructure.websocket.client.WebSocketClient object at 0x00000225CD9A96A0>

  File "C:\Users\pecas\AppData\Local\Python\pythoncore-3.14-64\Lib\site-packages\websocket\_core.py", line 664, in create_connection
    websock.connect(url, **options)
    │       │       │      └ {}
    │       │       └ 'https://localhost'
    │       └ <function WebSocket.connect at 0x00000225CDAB6CF0>
    └ <websocket._core.WebSocket object at 0x00000225CDAE16D0>
  File "C:\Users\pecas\AppData\Local\Python\pythoncore-3.14-64\Lib\site-packages\websocket\_core.py", line 263, in connect
    self.sock, addrs = connect(
    │    │             └ <function connect at 0x00000225CDAB41A0>
    │    └ None
    └ <websocket._core.WebSocket object at 0x00000225CDAE16D0>
  File "C:\Users\pecas\AppData\Local\Python\pythoncore-3.14-64\Lib\site-packages\websocket\_http.py", line 133, in connect
    hostname, port_from_url, resource, is_secure = parse_url(url)
                                                   │         └ 'https://localhost'
                                                   └ <function parse_url at 0x00000225CDA837F0>
  File "C:\Users\pecas\AppData\Local\Python\pythoncore-3.14-64\Lib\site-packages\websocket\_url.py", line 62, in parse_url
    raise ValueError("scheme %s is invalid" % scheme)
                                              └ 'https'

ValueError: scheme https is invalid
2026-08-02 19:45:55.313 | WARNING  | app.infrastructure.websocket.client:_run:49 - Websocket server URL is not supported: https://localhost
2026-08-02 19:53:42.165 | WARNING  | app.infrastructure.websocket.client:_run:49 - Websocket server URL is not supported: https://localhost
2026-08-02 20:00:16.238 | WARNING  | app.infrastructure.websocket.client:_run:49 - Websocket server URL is not supported: https://localhost
2026-08-02 20:06:04.061 | WARNING  | app.infrastructure.websocket.client:_run:49 - Websocket server URL is not supported: https://localhost
2026-08-02 20:15:38.967 | WARNING  | app.infrastructure.websocket.client:_run:49 - Websocket server URL is not supported: https://localhost
2026-08-02 20:21:47.222 | WARNING  | app.infrastructure.websocket.client:_run:49 - Websocket server URL is not supported: https://localhost
2026-08-02 20:42:08.715 | INFO     | app.infrastructure.websocket.client:connect:56 - WebSocket client started
2026-08-02 20:42:08.718 | DEBUG    | app.infrastructure.websocket.dispatcher:dispatch:26 - Dispatching message | type=print | id=514e1c04-3133-49ee-9192-b9abf33a9c21
2026-08-02 20:42:08.719 | DEBUG    | app.infrastructure.websocket.dispatcher:dispatch:26 - Dispatching message | type=unknown_type | id=cb5e533c-c0b4-4f9b-8cf4-2989e380e42e
2026-08-02 20:42:08.719 | WARNING  | app.infrastructure.websocket.dispatcher:dispatch:35 - No handler registered for message type: unknown_type
2026-08-02 20:42:08.721 | DEBUG    | app.infrastructure.websocket.dispatcher:dispatch:26 - Dispatching message | type=unknown_type | id=e3ca9336-728c-4521-bf03-f737fe74b146
2026-08-02 20:42:09.157 | INFO     | app.infrastructure.websocket.client:connect:56 - WebSocket client started
2026-08-02 20:42:11.183 | ERROR    | app.infrastructure.websocket.client:_run:98 - WebSocket connection error: [WinError 10061] Nenhuma conexão pôde ser feita porque a máquina de destino as recusou ativamente
Traceback (most recent call last):

  File "C:\Users\pecas\AppData\Local\Python\pythoncore-3.14-64\Lib\threading.py", line 1044, in _bootstrap
    self._bootstrap_inner()
    │    └ <function Thread._bootstrap_inner at 0x000002BE90F0EB90>
    └ <Thread(ws-client, started 16632)>
  File "C:\Users\pecas\AppData\Local\Python\pythoncore-3.14-64\Lib\threading.py", line 1082, in _bootstrap_inner
    self._context.run(self.run)
    │    │        │   │    └ <function Thread.run at 0x000002BE90F0E820>
    │    │        │   └ <Thread(ws-client, started 16632)>
    │    │        └ <method 'run' of '_contextvars.Context' objects>
    │    └ <_contextvars.Context object at 0x000002BE9447FB40>
    └ <Thread(ws-client, started 16632)>
  File "C:\Users\pecas\AppData\Local\Python\pythoncore-3.14-64\Lib\threading.py", line 1024, in run
    self._target(*self._args, **self._kwargs)
    │    │        │    │        │    └ {}
    │    │        │    │        └ <Thread(ws-client, started 16632)>
    │    │        │    └ ()
    │    │        └ <Thread(ws-client, started 16632)>
    │    └ <bound method WebSocketClient._run of <app.infrastructure.websocket.client.WebSocketClient object at 0x000002BE944B2710>>
    └ <Thread(ws-client, started 16632)>

> File "C:\Users\pecas\OneDrive\Área de Trabalho\print gsn\app\infrastructure\websocket\client.py", line 96, in _run
    self._connect_and_serve()
    │    └ <function WebSocketClient._connect_and_serve at 0x000002BE94413060>
    └ <app.infrastructure.websocket.client.WebSocketClient object at 0x000002BE944B2710>

  File "C:\Users\pecas\OneDrive\Área de Trabalho\print gsn\app\infrastructure\websocket\client.py", line 110, in _connect_and_serve
    ws = websocket.create_connection(
         │         └ <function create_connection at 0x000002BE943E1850>
         └ <module 'websocket' from 'C:\\Users\\pecas\\AppData\\Local\\Python\\pythoncore-3.14-64\\Lib\\site-packages\\websocket\\__init...

  File "C:\Users\pecas\AppData\Local\Python\pythoncore-3.14-64\Lib\site-packages\websocket\_core.py", line 664, in create_connection
    websock.connect(url, **options)
    │       │       │      └ {}
    │       │       └ 'ws://127.0.0.1:1'
    │       └ <function WebSocket.connect at 0x000002BE943E0300>
    └ <websocket._core.WebSocket object at 0x000002BE944B2AD0>
  File "C:\Users\pecas\AppData\Local\Python\pythoncore-3.14-64\Lib\site-packages\websocket\_core.py", line 263, in connect
    self.sock, addrs = connect(
    │    │             └ <function connect at 0x000002BE943CD6F0>
    │    └ None
    └ <websocket._core.WebSocket object at 0x000002BE944B2AD0>
  File "C:\Users\pecas\AppData\Local\Python\pythoncore-3.14-64\Lib\site-packages\websocket\_http.py", line 146, in connect
    sock = _open_socket(addrinfo_list, options.sockopt, options.timeout)
           │            │              │       │        │       └ 5
           │            │              │       │        └ <websocket._socket.sock_opt object at 0x000002BE944B2C10>
           │            │              │       └ []
           │            │              └ <websocket._socket.sock_opt object at 0x000002BE944B2C10>
           │            └ [(<AddressFamily.AF_INET: 2>, <SocketKind.SOCK_STREAM: 1>, 6, '', ('127.0.0.1', 1))]
           └ <function _open_socket at 0x000002BE943CD900>
  File "C:\Users\pecas\AppData\Local\Python\pythoncore-3.14-64\Lib\site-packages\websocket\_http.py", line 233, in _open_socket
    raise err
          └ ConnectionRefusedError(10061, 'Nenhuma conexão pôde ser feita porque a máquina de destino as recusou ativamente', None, 10061...
  File "C:\Users\pecas\AppData\Local\Python\pythoncore-3.14-64\Lib\site-packages\websocket\_http.py", line 210, in _open_socket
    sock.connect(address)
    │    │       └ ('127.0.0.1', 1)
    │    └ <method 'connect' of '_socket.socket' objects>
    └ <socket.socket [closed] fd=-1, family=2, type=1, proto=6>

ConnectionRefusedError: [WinError 10061] Nenhuma conexão pôde ser feita porque a máquina de destino as recusou ativamente
2026-08-02 20:42:12.800 | ERROR    | app.infrastructure.websocket.client:_run:98 - WebSocket connection error: [WinError 10061] Nenhuma conexão pôde ser feita porque a máquina de destino as recusou ativamente
Traceback (most recent call last):

  File "C:\Users\pecas\AppData\Local\Python\pythoncore-3.14-64\Lib\threading.py", line 1044, in _bootstrap
    self._bootstrap_inner()
    │    └ <function Thread._bootstrap_inner at 0x000002BE90F0EB90>
    └ <Thread(ws-client, started 17808)>
  File "C:\Users\pecas\AppData\Local\Python\pythoncore-3.14-64\Lib\threading.py", line 1082, in _bootstrap_inner
    self._context.run(self.run)
    │    │        │   │    └ <function Thread.run at 0x000002BE90F0E820>
    │    │        │   └ <Thread(ws-client, started 17808)>
    │    │        └ <method 'run' of '_contextvars.Context' objects>
    │    └ <_contextvars.Context object at 0x000002BE943EAD80>
    └ <Thread(ws-client, started 17808)>
  File "C:\Users\pecas\AppData\Local\Python\pythoncore-3.14-64\Lib\threading.py", line 1024, in run
    self._target(*self._args, **self._kwargs)
    │    │        │    │        │    └ {}
    │    │        │    │        └ <Thread(ws-client, started 17808)>
    │    │        │    └ ()
    │    │        └ <Thread(ws-client, started 17808)>
    │    └ <bound method WebSocketClient._run of <app.infrastructure.websocket.client.WebSocketClient object at 0x000002BE943D57F0>>
    └ <Thread(ws-client, started 17808)>

> File "C:\Users\pecas\OneDrive\Área de Trabalho\print gsn\app\infrastructure\websocket\client.py", line 96, in _run
    self._connect_and_serve()
    │    └ <function WebSocketClient._connect_and_serve at 0x000002BE94413060>
    └ <app.infrastructure.websocket.client.WebSocketClient object at 0x000002BE943D57F0>

  File "C:\Users\pecas\OneDrive\Área de Trabalho\print gsn\app\infrastructure\websocket\client.py", line 110, in _connect_and_serve
    ws = websocket.create_connection(
         │         └ <function create_connection at 0x000002BE943E1850>
         └ <module 'websocket' from 'C:\\Users\\pecas\\AppData\\Local\\Python\\pythoncore-3.14-64\\Lib\\site-packages\\websocket\\__init...

  File "C:\Users\pecas\AppData\Local\Python\pythoncore-3.14-64\Lib\site-packages\websocket\_core.py", line 664, in create_connection
    websock.connect(url, **options)
    │       │       │      └ {}
    │       │       └ 'wss://localhost'
    │       └ <function WebSocket.connect at 0x000002BE943E0300>
    └ <websocket._core.WebSocket object at 0x000002BE943D5A90>
  File "C:\Users\pecas\AppData\Local\Python\pythoncore-3.14-64\Lib\site-packages\websocket\_core.py", line 263, in connect
    self.sock, addrs = connect(
    │    │             └ <function connect at 0x000002BE943CD6F0>
    │    └ None
    └ <websocket._core.WebSocket object at 0x000002BE943D5A90>
  File "C:\Users\pecas\AppData\Local\Python\pythoncore-3.14-64\Lib\site-packages\websocket\_http.py", line 146, in connect
    sock = _open_socket(addrinfo_list, options.sockopt, options.timeout)
           │            │              │       │        │       └ 5
           │            │              │       │        └ <websocket._socket.sock_opt object at 0x000002BE943D5BE0>
           │            │              │       └ []
           │            │              └ <websocket._socket.sock_opt object at 0x000002BE943D5BE0>
           │            └ [(<AddressFamily.AF_INET6: 23>, <SocketKind.SOCK_STREAM: 1>, 6, '', ('::1', 443, 0, 0)), (<AddressFamily.AF_INET: 2>, <Socket...
           └ <function _open_socket at 0x000002BE943CD900>
  File "C:\Users\pecas\AppData\Local\Python\pythoncore-3.14-64\Lib\site-packages\websocket\_http.py", line 233, in _open_socket
    raise err
          └ ConnectionRefusedError(10061, 'Nenhuma conexão pôde ser feita porque a máquina de destino as recusou ativamente', None, 10061...
  File "C:\Users\pecas\AppData\Local\Python\pythoncore-3.14-64\Lib\site-packages\websocket\_http.py", line 210, in _open_socket
    sock.connect(address)
    │    │       └ ('127.0.0.1', 443)
    │    └ <method 'connect' of '_socket.socket' objects>
    └ <socket.socket [closed] fd=-1, family=2, type=1, proto=6>

ConnectionRefusedError: [WinError 10061] Nenhuma conexão pôde ser feita porque a máquina de destino as recusou ativamente
2026-08-02 20:42:12.802 | INFO     | app.infrastructure.websocket.client:_run:105 - Reconnecting in 1.0s
2026-08-02 20:42:17.876 | ERROR    | app.infrastructure.websocket.client:_run:98 - WebSocket connection error: [WinError 10061] Nenhuma conexão pôde ser feita porque a máquina de destino as recusou ativamente
Traceback (most recent call last):

  File "C:\Users\pecas\AppData\Local\Python\pythoncore-3.14-64\Lib\threading.py", line 1044, in _bootstrap
    self._bootstrap_inner()
    │    └ <function Thread._bootstrap_inner at 0x000002BE90F0EB90>
    └ <Thread(ws-client, started 17808)>
  File "C:\Users\pecas\AppData\Local\Python\pythoncore-3.14-64\Lib\threading.py", line 1082, in _bootstrap_inner
    self._context.run(self.run)
    │    │        │   │    └ <function Thread.run at 0x000002BE90F0E820>
    │    │        │   └ <Thread(ws-client, started 17808)>
    │    │        └ <method 'run' of '_contextvars.Context' objects>
    │    └ <_contextvars.Context object at 0x000002BE943EAD80>
    └ <Thread(ws-client, started 17808)>
  File "C:\Users\pecas\AppData\Local\Python\pythoncore-3.14-64\Lib\threading.py", line 1024, in run
    self._target(*self._args, **self._kwargs)
    │    │        │    │        │    └ {}
    │    │        │    │        └ <Thread(ws-client, started 17808)>
    │    │        │    └ ()
    │    │        └ <Thread(ws-client, started 17808)>
    │    └ <bound method WebSocketClient._run of <app.infrastructure.websocket.client.WebSocketClient object at 0x000002BE943D57F0>>
    └ <Thread(ws-client, started 17808)>

> File "C:\Users\pecas\OneDrive\Área de Trabalho\print gsn\app\infrastructure\websocket\client.py", line 96, in _run
    self._connect_and_serve()
    │    └ <function WebSocketClient._connect_and_serve at 0x000002BE94413060>
    └ <app.infrastructure.websocket.client.WebSocketClient object at 0x000002BE943D57F0>

  File "C:\Users\pecas\OneDrive\Área de Trabalho\print gsn\app\infrastructure\websocket\client.py", line 110, in _connect_and_serve
    ws = websocket.create_connection(
         │         └ <function create_connection at 0x000002BE943E1850>
         └ <module 'websocket' from 'C:\\Users\\pecas\\AppData\\Local\\Python\\pythoncore-3.14-64\\Lib\\site-packages\\websocket\\__init...

  File "C:\Users\pecas\AppData\Local\Python\pythoncore-3.14-64\Lib\site-packages\websocket\_core.py", line 664, in create_connection
    websock.connect(url, **options)
    │       │       │      └ {}
    │       │       └ 'wss://localhost'
    │       └ <function WebSocket.connect at 0x000002BE943E0300>
    └ <websocket._core.WebSocket object at 0x000002BE93BFDBD0>
  File "C:\Users\pecas\AppData\Local\Python\pythoncore-3.14-64\Lib\site-packages\websocket\_core.py", line 263, in connect
    self.sock, addrs = connect(
    │    │             └ <function connect at 0x000002BE943CD6F0>
    │    └ None
    └ <websocket._core.WebSocket object at 0x000002BE93BFDBD0>
  File "C:\Users\pecas\AppData\Local\Python\pythoncore-3.14-64\Lib\site-packages\websocket\_http.py", line 146, in connect
    sock = _open_socket(addrinfo_list, options.sockopt, options.timeout)
           │            │              │       │        │       └ 5
           │            │              │       │        └ <websocket._socket.sock_opt object at 0x000002BE93BFDF90>
           │            │              │       └ []
           │            │              └ <websocket._socket.sock_opt object at 0x000002BE93BFDF90>
           │            └ [(<AddressFamily.AF_INET6: 23>, <SocketKind.SOCK_STREAM: 1>, 6, '', ('::1', 443, 0, 0)), (<AddressFamily.AF_INET: 2>, <Socket...
           └ <function _open_socket at 0x000002BE943CD900>
  File "C:\Users\pecas\AppData\Local\Python\pythoncore-3.14-64\Lib\site-packages\websocket\_http.py", line 233, in _open_socket
    raise err
          └ ConnectionRefusedError(10061, 'Nenhuma conexão pôde ser feita porque a máquina de destino as recusou ativamente', None, 10061...
  File "C:\Users\pecas\AppData\Local\Python\pythoncore-3.14-64\Lib\site-packages\websocket\_http.py", line 210, in _open_socket
    sock.connect(address)
    │    │       └ ('127.0.0.1', 443)
    │    └ <method 'connect' of '_socket.socket' objects>
    └ <socket.socket [closed] fd=-1, family=2, type=1, proto=6>

ConnectionRefusedError: [WinError 10061] Nenhuma conexão pôde ser feita porque a máquina de destino as recusou ativamente
2026-08-02 20:42:17.878 | INFO     | app.infrastructure.websocket.client:_run:105 - Reconnecting in 2.0s
2026-08-02 20:42:23.937 | ERROR    | app.infrastructure.websocket.client:_run:98 - WebSocket connection error: [WinError 10061] Nenhuma conexão pôde ser feita porque a máquina de destino as recusou ativamente
Traceback (most recent call last):

  File "C:\Users\pecas\AppData\Local\Python\pythoncore-3.14-64\Lib\threading.py", line 1044, in _bootstrap
    self._bootstrap_inner()
    │    └ <function Thread._bootstrap_inner at 0x000002BE90F0EB90>
    └ <Thread(ws-client, started 17808)>
  File "C:\Users\pecas\AppData\Local\Python\pythoncore-3.14-64\Lib\threading.py", line 1082, in _bootstrap_inner
    self._context.run(self.run)
    │    │        │   │    └ <function Thread.run at 0x000002BE90F0E820>
    │    │        │   └ <Thread(ws-client, started 17808)>
    │    │        └ <method 'run' of '_contextvars.Context' objects>
    │    └ <_contextvars.Context object at 0x000002BE943EAD80>
    └ <Thread(ws-client, started 17808)>
  File "C:\Users\pecas\AppData\Local\Python\pythoncore-3.14-64\Lib\threading.py", line 1024, in run
    self._target(*self._args, **self._kwargs)
    │    │        │    │        │    └ {}
    │    │        │    │        └ <Thread(ws-client, started 17808)>
    │    │        │    └ ()
    │    │        └ <Thread(ws-client, started 17808)>
    │    └ <bound method WebSocketClient._run of <app.infrastructure.websocket.client.WebSocketClient object at 0x000002BE943D57F0>>
    └ <Thread(ws-client, started 17808)>

> File "C:\Users\pecas\OneDrive\Área de Trabalho\print gsn\app\infrastructure\websocket\client.py", line 96, in _run
    self._connect_and_serve()
    │    └ <function WebSocketClient._connect_and_serve at 0x000002BE94413060>
    └ <app.infrastructure.websocket.client.WebSocketClient object at 0x000002BE943D57F0>

  File "C:\Users\pecas\OneDrive\Área de Trabalho\print gsn\app\infrastructure\websocket\client.py", line 110, in _connect_and_serve
    ws = websocket.create_connection(
         │         └ <function create_connection at 0x000002BE943E1850>
         └ <module 'websocket' from 'C:\\Users\\pecas\\AppData\\Local\\Python\\pythoncore-3.14-64\\Lib\\site-packages\\websocket\\__init...

  File "C:\Users\pecas\AppData\Local\Python\pythoncore-3.14-64\Lib\site-packages\websocket\_core.py", line 664, in create_connection
    websock.connect(url, **options)
    │       │       │      └ {}
    │       │       └ 'wss://localhost'
    │       └ <function WebSocket.connect at 0x000002BE943E0300>
    └ <websocket._core.WebSocket object at 0x000002BE94254050>
  File "C:\Users\pecas\AppData\Local\Python\pythoncore-3.14-64\Lib\site-packages\websocket\_core.py", line 263, in connect
    self.sock, addrs = connect(
    │    │             └ <function connect at 0x000002BE943CD6F0>
    │    └ None
    └ <websocket._core.WebSocket object at 0x000002BE94254050>
  File "C:\Users\pecas\AppData\Local\Python\pythoncore-3.14-64\Lib\site-packages\websocket\_http.py", line 146, in connect
    sock = _open_socket(addrinfo_list, options.sockopt, options.timeout)
           │            │              │       │        │       └ 5
           │            │              │       │        └ <websocket._socket.sock_opt object at 0x000002BE94377E10>
           │            │              │       └ []
           │            │              └ <websocket._socket.sock_opt object at 0x000002BE94377E10>
           │            └ [(<AddressFamily.AF_INET6: 23>, <SocketKind.SOCK_STREAM: 1>, 6, '', ('::1', 443, 0, 0)), (<AddressFamily.AF_INET: 2>, <Socket...
           └ <function _open_socket at 0x000002BE943CD900>
  File "C:\Users\pecas\AppData\Local\Python\pythoncore-3.14-64\Lib\site-packages\websocket\_http.py", line 233, in _open_socket
    raise err
          └ ConnectionRefusedError(10061, 'Nenhuma conexão pôde ser feita porque a máquina de destino as recusou ativamente', None, 10061...
  File "C:\Users\pecas\AppData\Local\Python\pythoncore-3.14-64\Lib\site-packages\websocket\_http.py", line 210, in _open_socket
    sock.connect(address)
    │    │       └ ('127.0.0.1', 443)
    │    └ <method 'connect' of '_socket.socket' objects>
    └ <socket.socket [closed] fd=-1, family=2, type=1, proto=6>

ConnectionRefusedError: [WinError 10061] Nenhuma conexão pôde ser feita porque a máquina de destino as recusou ativamente
2026-08-02 20:42:23.939 | INFO     | app.infrastructure.websocket.client:_run:105 - Reconnecting in 4.0s
2026-08-02 20:42:32.023 | ERROR    | app.infrastructure.websocket.client:_run:98 - WebSocket connection error: [WinError 10061] Nenhuma conexão pôde ser feita porque a máquina de destino as recusou ativamente
Traceback (most recent call last):

  File "C:\Users\pecas\AppData\Local\Python\pythoncore-3.14-64\Lib\threading.py", line 1044, in _bootstrap
    self._bootstrap_inner()
    │    └ <function Thread._bootstrap_inner at 0x000002BE90F0EB90>
    └ <Thread(ws-client, started 17808)>
  File "C:\Users\pecas\AppData\Local\Python\pythoncore-3.14-64\Lib\threading.py", line 1082, in _bootstrap_inner
    self._context.run(self.run)
    │    │        │   │    └ <function Thread.run at 0x000002BE90F0E820>
    │    │        │   └ <Thread(ws-client, started 17808)>
    │    │        └ <method 'run' of '_contextvars.Context' objects>
    │    └ <_contextvars.Context object at 0x000002BE943EAD80>
    └ <Thread(ws-client, started 17808)>
  File "C:\Users\pecas\AppData\Local\Python\pythoncore-3.14-64\Lib\threading.py", line 1024, in run
    self._target(*self._args, **self._kwargs)
    │    │        │    │        │    └ {}
    │    │        │    │        └ <Thread(ws-client, started 17808)>
    │    │        │    └ ()
    │    │        └ <Thread(ws-client, started 17808)>
    │    └ <bound method WebSocketClient._run of <app.infrastructure.websocket.client.WebSocketClient object at 0x000002BE943D57F0>>
    └ <Thread(ws-client, started 17808)>

> File "C:\Users\pecas\OneDrive\Área de Trabalho\print gsn\app\infrastructure\websocket\client.py", line 96, in _run
    self._connect_and_serve()
    │    └ <function WebSocketClient._connect_and_serve at 0x000002BE94413060>
    └ <app.infrastructure.websocket.client.WebSocketClient object at 0x000002BE943D57F0>

  File "C:\Users\pecas\OneDrive\Área de Trabalho\print gsn\app\infrastructure\websocket\client.py", line 110, in _connect_and_serve
    ws = websocket.create_connection(
         │         └ <function create_connection at 0x000002BE943E1850>
         └ <module 'websocket' from 'C:\\Users\\pecas\\AppData\\Local\\Python\\pythoncore-3.14-64\\Lib\\site-packages\\websocket\\__init...

  File "C:\Users\pecas\AppData\Local\Python\pythoncore-3.14-64\Lib\site-packages\websocket\_core.py", line 664, in create_connection
    websock.connect(url, **options)
    │       │       │      └ {}
    │       │       └ 'wss://localhost'
    │       └ <function WebSocket.connect at 0x000002BE943E0300>
    └ <websocket._core.WebSocket object at 0x000002BE93C2F230>
  File "C:\Users\pecas\AppData\Local\Python\pythoncore-3.14-64\Lib\site-packages\websocket\_core.py", line 263, in connect
    self.sock, addrs = connect(
    │    │             └ <function connect at 0x000002BE943CD6F0>
    │    └ None
    └ <websocket._core.WebSocket object at 0x000002BE93C2F230>
  File "C:\Users\pecas\AppData\Local\Python\pythoncore-3.14-64\Lib\site-packages\websocket\_http.py", line 146, in connect
    sock = _open_socket(addrinfo_list, options.sockopt, options.timeout)
           │            │              │       │        │       └ 5
           │            │              │       │        └ <websocket._socket.sock_opt object at 0x000002BE93C2E9E0>
           │            │              │       └ []
           │            │              └ <websocket._socket.sock_opt object at 0x000002BE93C2E9E0>
           │            └ [(<AddressFamily.AF_INET6: 23>, <SocketKind.SOCK_STREAM: 1>, 6, '', ('::1', 443, 0, 0)), (<AddressFamily.AF_INET: 2>, <Socket...
           └ <function _open_socket at 0x000002BE943CD900>
  File "C:\Users\pecas\AppData\Local\Python\pythoncore-3.14-64\Lib\site-packages\websocket\_http.py", line 233, in _open_socket
    raise err
          └ ConnectionRefusedError(10061, 'Nenhuma conexão pôde ser feita porque a máquina de destino as recusou ativamente', None, 10061...
  File "C:\Users\pecas\AppData\Local\Python\pythoncore-3.14-64\Lib\site-packages\websocket\_http.py", line 210, in _open_socket
    sock.connect(address)
    │    │       └ ('127.0.0.1', 443)
    │    └ <method 'connect' of '_socket.socket' objects>
    └ <socket.socket [closed] fd=-1, family=2, type=1, proto=6>

ConnectionRefusedError: [WinError 10061] Nenhuma conexão pôde ser feita porque a máquina de destino as recusou ativamente
2026-08-02 20:42:32.026 | INFO     | app.infrastructure.websocket.client:_run:105 - Reconnecting in 8.0s
2026-08-02 20:42:44.093 | ERROR    | app.infrastructure.websocket.client:_run:98 - WebSocket connection error: [WinError 10061] Nenhuma conexão pôde ser feita porque a máquina de destino as recusou ativamente
Traceback (most recent call last):

  File "C:\Users\pecas\AppData\Local\Python\pythoncore-3.14-64\Lib\threading.py", line 1044, in _bootstrap
    self._bootstrap_inner()
    │    └ <function Thread._bootstrap_inner at 0x000002BE90F0EB90>
    └ <Thread(ws-client, started 17808)>
  File "C:\Users\pecas\AppData\Local\Python\pythoncore-3.14-64\Lib\threading.py", line 1082, in _bootstrap_inner
    self._context.run(self.run)
    │    │        │   │    └ <function Thread.run at 0x000002BE90F0E820>
    │    │        │   └ <Thread(ws-client, started 17808)>
    │    │        └ <method 'run' of '_contextvars.Context' objects>
    │    └ <_contextvars.Context object at 0x000002BE943EAD80>
    └ <Thread(ws-client, started 17808)>
  File "C:\Users\pecas\AppData\Local\Python\pythoncore-3.14-64\Lib\threading.py", line 1024, in run
    self._target(*self._args, **self._kwargs)
    │    │        │    │        │    └ {}
    │    │        │    │        └ <Thread(ws-client, started 17808)>
    │    │        │    └ ()
    │    │        └ <Thread(ws-client, started 17808)>
    │    └ <bound method WebSocketClient._run of <app.infrastructure.websocket.client.WebSocketClient object at 0x000002BE943D57F0>>
    └ <Thread(ws-client, started 17808)>

> File "C:\Users\pecas\OneDrive\Área de Trabalho\print gsn\app\infrastructure\websocket\client.py", line 96, in _run
    self._connect_and_serve()
    │    └ <function WebSocketClient._connect_and_serve at 0x000002BE94413060>
    └ <app.infrastructure.websocket.client.WebSocketClient object at 0x000002BE943D57F0>

  File "C:\Users\pecas\OneDrive\Área de Trabalho\print gsn\app\infrastructure\websocket\client.py", line 110, in _connect_and_serve
    ws = websocket.create_connection(
         │         └ <function create_connection at 0x000002BE943E1850>
         └ <module 'websocket' from 'C:\\Users\\pecas\\AppData\\Local\\Python\\pythoncore-3.14-64\\Lib\\site-packages\\websocket\\__init...

  File "C:\Users\pecas\AppData\Local\Python\pythoncore-3.14-64\Lib\site-packages\websocket\_core.py", line 664, in create_connection
    websock.connect(url, **options)
    │       │       │      └ {}
    │       │       └ 'wss://localhost'
    │       └ <function WebSocket.connect at 0x000002BE943E0300>
    └ <websocket._core.WebSocket object at 0x000002BE943BF2F0>
  File "C:\Users\pecas\AppData\Local\Python\pythoncore-3.14-64\Lib\site-packages\websocket\_core.py", line 263, in connect
    self.sock, addrs = connect(
    │    │             └ <function connect at 0x000002BE943CD6F0>
    │    └ None
    └ <websocket._core.WebSocket object at 0x000002BE943BF2F0>
  File "C:\Users\pecas\AppData\Local\Python\pythoncore-3.14-64\Lib\site-packages\websocket\_http.py", line 146, in connect
    sock = _open_socket(addrinfo_list, options.sockopt, options.timeout)
           │            │              │       │        │       └ 5
           │            │              │       │        └ <websocket._socket.sock_opt object at 0x000002BE943BF0B0>
           │            │              │       └ []
           │            │              └ <websocket._socket.sock_opt object at 0x000002BE943BF0B0>
           │            └ [(<AddressFamily.AF_INET6: 23>, <SocketKind.SOCK_STREAM: 1>, 6, '', ('::1', 443, 0, 0)), (<AddressFamily.AF_INET: 2>, <Socket...
           └ <function _open_socket at 0x000002BE943CD900>
  File "C:\Users\pecas\AppData\Local\Python\pythoncore-3.14-64\Lib\site-packages\websocket\_http.py", line 233, in _open_socket
    raise err
          └ ConnectionRefusedError(10061, 'Nenhuma conexão pôde ser feita porque a máquina de destino as recusou ativamente', None, 10061...
  File "C:\Users\pecas\AppData\Local\Python\pythoncore-3.14-64\Lib\site-packages\websocket\_http.py", line 210, in _open_socket
    sock.connect(address)
    │    │       └ ('127.0.0.1', 443)
    │    └ <method 'connect' of '_socket.socket' objects>
    └ <socket.socket [closed] fd=-1, family=2, type=1, proto=6>

ConnectionRefusedError: [WinError 10061] Nenhuma conexão pôde ser feita porque a máquina de destino as recusou ativamente
2026-08-02 20:42:44.095 | INFO     | app.infrastructure.websocket.client:_run:105 - Reconnecting in 16.0s
2026-08-02 20:43:04.190 | ERROR    | app.infrastructure.websocket.client:_run:98 - WebSocket connection error: [WinError 10061] Nenhuma conexão pôde ser feita porque a máquina de destino as recusou ativamente
Traceback (most recent call last):

  File "C:\Users\pecas\AppData\Local\Python\pythoncore-3.14-64\Lib\threading.py", line 1044, in _bootstrap
    self._bootstrap_inner()
    │    └ <function Thread._bootstrap_inner at 0x000002BE90F0EB90>
    └ <Thread(ws-client, started 17808)>
  File "C:\Users\pecas\AppData\Local\Python\pythoncore-3.14-64\Lib\threading.py", line 1082, in _bootstrap_inner
    self._context.run(self.run)
    │    │        │   │    └ <function Thread.run at 0x000002BE90F0E820>
    │    │        │   └ <Thread(ws-client, started 17808)>
    │    │        └ <method 'run' of '_contextvars.Context' objects>
    │    └ <_contextvars.Context object at 0x000002BE943EAD80>
    └ <Thread(ws-client, started 17808)>
  File "C:\Users\pecas\AppData\Local\Python\pythoncore-3.14-64\Lib\threading.py", line 1024, in run
    self._target(*self._args, **self._kwargs)
    │    │        │    │        │    └ {}
    │    │        │    │        └ <Thread(ws-client, started 17808)>
    │    │        │    └ ()
    │    │        └ <Thread(ws-client, started 17808)>
    │    └ <bound method WebSocketClient._run of <app.infrastructure.websocket.client.WebSocketClient object at 0x000002BE943D57F0>>
    └ <Thread(ws-client, started 17808)>

> File "C:\Users\pecas\OneDrive\Área de Trabalho\print gsn\app\infrastructure\websocket\client.py", line 96, in _run
    self._connect_and_serve()
    │    └ <function WebSocketClient._connect_and_serve at 0x000002BE94413060>
    └ <app.infrastructure.websocket.client.WebSocketClient object at 0x000002BE943D57F0>

  File "C:\Users\pecas\OneDrive\Área de Trabalho\print gsn\app\infrastructure\websocket\client.py", line 110, in _connect_and_serve
    ws = websocket.create_connection(
         │         └ <function create_connection at 0x000002BE943E1850>
         └ <module 'websocket' from 'C:\\Users\\pecas\\AppData\\Local\\Python\\pythoncore-3.14-64\\Lib\\site-packages\\websocket\\__init...

  File "C:\Users\pecas\AppData\Local\Python\pythoncore-3.14-64\Lib\site-packages\websocket\_core.py", line 664, in create_connection
    websock.connect(url, **options)
    │       │       │      └ {}
    │       │       └ 'wss://localhost'
    │       └ <function WebSocket.connect at 0x000002BE943E0300>
    └ <websocket._core.WebSocket object at 0x000002BE91587680>
  File "C:\Users\pecas\AppData\Local\Python\pythoncore-3.14-64\Lib\site-packages\websocket\_core.py", line 263, in connect
    self.sock, addrs = connect(
    │    │             └ <function connect at 0x000002BE943CD6F0>
    │    └ None
    └ <websocket._core.WebSocket object at 0x000002BE91587680>
  File "C:\Users\pecas\AppData\Local\Python\pythoncore-3.14-64\Lib\site-packages\websocket\_http.py", line 146, in connect
    sock = _open_socket(addrinfo_list, options.sockopt, options.timeout)
           │            │              │       │        │       └ 5
           │            │              │       │        └ <websocket._socket.sock_opt object at 0x000002BE93C956A0>
           │            │              │       └ []
           │            │              └ <websocket._socket.sock_opt object at 0x000002BE93C956A0>
           │            └ [(<AddressFamily.AF_INET6: 23>, <SocketKind.SOCK_STREAM: 1>, 6, '', ('::1', 443, 0, 0)), (<AddressFamily.AF_INET: 2>, <Socket...
           └ <function _open_socket at 0x000002BE943CD900>
  File "C:\Users\pecas\AppData\Local\Python\pythoncore-3.14-64\Lib\site-packages\websocket\_http.py", line 233, in _open_socket
    raise err
          └ ConnectionRefusedError(10061, 'Nenhuma conexão pôde ser feita porque a máquina de destino as recusou ativamente', None, 10061...
  File "C:\Users\pecas\AppData\Local\Python\pythoncore-3.14-64\Lib\site-packages\websocket\_http.py", line 210, in _open_socket
    sock.connect(address)
    │    │       └ ('127.0.0.1', 443)
    │    └ <method 'connect' of '_socket.socket' objects>
    └ <socket.socket [closed] fd=-1, family=2, type=1, proto=6>

ConnectionRefusedError: [WinError 10061] Nenhuma conexão pôde ser feita porque a máquina de destino as recusou ativamente
2026-08-02 20:43:04.192 | INFO     | app.infrastructure.websocket.client:_run:105 - Reconnecting in 30.0s
2026-08-02 20:43:38.270 | ERROR    | app.infrastructure.websocket.client:_run:98 - WebSocket connection error: [WinError 10061] Nenhuma conexão pôde ser feita porque a máquina de destino as recusou ativamente
Traceback (most recent call last):

  File "C:\Users\pecas\AppData\Local\Python\pythoncore-3.14-64\Lib\threading.py", line 1044, in _bootstrap
    self._bootstrap_inner()
    │    └ <function Thread._bootstrap_inner at 0x000002BE90F0EB90>
    └ <Thread(ws-client, started 17808)>
  File "C:\Users\pecas\AppData\Local\Python\pythoncore-3.14-64\Lib\threading.py", line 1082, in _bootstrap_inner
    self._context.run(self.run)
    │    │        │   │    └ <function Thread.run at 0x000002BE90F0E820>
    │    │        │   └ <Thread(ws-client, started 17808)>
    │    │        └ <method 'run' of '_contextvars.Context' objects>
    │    └ <_contextvars.Context object at 0x000002BE943EAD80>
    └ <Thread(ws-client, started 17808)>
  File "C:\Users\pecas\AppData\Local\Python\pythoncore-3.14-64\Lib\threading.py", line 1024, in run
    self._target(*self._args, **self._kwargs)
    │    │        │    │        │    └ {}
    │    │        │    │        └ <Thread(ws-client, started 17808)>
    │    │        │    └ ()
    │    │        └ <Thread(ws-client, started 17808)>
    │    └ <bound method WebSocketClient._run of <app.infrastructure.websocket.client.WebSocketClient object at 0x000002BE943D57F0>>
    └ <Thread(ws-client, started 17808)>

> File "C:\Users\pecas\OneDrive\Área de Trabalho\print gsn\app\infrastructure\websocket\client.py", line 96, in _run
    self._connect_and_serve()
    │    └ <function WebSocketClient._connect_and_serve at 0x000002BE94413060>
    └ <app.infrastructure.websocket.client.WebSocketClient object at 0x000002BE943D57F0>

  File "C:\Users\pecas\OneDrive\Área de Trabalho\print gsn\app\infrastructure\websocket\client.py", line 110, in _connect_and_serve
    ws = websocket.create_connection(
         │         └ <function create_connection at 0x000002BE943E1850>
         └ <module 'websocket' from 'C:\\Users\\pecas\\AppData\\Local\\Python\\pythoncore-3.14-64\\Lib\\site-packages\\websocket\\__init...

  File "C:\Users\pecas\AppData\Local\Python\pythoncore-3.14-64\Lib\site-packages\websocket\_core.py", line 664, in create_connection
    websock.connect(url, **options)
    │       │       │      └ {}
    │       │       └ 'wss://localhost'
    │       └ <function WebSocket.connect at 0x000002BE943E0300>
    └ <websocket._core.WebSocket object at 0x000002BE943A3240>
  File "C:\Users\pecas\AppData\Local\Python\pythoncore-3.14-64\Lib\site-packages\websocket\_core.py", line 263, in connect
    self.sock, addrs = connect(
    │    │             └ <function connect at 0x000002BE943CD6F0>
    │    └ None
    └ <websocket._core.WebSocket object at 0x000002BE943A3240>
  File "C:\Users\pecas\AppData\Local\Python\pythoncore-3.14-64\Lib\site-packages\websocket\_http.py", line 146, in connect
    sock = _open_socket(addrinfo_list, options.sockopt, options.timeout)
           │            │              │       │        │       └ 5
           │            │              │       │        └ <websocket._socket.sock_opt object at 0x000002BE943A3350>
           │            │              │       └ []
           │            │              └ <websocket._socket.sock_opt object at 0x000002BE943A3350>
           │            └ [(<AddressFamily.AF_INET6: 23>, <SocketKind.SOCK_STREAM: 1>, 6, '', ('::1', 443, 0, 0)), (<AddressFamily.AF_INET: 2>, <Socket...
           └ <function _open_socket at 0x000002BE943CD900>
  File "C:\Users\pecas\AppData\Local\Python\pythoncore-3.14-64\Lib\site-packages\websocket\_http.py", line 233, in _open_socket
    raise err
          └ ConnectionRefusedError(10061, 'Nenhuma conexão pôde ser feita porque a máquina de destino as recusou ativamente', None, 10061...
  File "C:\Users\pecas\AppData\Local\Python\pythoncore-3.14-64\Lib\site-packages\websocket\_http.py", line 210, in _open_socket
    sock.connect(address)
    │    │       └ ('127.0.0.1', 443)
    │    └ <method 'connect' of '_socket.socket' objects>
    └ <socket.socket [closed] fd=-1, family=2, type=1, proto=6>

ConnectionRefusedError: [WinError 10061] Nenhuma conexão pôde ser feita porque a máquina de destino as recusou ativamente
2026-08-02 20:43:38.272 | INFO     | app.infrastructure.websocket.client:_run:105 - Reconnecting in 30.0s
2026-08-02 20:44:12.334 | ERROR    | app.infrastructure.websocket.client:_run:98 - WebSocket connection error: [WinError 10061] Nenhuma conexão pôde ser feita porque a máquina de destino as recusou ativamente
Traceback (most recent call last):

  File "C:\Users\pecas\AppData\Local\Python\pythoncore-3.14-64\Lib\threading.py", line 1044, in _bootstrap
    self._bootstrap_inner()
    │    └ <function Thread._bootstrap_inner at 0x000002BE90F0EB90>
    └ <Thread(ws-client, started 17808)>
  File "C:\Users\pecas\AppData\Local\Python\pythoncore-3.14-64\Lib\threading.py", line 1082, in _bootstrap_inner
    self._context.run(self.run)
    │    │        │   │    └ <function Thread.run at 0x000002BE90F0E820>
    │    │        │   └ <Thread(ws-client, started 17808)>
    │    │        └ <method 'run' of '_contextvars.Context' objects>
    │    └ <_contextvars.Context object at 0x000002BE943EAD80>
    └ <Thread(ws-client, started 17808)>
  File "C:\Users\pecas\AppData\Local\Python\pythoncore-3.14-64\Lib\threading.py", line 1024, in run
    self._target(*self._args, **self._kwargs)
    │    │        │    │        │    └ {}
    │    │        │    │        └ <Thread(ws-client, started 17808)>
    │    │        │    └ ()
    │    │        └ <Thread(ws-client, started 17808)>
    │    └ <bound method WebSocketClient._run of <app.infrastructure.websocket.client.WebSocketClient object at 0x000002BE943D57F0>>
    └ <Thread(ws-client, started 17808)>

> File "C:\Users\pecas\OneDrive\Área de Trabalho\print gsn\app\infrastructure\websocket\client.py", line 96, in _run
    self._connect_and_serve()
    │    └ <function WebSocketClient._connect_and_serve at 0x000002BE94413060>
    └ <app.infrastructure.websocket.client.WebSocketClient object at 0x000002BE943D57F0>

  File "C:\Users\pecas\OneDrive\Área de Trabalho\print gsn\app\infrastructure\websocket\client.py", line 110, in _connect_and_serve
    ws = websocket.create_connection(
         │         └ <function create_connection at 0x000002BE943E1850>
         └ <module 'websocket' from 'C:\\Users\\pecas\\AppData\\Local\\Python\\pythoncore-3.14-64\\Lib\\site-packages\\websocket\\__init...

  File "C:\Users\pecas\AppData\Local\Python\pythoncore-3.14-64\Lib\site-packages\websocket\_core.py", line 664, in create_connection
    websock.connect(url, **options)
    │       │       │      └ {}
    │       │       └ 'wss://localhost'
    │       └ <function WebSocket.connect at 0x000002BE943E0300>
    └ <websocket._core.WebSocket object at 0x000002BE93CB0E50>
  File "C:\Users\pecas\AppData\Local\Python\pythoncore-3.14-64\Lib\site-packages\websocket\_core.py", line 263, in connect
    self.sock, addrs = connect(
    │    │             └ <function connect at 0x000002BE943CD6F0>
    │    └ None
    └ <websocket._core.WebSocket object at 0x000002BE93CB0E50>
  File "C:\Users\pecas\AppData\Local\Python\pythoncore-3.14-64\Lib\site-packages\websocket\_http.py", line 146, in connect
    sock = _open_socket(addrinfo_list, options.sockopt, options.timeout)
           │            │              │       │        │       └ 5
           │            │              │       │        └ <websocket._socket.sock_opt object at 0x000002BE944CC550>
           │            │              │       └ []
           │            │              └ <websocket._socket.sock_opt object at 0x000002BE944CC550>
           │            └ [(<AddressFamily.AF_INET6: 23>, <SocketKind.SOCK_STREAM: 1>, 6, '', ('::1', 443, 0, 0)), (<AddressFamily.AF_INET: 2>, <Socket...
           └ <function _open_socket at 0x000002BE943CD900>
  File "C:\Users\pecas\AppData\Local\Python\pythoncore-3.14-64\Lib\site-packages\websocket\_http.py", line 233, in _open_socket
    raise err
          └ ConnectionRefusedError(10061, 'Nenhuma conexão pôde ser feita porque a máquina de destino as recusou ativamente', None, 10061...
  File "C:\Users\pecas\AppData\Local\Python\pythoncore-3.14-64\Lib\site-packages\websocket\_http.py", line 210, in _open_socket
    sock.connect(address)
    │    │       └ ('127.0.0.1', 443)
    │    └ <method 'connect' of '_socket.socket' objects>
    └ <socket.socket [closed] fd=-1, family=2, type=1, proto=6>

ConnectionRefusedError: [WinError 10061] Nenhuma conexão pôde ser feita porque a máquina de destino as recusou ativamente
2026-08-02 20:44:12.337 | INFO     | app.infrastructure.websocket.client:_run:105 - Reconnecting in 30.0s
2026-08-02 20:44:46.389 | ERROR    | app.infrastructure.websocket.client:_run:98 - WebSocket connection error: [WinError 10061] Nenhuma conexão pôde ser feita porque a máquina de destino as recusou ativamente
Traceback (most recent call last):

  File "C:\Users\pecas\AppData\Local\Python\pythoncore-3.14-64\Lib\threading.py", line 1044, in _bootstrap
    self._bootstrap_inner()
    │    └ <function Thread._bootstrap_inner at 0x000002BE90F0EB90>
    └ <Thread(ws-client, started 17808)>
  File "C:\Users\pecas\AppData\Local\Python\pythoncore-3.14-64\Lib\threading.py", line 1082, in _bootstrap_inner
    self._context.run(self.run)
    │    │        │   │    └ <function Thread.run at 0x000002BE90F0E820>
    │    │        │   └ <Thread(ws-client, started 17808)>
    │    │        └ <method 'run' of '_contextvars.Context' objects>
    │    └ <_contextvars.Context object at 0x000002BE943EAD80>
    └ <Thread(ws-client, started 17808)>
  File "C:\Users\pecas\AppData\Local\Python\pythoncore-3.14-64\Lib\threading.py", line 1024, in run
    self._target(*self._args, **self._kwargs)
    │    │        │    │        │    └ {}
    │    │        │    │        └ <Thread(ws-client, started 17808)>
    │    │        │    └ ()
    │    │        └ <Thread(ws-client, started 17808)>
    │    └ <bound method WebSocketClient._run of <app.infrastructure.websocket.client.WebSocketClient object at 0x000002BE943D57F0>>
    └ <Thread(ws-client, started 17808)>

> File "C:\Users\pecas\OneDrive\Área de Trabalho\print gsn\app\infrastructure\websocket\client.py", line 96, in _run
    self._connect_and_serve()
    │    └ <function WebSocketClient._connect_and_serve at 0x000002BE94413060>
    └ <app.infrastructure.websocket.client.WebSocketClient object at 0x000002BE943D57F0>

  File "C:\Users\pecas\OneDrive\Área de Trabalho\print gsn\app\infrastructure\websocket\client.py", line 110, in _connect_and_serve
    ws = websocket.create_connection(
         │         └ <function create_connection at 0x000002BE943E1850>
         └ <module 'websocket' from 'C:\\Users\\pecas\\AppData\\Local\\Python\\pythoncore-3.14-64\\Lib\\site-packages\\websocket\\__init...

  File "C:\Users\pecas\AppData\Local\Python\pythoncore-3.14-64\Lib\site-packages\websocket\_core.py", line 664, in create_connection
    websock.connect(url, **options)
    │       │       │      └ {}
    │       │       └ 'wss://localhost'
    │       └ <function WebSocket.connect at 0x000002BE943E0300>
    └ <websocket._core.WebSocket object at 0x000002BE944CCC50>
  File "C:\Users\pecas\AppData\Local\Python\pythoncore-3.14-64\Lib\site-packages\websocket\_core.py", line 263, in connect
    self.sock, addrs = connect(
    │    │             └ <function connect at 0x000002BE943CD6F0>
    │    └ None
    └ <websocket._core.WebSocket object at 0x000002BE944CCC50>
  File "C:\Users\pecas\AppData\Local\Python\pythoncore-3.14-64\Lib\site-packages\websocket\_http.py", line 146, in connect
    sock = _open_socket(addrinfo_list, options.sockopt, options.timeout)
           │            │              │       │        │       └ 5
           │            │              │       │        └ <websocket._socket.sock_opt object at 0x000002BE944CCD50>
           │            │              │       └ []
           │            │              └ <websocket._socket.sock_opt object at 0x000002BE944CCD50>
           │            └ [(<AddressFamily.AF_INET6: 23>, <SocketKind.SOCK_STREAM: 1>, 6, '', ('::1', 443, 0, 0)), (<AddressFamily.AF_INET: 2>, <Socket...
           └ <function _open_socket at 0x000002BE943CD900>
  File "C:\Users\pecas\AppData\Local\Python\pythoncore-3.14-64\Lib\site-packages\websocket\_http.py", line 233, in _open_socket
    raise err
          └ ConnectionRefusedError(10061, 'Nenhuma conexão pôde ser feita porque a máquina de destino as recusou ativamente', None, 10061...
  File "C:\Users\pecas\AppData\Local\Python\pythoncore-3.14-64\Lib\site-packages\websocket\_http.py", line 210, in _open_socket
    sock.connect(address)
    │    │       └ ('127.0.0.1', 443)
    │    └ <method 'connect' of '_socket.socket' objects>
    └ <socket.socket [closed] fd=-1, family=2, type=1, proto=6>

ConnectionRefusedError: [WinError 10061] Nenhuma conexão pôde ser feita porque a máquina de destino as recusou ativamente
2026-08-02 20:44:46.392 | INFO     | app.infrastructure.websocket.client:_run:105 - Reconnecting in 30.0s
2026-08-02 20:45:20.480 | ERROR    | app.infrastructure.websocket.client:_run:98 - WebSocket connection error: [WinError 10061] Nenhuma conexão pôde ser feita porque a máquina de destino as recusou ativamente
Traceback (most recent call last):

  File "C:\Users\pecas\AppData\Local\Python\pythoncore-3.14-64\Lib\threading.py", line 1044, in _bootstrap
    self._bootstrap_inner()
    │    └ <function Thread._bootstrap_inner at 0x000002BE90F0EB90>
    └ <Thread(ws-client, started 17808)>
  File "C:\Users\pecas\AppData\Local\Python\pythoncore-3.14-64\Lib\threading.py", line 1082, in _bootstrap_inner
    self._context.run(self.run)
    │    │        │   │    └ <function Thread.run at 0x000002BE90F0E820>
    │    │        │   └ <Thread(ws-client, started 17808)>
    │    │        └ <method 'run' of '_contextvars.Context' objects>
    │    └ <_contextvars.Context object at 0x000002BE943EAD80>
    └ <Thread(ws-client, started 17808)>
  File "C:\Users\pecas\AppData\Local\Python\pythoncore-3.14-64\Lib\threading.py", line 1024, in run
    self._target(*self._args, **self._kwargs)
    │    │        │    │        │    └ {}
    │    │        │    │        └ <Thread(ws-client, started 17808)>
    │    │        │    └ ()
    │    │        └ <Thread(ws-client, started 17808)>
    │    └ <bound method WebSocketClient._run of <app.infrastructure.websocket.client.WebSocketClient object at 0x000002BE943D57F0>>
    └ <Thread(ws-client, started 17808)>

> File "C:\Users\pecas\OneDrive\Área de Trabalho\print gsn\app\infrastructure\websocket\client.py", line 96, in _run
    self._connect_and_serve()
    │    └ <function WebSocketClient._connect_and_serve at 0x000002BE94413060>
    └ <app.infrastructure.websocket.client.WebSocketClient object at 0x000002BE943D57F0>

  File "C:\Users\pecas\OneDrive\Área de Trabalho\print gsn\app\infrastructure\websocket\client.py", line 110, in _connect_and_serve
    ws = websocket.create_connection(
         │         └ <function create_connection at 0x000002BE943E1850>
         └ <module 'websocket' from 'C:\\Users\\pecas\\AppData\\Local\\Python\\pythoncore-3.14-64\\Lib\\site-packages\\websocket\\__init...

  File "C:\Users\pecas\AppData\Local\Python\pythoncore-3.14-64\Lib\site-packages\websocket\_core.py", line 664, in create_connection
    websock.connect(url, **options)
    │       │       │      └ {}
    │       │       └ 'wss://localhost'
    │       └ <function WebSocket.connect at 0x000002BE943E0300>
    └ <websocket._core.WebSocket object at 0x000002BE94555310>
  File "C:\Users\pecas\AppData\Local\Python\pythoncore-3.14-64\Lib\site-packages\websocket\_core.py", line 263, in connect
    self.sock, addrs = connect(
    │    │             └ <function connect at 0x000002BE943CD6F0>
    │    └ None
    └ <websocket._core.WebSocket object at 0x000002BE94555310>
  File "C:\Users\pecas\AppData\Local\Python\pythoncore-3.14-64\Lib\site-packages\websocket\_http.py", line 146, in connect
    sock = _open_socket(addrinfo_list, options.sockopt, options.timeout)
           │            │              │       │        │       └ 5
           │            │              │       │        └ <websocket._socket.sock_opt object at 0x000002BE94555400>
           │            │              │       └ []
           │            │              └ <websocket._socket.sock_opt object at 0x000002BE94555400>
           │            └ [(<AddressFamily.AF_INET6: 23>, <SocketKind.SOCK_STREAM: 1>, 6, '', ('::1', 443, 0, 0)), (<AddressFamily.AF_INET: 2>, <Socket...
           └ <function _open_socket at 0x000002BE943CD900>
  File "C:\Users\pecas\AppData\Local\Python\pythoncore-3.14-64\Lib\site-packages\websocket\_http.py", line 233, in _open_socket
    raise err
          └ ConnectionRefusedError(10061, 'Nenhuma conexão pôde ser feita porque a máquina de destino as recusou ativamente', None, 10061...
  File "C:\Users\pecas\AppData\Local\Python\pythoncore-3.14-64\Lib\site-packages\websocket\_http.py", line 210, in _open_socket
    sock.connect(address)
    │    │       └ ('127.0.0.1', 443)
    │    └ <method 'connect' of '_socket.socket' objects>
    └ <socket.socket [closed] fd=-1, family=2, type=1, proto=6>

ConnectionRefusedError: [WinError 10061] Nenhuma conexão pôde ser feita porque a máquina de destino as recusou ativamente
2026-08-02 20:45:20.482 | INFO     | app.infrastructure.websocket.client:_run:105 - Reconnecting in 30.0s
2026-08-02 20:45:54.536 | ERROR    | app.infrastructure.websocket.client:_run:98 - WebSocket connection error: [WinError 10061] Nenhuma conexão pôde ser feita porque a máquina de destino as recusou ativamente
Traceback (most recent call last):

  File "C:\Users\pecas\AppData\Local\Python\pythoncore-3.14-64\Lib\threading.py", line 1044, in _bootstrap
    self._bootstrap_inner()
    │    └ <function Thread._bootstrap_inner at 0x000002BE90F0EB90>
    └ <Thread(ws-client, started 17808)>
  File "C:\Users\pecas\AppData\Local\Python\pythoncore-3.14-64\Lib\threading.py", line 1082, in _bootstrap_inner
    self._context.run(self.run)
    │    │        │   │    └ <function Thread.run at 0x000002BE90F0E820>
    │    │        │   └ <Thread(ws-client, started 17808)>
    │    │        └ <method 'run' of '_contextvars.Context' objects>
    │    └ <_contextvars.Context object at 0x000002BE943EAD80>
    └ <Thread(ws-client, started 17808)>
  File "C:\Users\pecas\AppData\Local\Python\pythoncore-3.14-64\Lib\threading.py", line 1024, in run
    self._target(*self._args, **self._kwargs)
    │    │        │    │        │    └ {}
    │    │        │    │        └ <Thread(ws-client, started 17808)>
    │    │        │    └ ()
    │    │        └ <Thread(ws-client, started 17808)>
    │    └ <bound method WebSocketClient._run of <app.infrastructure.websocket.client.WebSocketClient object at 0x000002BE943D57F0>>
    └ <Thread(ws-client, started 17808)>

> File "C:\Users\pecas\OneDrive\Área de Trabalho\print gsn\app\infrastructure\websocket\client.py", line 96, in _run
    self._connect_and_serve()
    │    └ <function WebSocketClient._connect_and_serve at 0x000002BE94413060>
    └ <app.infrastructure.websocket.client.WebSocketClient object at 0x000002BE943D57F0>

  File "C:\Users\pecas\OneDrive\Área de Trabalho\print gsn\app\infrastructure\websocket\client.py", line 110, in _connect_and_serve
    ws = websocket.create_connection(
         │         └ <function create_connection at 0x000002BE943E1850>
         └ <module 'websocket' from 'C:\\Users\\pecas\\AppData\\Local\\Python\\pythoncore-3.14-64\\Lib\\site-packages\\websocket\\__init...

  File "C:\Users\pecas\AppData\Local\Python\pythoncore-3.14-64\Lib\site-packages\websocket\_core.py", line 664, in create_connection
    websock.connect(url, **options)
    │       │       │      └ {}
    │       │       └ 'wss://localhost'
    │       └ <function WebSocket.connect at 0x000002BE943E0300>
    └ <websocket._core.WebSocket object at 0x000002BE945577A0>
  File "C:\Users\pecas\AppData\Local\Python\pythoncore-3.14-64\Lib\site-packages\websocket\_core.py", line 263, in connect
    self.sock, addrs = connect(
    │    │             └ <function connect at 0x000002BE943CD6F0>
    │    └ None
    └ <websocket._core.WebSocket object at 0x000002BE945577A0>
  File "C:\Users\pecas\AppData\Local\Python\pythoncore-3.14-64\Lib\site-packages\websocket\_http.py", line 146, in connect
    sock = _open_socket(addrinfo_list, options.sockopt, options.timeout)
           │            │              │       │        │       └ 5
           │            │              │       │        └ <websocket._socket.sock_opt object at 0x000002BE94557890>
           │            │              │       └ []
           │            │              └ <websocket._socket.sock_opt object at 0x000002BE94557890>
           │            └ [(<AddressFamily.AF_INET6: 23>, <SocketKind.SOCK_STREAM: 1>, 6, '', ('::1', 443, 0, 0)), (<AddressFamily.AF_INET: 2>, <Socket...
           └ <function _open_socket at 0x000002BE943CD900>
  File "C:\Users\pecas\AppData\Local\Python\pythoncore-3.14-64\Lib\site-packages\websocket\_http.py", line 233, in _open_socket
    raise err
          └ ConnectionRefusedError(10061, 'Nenhuma conexão pôde ser feita porque a máquina de destino as recusou ativamente', None, 10061...
  File "C:\Users\pecas\AppData\Local\Python\pythoncore-3.14-64\Lib\site-packages\websocket\_http.py", line 210, in _open_socket
    sock.connect(address)
    │    │       └ ('127.0.0.1', 443)
    │    └ <method 'connect' of '_socket.socket' objects>
    └ <socket.socket [closed] fd=-1, family=2, type=1, proto=6>

ConnectionRefusedError: [WinError 10061] Nenhuma conexão pôde ser feita porque a máquina de destino as recusou ativamente
2026-08-02 20:45:54.539 | INFO     | app.infrastructure.websocket.client:_run:105 - Reconnecting in 30.0s
2026-08-02 20:46:28.605 | ERROR    | app.infrastructure.websocket.client:_run:98 - WebSocket connection error: [WinError 10061] Nenhuma conexão pôde ser feita porque a máquina de destino as recusou ativamente
Traceback (most recent call last):

  File "C:\Users\pecas\AppData\Local\Python\pythoncore-3.14-64\Lib\threading.py", line 1044, in _bootstrap
    self._bootstrap_inner()
    │    └ <function Thread._bootstrap_inner at 0x000002BE90F0EB90>
    └ <Thread(ws-client, started 17808)>
  File "C:\Users\pecas\AppData\Local\Python\pythoncore-3.14-64\Lib\threading.py", line 1082, in _bootstrap_inner
    self._context.run(self.run)
    │    │        │   │    └ <function Thread.run at 0x000002BE90F0E820>
    │    │        │   └ <Thread(ws-client, started 17808)>
    │    │        └ <method 'run' of '_contextvars.Context' objects>
    │    └ <_contextvars.Context object at 0x000002BE943EAD80>
    └ <Thread(ws-client, started 17808)>
  File "C:\Users\pecas\AppData\Local\Python\pythoncore-3.14-64\Lib\threading.py", line 1024, in run
    self._target(*self._args, **self._kwargs)
    │    │        │    │        │    └ {}
    │    │        │    │        └ <Thread(ws-client, started 17808)>
    │    │        │    └ ()
    │    │        └ <Thread(ws-client, started 17808)>
    │    └ <bound method WebSocketClient._run of <app.infrastructure.websocket.client.WebSocketClient object at 0x000002BE943D57F0>>
    └ <Thread(ws-client, started 17808)>

> File "C:\Users\pecas\OneDrive\Área de Trabalho\print gsn\app\infrastructure\websocket\client.py", line 96, in _run
    self._connect_and_serve()
    │    └ <function WebSocketClient._connect_and_serve at 0x000002BE94413060>
    └ <app.infrastructure.websocket.client.WebSocketClient object at 0x000002BE943D57F0>

  File "C:\Users\pecas\OneDrive\Área de Trabalho\print gsn\app\infrastructure\websocket\client.py", line 110, in _connect_and_serve
    ws = websocket.create_connection(
         │         └ <function create_connection at 0x000002BE943E1850>
         └ <module 'websocket' from 'C:\\Users\\pecas\\AppData\\Local\\Python\\pythoncore-3.14-64\\Lib\\site-packages\\websocket\\__init...

  File "C:\Users\pecas\AppData\Local\Python\pythoncore-3.14-64\Lib\site-packages\websocket\_core.py", line 664, in create_connection
    websock.connect(url, **options)
    │       │       │      └ {}
    │       │       └ 'wss://localhost'
    │       └ <function WebSocket.connect at 0x000002BE943E0300>
    └ <websocket._core.WebSocket object at 0x000002BE93B725F0>
  File "C:\Users\pecas\AppData\Local\Python\pythoncore-3.14-64\Lib\site-packages\websocket\_core.py", line 263, in connect
    self.sock, addrs = connect(
    │    │             └ <function connect at 0x000002BE943CD6F0>
    │    └ None
    └ <websocket._core.WebSocket object at 0x000002BE93B725F0>
  File "C:\Users\pecas\AppData\Local\Python\pythoncore-3.14-64\Lib\site-packages\websocket\_http.py", line 146, in connect
    sock = _open_socket(addrinfo_list, options.sockopt, options.timeout)
           │            │              │       │        │       └ 5
           │            │              │       │        └ <websocket._socket.sock_opt object at 0x000002BE9442B770>
           │            │              │       └ []
           │            │              └ <websocket._socket.sock_opt object at 0x000002BE9442B770>
           │            └ [(<AddressFamily.AF_INET6: 23>, <SocketKind.SOCK_STREAM: 1>, 6, '', ('::1', 443, 0, 0)), (<AddressFamily.AF_INET: 2>, <Socket...
           └ <function _open_socket at 0x000002BE943CD900>
  File "C:\Users\pecas\AppData\Local\Python\pythoncore-3.14-64\Lib\site-packages\websocket\_http.py", line 233, in _open_socket
    raise err
          └ ConnectionRefusedError(10061, 'Nenhuma conexão pôde ser feita porque a máquina de destino as recusou ativamente', None, 10061...
  File "C:\Users\pecas\AppData\Local\Python\pythoncore-3.14-64\Lib\site-packages\websocket\_http.py", line 210, in _open_socket
    sock.connect(address)
    │    │       └ ('127.0.0.1', 443)
    │    └ <method 'connect' of '_socket.socket' objects>
    └ <socket.socket [closed] fd=-1, family=2, type=1, proto=6>

ConnectionRefusedError: [WinError 10061] Nenhuma conexão pôde ser feita porque a máquina de destino as recusou ativamente
2026-08-02 20:46:28.608 | INFO     | app.infrastructure.websocket.client:_run:105 - Reconnecting in 30.0s
2026-08-02 20:47:02.651 | ERROR    | app.infrastructure.websocket.client:_run:98 - WebSocket connection error: [WinError 10061] Nenhuma conexão pôde ser feita porque a máquina de destino as recusou ativamente
Traceback (most recent call last):

  File "C:\Users\pecas\AppData\Local\Python\pythoncore-3.14-64\Lib\threading.py", line 1044, in _bootstrap
    self._bootstrap_inner()
    │    └ <function Thread._bootstrap_inner at 0x000002BE90F0EB90>
    └ <Thread(ws-client, started 17808)>
  File "C:\Users\pecas\AppData\Local\Python\pythoncore-3.14-64\Lib\threading.py", line 1082, in _bootstrap_inner
    self._context.run(self.run)
    │    │        │   │    └ <function Thread.run at 0x000002BE90F0E820>
    │    │        │   └ <Thread(ws-client, started 17808)>
    │    │        └ <method 'run' of '_contextvars.Context' objects>
    │    └ <_contextvars.Context object at 0x000002BE943EAD80>
    └ <Thread(ws-client, started 17808)>
  File "C:\Users\pecas\AppData\Local\Python\pythoncore-3.14-64\Lib\threading.py", line 1024, in run
    self._target(*self._args, **self._kwargs)
    │    │        │    │        │    └ {}
    │    │        │    │        └ <Thread(ws-client, started 17808)>
    │    │        │    └ ()
    │    │        └ <Thread(ws-client, started 17808)>
    │    └ <bound method WebSocketClient._run of <app.infrastructure.websocket.client.WebSocketClient object at 0x000002BE943D57F0>>
    └ <Thread(ws-client, started 17808)>

> File "C:\Users\pecas\OneDrive\Área de Trabalho\print gsn\app\infrastructure\websocket\client.py", line 96, in _run
    self._connect_and_serve()
    │    └ <function WebSocketClient._connect_and_serve at 0x000002BE94413060>
    └ <app.infrastructure.websocket.client.WebSocketClient object at 0x000002BE943D57F0>

  File "C:\Users\pecas\OneDrive\Área de Trabalho\print gsn\app\infrastructure\websocket\client.py", line 110, in _connect_and_serve
    ws = websocket.create_connection(
         │         └ <function create_connection at 0x000002BE943E1850>
         └ <module 'websocket' from 'C:\\Users\\pecas\\AppData\\Local\\Python\\pythoncore-3.14-64\\Lib\\site-packages\\websocket\\__init...

  File "C:\Users\pecas\AppData\Local\Python\pythoncore-3.14-64\Lib\site-packages\websocket\_core.py", line 664, in create_connection
    websock.connect(url, **options)
    │       │       │      └ {}
    │       │       └ 'wss://localhost'
    │       └ <function WebSocket.connect at 0x000002BE943E0300>
    └ <websocket._core.WebSocket object at 0x000002BE9442A7B0>
  File "C:\Users\pecas\AppData\Local\Python\pythoncore-3.14-64\Lib\site-packages\websocket\_core.py", line 263, in connect
    self.sock, addrs = connect(
    │    │             └ <function connect at 0x000002BE943CD6F0>
    │    └ None
    └ <websocket._core.WebSocket object at 0x000002BE9442A7B0>
  File "C:\Users\pecas\AppData\Local\Python\pythoncore-3.14-64\Lib\site-packages\websocket\_http.py", line 146, in connect
    sock = _open_socket(addrinfo_list, options.sockopt, options.timeout)
           │            │              │       │        │       └ 5
           │            │              │       │        └ <websocket._socket.sock_opt object at 0x000002BE9442ACF0>
           │            │              │       └ []
           │            │              └ <websocket._socket.sock_opt object at 0x000002BE9442ACF0>
           │            └ [(<AddressFamily.AF_INET6: 23>, <SocketKind.SOCK_STREAM: 1>, 6, '', ('::1', 443, 0, 0)), (<AddressFamily.AF_INET: 2>, <Socket...
           └ <function _open_socket at 0x000002BE943CD900>
  File "C:\Users\pecas\AppData\Local\Python\pythoncore-3.14-64\Lib\site-packages\websocket\_http.py", line 233, in _open_socket
    raise err
          └ ConnectionRefusedError(10061, 'Nenhuma conexão pôde ser feita porque a máquina de destino as recusou ativamente', None, 10061...
  File "C:\Users\pecas\AppData\Local\Python\pythoncore-3.14-64\Lib\site-packages\websocket\_http.py", line 210, in _open_socket
    sock.connect(address)
    │    │       └ ('127.0.0.1', 443)
    │    └ <method 'connect' of '_socket.socket' objects>
    └ <socket.socket [closed] fd=-1, family=2, type=1, proto=6>

ConnectionRefusedError: [WinError 10061] Nenhuma conexão pôde ser feita porque a máquina de destino as recusou ativamente
2026-08-02 20:47:02.654 | INFO     | app.infrastructure.websocket.client:_run:105 - Reconnecting in 30.0s
2026-08-02 20:47:36.719 | ERROR    | app.infrastructure.websocket.client:_run:98 - WebSocket connection error: [WinError 10061] Nenhuma conexão pôde ser feita porque a máquina de destino as recusou ativamente
Traceback (most recent call last):

  File "C:\Users\pecas\AppData\Local\Python\pythoncore-3.14-64\Lib\threading.py", line 1044, in _bootstrap
    self._bootstrap_inner()
    │    └ <function Thread._bootstrap_inner at 0x000002BE90F0EB90>
    └ <Thread(ws-client, started 17808)>
  File "C:\Users\pecas\AppData\Local\Python\pythoncore-3.14-64\Lib\threading.py", line 1082, in _bootstrap_inner
    self._context.run(self.run)
    │    │        │   │    └ <function Thread.run at 0x000002BE90F0E820>
    │    │        │   └ <Thread(ws-client, started 17808)>
    │    │        └ <method 'run' of '_contextvars.Context' objects>
    │    └ <_contextvars.Context object at 0x000002BE943EAD80>
    └ <Thread(ws-client, started 17808)>
  File "C:\Users\pecas\AppData\Local\Python\pythoncore-3.14-64\Lib\threading.py", line 1024, in run
    self._target(*self._args, **self._kwargs)
    │    │        │    │        │    └ {}
    │    │        │    │        └ <Thread(ws-client, started 17808)>
    │    │        │    └ ()
    │    │        └ <Thread(ws-client, started 17808)>
    │    └ <bound method WebSocketClient._run of <app.infrastructure.websocket.client.WebSocketClient object at 0x000002BE943D57F0>>
    └ <Thread(ws-client, started 17808)>

> File "C:\Users\pecas\OneDrive\Área de Trabalho\print gsn\app\infrastructure\websocket\client.py", line 96, in _run
    self._connect_and_serve()
    │    └ <function WebSocketClient._connect_and_serve at 0x000002BE94413060>
    └ <app.infrastructure.websocket.client.WebSocketClient object at 0x000002BE943D57F0>

  File "C:\Users\pecas\OneDrive\Área de Trabalho\print gsn\app\infrastructure\websocket\client.py", line 110, in _connect_and_serve
    ws = websocket.create_connection(
         │         └ <function create_connection at 0x000002BE943E1850>
         └ <module 'websocket' from 'C:\\Users\\pecas\\AppData\\Local\\Python\\pythoncore-3.14-64\\Lib\\site-packages\\websocket\\__init...

  File "C:\Users\pecas\AppData\Local\Python\pythoncore-3.14-64\Lib\site-packages\websocket\_core.py", line 664, in create_connection
    websock.connect(url, **options)
    │       │       │      └ {}
    │       │       └ 'wss://localhost'
    │       └ <function WebSocket.connect at 0x000002BE943E0300>
    └ <websocket._core.WebSocket object at 0x000002BE943C58B0>
  File "C:\Users\pecas\AppData\Local\Python\pythoncore-3.14-64\Lib\site-packages\websocket\_core.py", line 263, in connect
    self.sock, addrs = connect(
    │    │             └ <function connect at 0x000002BE943CD6F0>
    │    └ None
    └ <websocket._core.WebSocket object at 0x000002BE943C58B0>
  File "C:\Users\pecas\AppData\Local\Python\pythoncore-3.14-64\Lib\site-packages\websocket\_http.py", line 146, in connect
    sock = _open_socket(addrinfo_list, options.sockopt, options.timeout)
           │            │              │       │        │       └ 5
           │            │              │       │        └ <websocket._socket.sock_opt object at 0x000002BE943C6EA0>
           │            │              │       └ []
           │            │              └ <websocket._socket.sock_opt object at 0x000002BE943C6EA0>
           │            └ [(<AddressFamily.AF_INET6: 23>, <SocketKind.SOCK_STREAM: 1>, 6, '', ('::1', 443, 0, 0)), (<AddressFamily.AF_INET: 2>, <Socket...
           └ <function _open_socket at 0x000002BE943CD900>
  File "C:\Users\pecas\AppData\Local\Python\pythoncore-3.14-64\Lib\site-packages\websocket\_http.py", line 233, in _open_socket
    raise err
          └ ConnectionRefusedError(10061, 'Nenhuma conexão pôde ser feita porque a máquina de destino as recusou ativamente', None, 10061...
  File "C:\Users\pecas\AppData\Local\Python\pythoncore-3.14-64\Lib\site-packages\websocket\_http.py", line 210, in _open_socket
    sock.connect(address)
    │    │       └ ('127.0.0.1', 443)
    │    └ <method 'connect' of '_socket.socket' objects>
    └ <socket.socket [closed] fd=-1, family=2, type=1, proto=6>

ConnectionRefusedError: [WinError 10061] Nenhuma conexão pôde ser feita porque a máquina de destino as recusou ativamente
2026-08-02 20:47:36.721 | INFO     | app.infrastructure.websocket.client:_run:105 - Reconnecting in 30.0s
2026-08-02 20:48:10.793 | ERROR    | app.infrastructure.websocket.client:_run:98 - WebSocket connection error: [WinError 10061] Nenhuma conexão pôde ser feita porque a máquina de destino as recusou ativamente
Traceback (most recent call last):

  File "C:\Users\pecas\AppData\Local\Python\pythoncore-3.14-64\Lib\threading.py", line 1044, in _bootstrap
    self._bootstrap_inner()
    │    └ <function Thread._bootstrap_inner at 0x000002BE90F0EB90>
    └ <Thread(ws-client, started 17808)>
  File "C:\Users\pecas\AppData\Local\Python\pythoncore-3.14-64\Lib\threading.py", line 1082, in _bootstrap_inner
    self._context.run(self.run)
    │    │        │   │    └ <function Thread.run at 0x000002BE90F0E820>
    │    │        │   └ <Thread(ws-client, started 17808)>
    │    │        └ <method 'run' of '_contextvars.Context' objects>
    │    └ <_contextvars.Context object at 0x000002BE943EAD80>
    └ <Thread(ws-client, started 17808)>
  File "C:\Users\pecas\AppData\Local\Python\pythoncore-3.14-64\Lib\threading.py", line 1024, in run
    self._target(*self._args, **self._kwargs)
    │    │        │    │        │    └ {}
    │    │        │    │        └ <Thread(ws-client, started 17808)>
    │    │        │    └ ()
    │    │        └ <Thread(ws-client, started 17808)>
    │    └ <bound method WebSocketClient._run of <app.infrastructure.websocket.client.WebSocketClient object at 0x000002BE943D57F0>>
    └ <Thread(ws-client, started 17808)>

> File "C:\Users\pecas\OneDrive\Área de Trabalho\print gsn\app\infrastructure\websocket\client.py", line 96, in _run
    self._connect_and_serve()
    │    └ <function WebSocketClient._connect_and_serve at 0x000002BE94413060>
    └ <app.infrastructure.websocket.client.WebSocketClient object at 0x000002BE943D57F0>

  File "C:\Users\pecas\OneDrive\Área de Trabalho\print gsn\app\infrastructure\websocket\client.py", line 110, in _connect_and_serve
    ws = websocket.create_connection(
         │         └ <function create_connection at 0x000002BE943E1850>
         └ <module 'websocket' from 'C:\\Users\\pecas\\AppData\\Local\\Python\\pythoncore-3.14-64\\Lib\\site-packages\\websocket\\__init...

  File "C:\Users\pecas\AppData\Local\Python\pythoncore-3.14-64\Lib\site-packages\websocket\_core.py", line 664, in create_connection
    websock.connect(url, **options)
    │       │       │      └ {}
    │       │       └ 'wss://localhost'
    │       └ <function WebSocket.connect at 0x000002BE943E0300>
    └ <websocket._core.WebSocket object at 0x000002BE93AF62D0>
  File "C:\Users\pecas\AppData\Local\Python\pythoncore-3.14-64\Lib\site-packages\websocket\_core.py", line 263, in connect
    self.sock, addrs = connect(
    │    │             └ <function connect at 0x000002BE943CD6F0>
    │    └ None
    └ <websocket._core.WebSocket object at 0x000002BE93AF62D0>
  File "C:\Users\pecas\AppData\Local\Python\pythoncore-3.14-64\Lib\site-packages\websocket\_http.py", line 146, in connect
    sock = _open_socket(addrinfo_list, options.sockopt, options.timeout)
           │            │              │       │        │       └ 5
           │            │              │       │        └ <websocket._socket.sock_opt object at 0x000002BE9429A2D0>
           │            │              │       └ []
           │            │              └ <websocket._socket.sock_opt object at 0x000002BE9429A2D0>
           │            └ [(<AddressFamily.AF_INET6: 23>, <SocketKind.SOCK_STREAM: 1>, 6, '', ('::1', 443, 0, 0)), (<AddressFamily.AF_INET: 2>, <Socket...
           └ <function _open_socket at 0x000002BE943CD900>
  File "C:\Users\pecas\AppData\Local\Python\pythoncore-3.14-64\Lib\site-packages\websocket\_http.py", line 233, in _open_socket
    raise err
          └ ConnectionRefusedError(10061, 'Nenhuma conexão pôde ser feita porque a máquina de destino as recusou ativamente', None, 10061...
  File "C:\Users\pecas\AppData\Local\Python\pythoncore-3.14-64\Lib\site-packages\websocket\_http.py", line 210, in _open_socket
    sock.connect(address)
    │    │       └ ('127.0.0.1', 443)
    │    └ <method 'connect' of '_socket.socket' objects>
    └ <socket.socket [closed] fd=-1, family=2, type=1, proto=6>

ConnectionRefusedError: [WinError 10061] Nenhuma conexão pôde ser feita porque a máquina de destino as recusou ativamente
2026-08-02 20:48:10.796 | INFO     | app.infrastructure.websocket.client:_run:105 - Reconnecting in 30.0s
2026-08-02 20:48:44.874 | ERROR    | app.infrastructure.websocket.client:_run:98 - WebSocket connection error: [WinError 10061] Nenhuma conexão pôde ser feita porque a máquina de destino as recusou ativamente
Traceback (most recent call last):

  File "C:\Users\pecas\AppData\Local\Python\pythoncore-3.14-64\Lib\threading.py", line 1044, in _bootstrap
    self._bootstrap_inner()
    │    └ <function Thread._bootstrap_inner at 0x000002BE90F0EB90>
    └ <Thread(ws-client, started 17808)>
  File "C:\Users\pecas\AppData\Local\Python\pythoncore-3.14-64\Lib\threading.py", line 1082, in _bootstrap_inner
    self._context.run(self.run)
    │    │        │   │    └ <function Thread.run at 0x000002BE90F0E820>
    │    │        │   └ <Thread(ws-client, started 17808)>
    │    │        └ <method 'run' of '_contextvars.Context' objects>
    │    └ <_contextvars.Context object at 0x000002BE943EAD80>
    └ <Thread(ws-client, started 17808)>
  File "C:\Users\pecas\AppData\Local\Python\pythoncore-3.14-64\Lib\threading.py", line 1024, in run
    self._target(*self._args, **self._kwargs)
    │    │        │    │        │    └ {}
    │    │        │    │        └ <Thread(ws-client, started 17808)>
    │    │        │    └ ()
    │    │        └ <Thread(ws-client, started 17808)>
    │    └ <bound method WebSocketClient._run of <app.infrastructure.websocket.client.WebSocketClient object at 0x000002BE943D57F0>>
    └ <Thread(ws-client, started 17808)>

> File "C:\Users\pecas\OneDrive\Área de Trabalho\print gsn\app\infrastructure\websocket\client.py", line 96, in _run
    self._connect_and_serve()
    │    └ <function WebSocketClient._connect_and_serve at 0x000002BE94413060>
    └ <app.infrastructure.websocket.client.WebSocketClient object at 0x000002BE943D57F0>

  File "C:\Users\pecas\OneDrive\Área de Trabalho\print gsn\app\infrastructure\websocket\client.py", line 110, in _connect_and_serve
    ws = websocket.create_connection(
         │         └ <function create_connection at 0x000002BE943E1850>
         └ <module 'websocket' from 'C:\\Users\\pecas\\AppData\\Local\\Python\\pythoncore-3.14-64\\Lib\\site-packages\\websocket\\__init...

  File "C:\Users\pecas\AppData\Local\Python\pythoncore-3.14-64\Lib\site-packages\websocket\_core.py", line 664, in create_connection
    websock.connect(url, **options)
    │       │       │      └ {}
    │       │       └ 'wss://localhost'
    │       └ <function WebSocket.connect at 0x000002BE943E0300>
    └ <websocket._core.WebSocket object at 0x000002BE9429AED0>
  File "C:\Users\pecas\AppData\Local\Python\pythoncore-3.14-64\Lib\site-packages\websocket\_core.py", line 263, in connect
    self.sock, addrs = connect(
    │    │             └ <function connect at 0x000002BE943CD6F0>
    │    └ None
    └ <websocket._core.WebSocket object at 0x000002BE9429AED0>
  File "C:\Users\pecas\AppData\Local\Python\pythoncore-3.14-64\Lib\site-packages\websocket\_http.py", line 146, in connect
    sock = _open_socket(addrinfo_list, options.sockopt, options.timeout)
           │            │              │       │        │       └ 5
           │            │              │       │        └ <websocket._socket.sock_opt object at 0x000002BE9429B710>
           │            │              │       └ []
           │            │              └ <websocket._socket.sock_opt object at 0x000002BE9429B710>
           │            └ [(<AddressFamily.AF_INET6: 23>, <SocketKind.SOCK_STREAM: 1>, 6, '', ('::1', 443, 0, 0)), (<AddressFamily.AF_INET: 2>, <Socket...
           └ <function _open_socket at 0x000002BE943CD900>
  File "C:\Users\pecas\AppData\Local\Python\pythoncore-3.14-64\Lib\site-packages\websocket\_http.py", line 233, in _open_socket
    raise err
          └ ConnectionRefusedError(10061, 'Nenhuma conexão pôde ser feita porque a máquina de destino as recusou ativamente', None, 10061...
  File "C:\Users\pecas\AppData\Local\Python\pythoncore-3.14-64\Lib\site-packages\websocket\_http.py", line 210, in _open_socket
    sock.connect(address)
    │    │       └ ('127.0.0.1', 443)
    │    └ <method 'connect' of '_socket.socket' objects>
    └ <socket.socket [closed] fd=-1, family=2, type=1, proto=6>

ConnectionRefusedError: [WinError 10061] Nenhuma conexão pôde ser feita porque a máquina de destino as recusou ativamente
2026-08-02 20:48:44.876 | INFO     | app.infrastructure.websocket.client:_run:105 - Reconnecting in 30.0s
2026-08-02 20:48:48.003 | INFO     | app.infrastructure.websocket.client:connect:56 - WebSocket client started
2026-08-02 20:48:48.005 | DEBUG    | app.infrastructure.websocket.dispatcher:dispatch:26 - Dispatching message | type=print | id=5c673c95-669f-4900-bcbc-7065b6d3319c
2026-08-02 20:48:48.007 | DEBUG    | app.infrastructure.websocket.dispatcher:dispatch:26 - Dispatching message | type=unknown_type | id=34efe48b-3ce6-437f-9bf9-36dc4077cdc4
2026-08-02 20:48:48.007 | WARNING  | app.infrastructure.websocket.dispatcher:dispatch:35 - No handler registered for message type: unknown_type
2026-08-02 20:48:48.007 | DEBUG    | app.infrastructure.websocket.dispatcher:dispatch:26 - Dispatching message | type=unknown_type | id=d8fa463d-c0ac-42c8-8db0-c716b6ae4325
2026-08-02 20:48:48.292 | INFO     | app.infrastructure.websocket.client:connect:56 - WebSocket client started
2026-08-02 20:48:50.345 | ERROR    | app.infrastructure.websocket.client:_run:98 - WebSocket connection error: [WinError 10061] Nenhuma conexão pôde ser feita porque a máquina de destino as recusou ativamente
Traceback (most recent call last):

  File "C:\Users\pecas\AppData\Local\Python\pythoncore-3.14-64\Lib\threading.py", line 1044, in _bootstrap
    self._bootstrap_inner()
    │    └ <function Thread._bootstrap_inner at 0x00000295F872EB90>
    └ <Thread(ws-client, started 17908)>
  File "C:\Users\pecas\AppData\Local\Python\pythoncore-3.14-64\Lib\threading.py", line 1082, in _bootstrap_inner
    self._context.run(self.run)
    │    │        │   │    └ <function Thread.run at 0x00000295F872E820>
    │    │        │   └ <Thread(ws-client, started 17908)>
    │    │        └ <method 'run' of '_contextvars.Context' objects>
    │    └ <_contextvars.Context object at 0x00000295FBCC2340>
    └ <Thread(ws-client, started 17908)>
  File "C:\Users\pecas\AppData\Local\Python\pythoncore-3.14-64\Lib\threading.py", line 1024, in run
    self._target(*self._args, **self._kwargs)
    │    │        │    │        │    └ {}
    │    │        │    │        └ <Thread(ws-client, started 17908)>
    │    │        │    └ ()
    │    │        └ <Thread(ws-client, started 17908)>
    │    └ <bound method WebSocketClient._run of <app.infrastructure.websocket.client.WebSocketClient object at 0x00000295FBCA25D0>>
    └ <Thread(ws-client, started 17908)>

> File "C:\Users\pecas\OneDrive\Área de Trabalho\print gsn\app\infrastructure\websocket\client.py", line 96, in _run
    self._connect_and_serve()
    │    └ <function WebSocketClient._connect_and_serve at 0x00000295FBC26B90>
    └ <app.infrastructure.websocket.client.WebSocketClient object at 0x00000295FBCA25D0>

  File "C:\Users\pecas\OneDrive\Área de Trabalho\print gsn\app\infrastructure\websocket\client.py", line 110, in _connect_and_serve
    ws = websocket.create_connection(
         │         └ <function create_connection at 0x00000295FBC096F0>
         └ <module 'websocket' from 'C:\\Users\\pecas\\AppData\\Local\\Python\\pythoncore-3.14-64\\Lib\\site-packages\\websocket\\__init...

  File "C:\Users\pecas\AppData\Local\Python\pythoncore-3.14-64\Lib\site-packages\websocket\_core.py", line 664, in create_connection
    websock.connect(url, **options)
    │       │       │      └ {}
    │       │       └ 'ws://127.0.0.1:1'
    │       └ <function WebSocket.connect at 0x00000295FBC081A0>
    └ <websocket._core.WebSocket object at 0x00000295FBCA2350>
  File "C:\Users\pecas\AppData\Local\Python\pythoncore-3.14-64\Lib\site-packages\websocket\_core.py", line 263, in connect
    self.sock, addrs = connect(
    │    │             └ <function connect at 0x00000295FBBFD590>
    │    └ None
    └ <websocket._core.WebSocket object at 0x00000295FBCA2350>
  File "C:\Users\pecas\AppData\Local\Python\pythoncore-3.14-64\Lib\site-packages\websocket\_http.py", line 146, in connect
    sock = _open_socket(addrinfo_list, options.sockopt, options.timeout)
           │            │              │       │        │       └ 5
           │            │              │       │        └ <websocket._socket.sock_opt object at 0x00000295FBCA2490>
           │            │              │       └ []
           │            │              └ <websocket._socket.sock_opt object at 0x00000295FBCA2490>
           │            └ [(<AddressFamily.AF_INET: 2>, <SocketKind.SOCK_STREAM: 1>, 6, '', ('127.0.0.1', 1))]
           └ <function _open_socket at 0x00000295FBBFD7A0>
  File "C:\Users\pecas\AppData\Local\Python\pythoncore-3.14-64\Lib\site-packages\websocket\_http.py", line 233, in _open_socket
    raise err
          └ ConnectionRefusedError(10061, 'Nenhuma conexão pôde ser feita porque a máquina de destino as recusou ativamente', None, 10061...
  File "C:\Users\pecas\AppData\Local\Python\pythoncore-3.14-64\Lib\site-packages\websocket\_http.py", line 210, in _open_socket
    sock.connect(address)
    │    │       └ ('127.0.0.1', 1)
    │    └ <method 'connect' of '_socket.socket' objects>
    └ <socket.socket [closed] fd=-1, family=2, type=1, proto=6>

ConnectionRefusedError: [WinError 10061] Nenhuma conexão pôde ser feita porque a máquina de destino as recusou ativamente
2026-08-02 20:48:52.104 | ERROR    | app.infrastructure.websocket.client:_run:98 - WebSocket connection error: [WinError 10061] Nenhuma conexão pôde ser feita porque a máquina de destino as recusou ativamente
Traceback (most recent call last):

  File "C:\Users\pecas\AppData\Local\Python\pythoncore-3.14-64\Lib\threading.py", line 1044, in _bootstrap
    self._bootstrap_inner()
    │    └ <function Thread._bootstrap_inner at 0x00000295F872EB90>
    └ <Thread(ws-client, started 8464)>
  File "C:\Users\pecas\AppData\Local\Python\pythoncore-3.14-64\Lib\threading.py", line 1082, in _bootstrap_inner
    self._context.run(self.run)
    │    │        │   │    └ <function Thread.run at 0x00000295F872E820>
    │    │        │   └ <Thread(ws-client, started 8464)>
    │    │        └ <method 'run' of '_contextvars.Context' objects>
    │    └ <_contextvars.Context object at 0x00000295FBC6FDC0>
    └ <Thread(ws-client, started 8464)>
  File "C:\Users\pecas\AppData\Local\Python\pythoncore-3.14-64\Lib\threading.py", line 1024, in run
    self._target(*self._args, **self._kwargs)
    │    │        │    │        │    └ {}
    │    │        │    │        └ <Thread(ws-client, started 8464)>
    │    │        │    └ ()
    │    │        └ <Thread(ws-client, started 8464)>
    │    └ <bound method WebSocketClient._run of <app.infrastructure.websocket.client.WebSocketClient object at 0x00000295FBC196A0>>
    └ <Thread(ws-client, started 8464)>

> File "C:\Users\pecas\OneDrive\Área de Trabalho\print gsn\app\infrastructure\websocket\client.py", line 96, in _run
    self._connect_and_serve()
    │    └ <function WebSocketClient._connect_and_serve at 0x00000295FBC26B90>
    └ <app.infrastructure.websocket.client.WebSocketClient object at 0x00000295FBC196A0>

  File "C:\Users\pecas\OneDrive\Área de Trabalho\print gsn\app\infrastructure\websocket\client.py", line 110, in _connect_and_serve
    ws = websocket.create_connection(
         │         └ <function create_connection at 0x00000295FBC096F0>
         └ <module 'websocket' from 'C:\\Users\\pecas\\AppData\\Local\\Python\\pythoncore-3.14-64\\Lib\\site-packages\\websocket\\__init...

  File "C:\Users\pecas\AppData\Local\Python\pythoncore-3.14-64\Lib\site-packages\websocket\_core.py", line 664, in create_connection
    websock.connect(url, **options)
    │       │       │      └ {}
    │       │       └ 'wss://localhost'
    │       └ <function WebSocket.connect at 0x00000295FBC081A0>
    └ <websocket._core.WebSocket object at 0x00000295FBC19940>
  File "C:\Users\pecas\AppData\Local\Python\pythoncore-3.14-64\Lib\site-packages\websocket\_core.py", line 263, in connect
    self.sock, addrs = connect(
    │    │             └ <function connect at 0x00000295FBBFD590>
    │    └ None
    └ <websocket._core.WebSocket object at 0x00000295FBC19940>
  File "C:\Users\pecas\AppData\Local\Python\pythoncore-3.14-64\Lib\site-packages\websocket\_http.py", line 146, in connect
    sock = _open_socket(addrinfo_list, options.sockopt, options.timeout)
           │            │              │       │        │       └ 5
           │            │              │       │        └ <websocket._socket.sock_opt object at 0x00000295FBC19A90>
           │            │              │       └ []
           │            │              └ <websocket._socket.sock_opt object at 0x00000295FBC19A90>
           │            └ [(<AddressFamily.AF_INET6: 23>, <SocketKind.SOCK_STREAM: 1>, 6, '', ('::1', 443, 0, 0)), (<AddressFamily.AF_INET: 2>, <Socket...
           └ <function _open_socket at 0x00000295FBBFD7A0>
  File "C:\Users\pecas\AppData\Local\Python\pythoncore-3.14-64\Lib\site-packages\websocket\_http.py", line 233, in _open_socket
    raise err
          └ ConnectionRefusedError(10061, 'Nenhuma conexão pôde ser feita porque a máquina de destino as recusou ativamente', None, 10061...
  File "C:\Users\pecas\AppData\Local\Python\pythoncore-3.14-64\Lib\site-packages\websocket\_http.py", line 210, in _open_socket
    sock.connect(address)
    │    │       └ ('127.0.0.1', 443)
    │    └ <method 'connect' of '_socket.socket' objects>
    └ <socket.socket [closed] fd=-1, family=2, type=1, proto=6>

ConnectionRefusedError: [WinError 10061] Nenhuma conexão pôde ser feita porque a máquina de destino as recusou ativamente
2026-08-02 20:48:52.106 | INFO     | app.infrastructure.websocket.client:_run:105 - Reconnecting in 1.0s
2026-08-02 20:48:57.169 | ERROR    | app.infrastructure.websocket.client:_run:98 - WebSocket connection error: [WinError 10061] Nenhuma conexão pôde ser feita porque a máquina de destino as recusou ativamente
Traceback (most recent call last):

  File "C:\Users\pecas\AppData\Local\Python\pythoncore-3.14-64\Lib\threading.py", line 1044, in _bootstrap
    self._bootstrap_inner()
    │    └ <function Thread._bootstrap_inner at 0x00000295F872EB90>
    └ <Thread(ws-client, started 8464)>
  File "C:\Users\pecas\AppData\Local\Python\pythoncore-3.14-64\Lib\threading.py", line 1082, in _bootstrap_inner
    self._context.run(self.run)
    │    │        │   │    └ <function Thread.run at 0x00000295F872E820>
    │    │        │   └ <Thread(ws-client, started 8464)>
    │    │        └ <method 'run' of '_contextvars.Context' objects>
    │    └ <_contextvars.Context object at 0x00000295FBC6FDC0>
    └ <Thread(ws-client, started 8464)>
  File "C:\Users\pecas\AppData\Local\Python\pythoncore-3.14-64\Lib\threading.py", line 1024, in run
    self._target(*self._args, **self._kwargs)
    │    │        │    │        │    └ {}
    │    │        │    │        └ <Thread(ws-client, started 8464)>
    │    │        │    └ ()
    │    │        └ <Thread(ws-client, started 8464)>
    │    └ <bound method WebSocketClient._run of <app.infrastructure.websocket.client.WebSocketClient object at 0x00000295FBC196A0>>
    └ <Thread(ws-client, started 8464)>

> File "C:\Users\pecas\OneDrive\Área de Trabalho\print gsn\app\infrastructure\websocket\client.py", line 96, in _run
    self._connect_and_serve()
    │    └ <function WebSocketClient._connect_and_serve at 0x00000295FBC26B90>
    └ <app.infrastructure.websocket.client.WebSocketClient object at 0x00000295FBC196A0>

  File "C:\Users\pecas\OneDrive\Área de Trabalho\print gsn\app\infrastructure\websocket\client.py", line 110, in _connect_and_serve
    ws = websocket.create_connection(
         │         └ <function create_connection at 0x00000295FBC096F0>
         └ <module 'websocket' from 'C:\\Users\\pecas\\AppData\\Local\\Python\\pythoncore-3.14-64\\Lib\\site-packages\\websocket\\__init...

  File "C:\Users\pecas\AppData\Local\Python\pythoncore-3.14-64\Lib\site-packages\websocket\_core.py", line 664, in create_connection
    websock.connect(url, **options)
    │       │       │      └ {}
    │       │       └ 'wss://localhost'
    │       └ <function WebSocket.connect at 0x00000295FBC081A0>
    └ <websocket._core.WebSocket object at 0x00000295FB40DBD0>
  File "C:\Users\pecas\AppData\Local\Python\pythoncore-3.14-64\Lib\site-packages\websocket\_core.py", line 263, in connect
    self.sock, addrs = connect(
    │    │             └ <function connect at 0x00000295FBBFD590>
    │    └ None
    └ <websocket._core.WebSocket object at 0x00000295FB40DBD0>
  File "C:\Users\pecas\AppData\Local\Python\pythoncore-3.14-64\Lib\site-packages\websocket\_http.py", line 146, in connect
    sock = _open_socket(addrinfo_list, options.sockopt, options.timeout)
           │            │              │       │        │       └ 5
           │            │              │       │        └ <websocket._socket.sock_opt object at 0x00000295FB40DF90>
           │            │              │       └ []
           │            │              └ <websocket._socket.sock_opt object at 0x00000295FB40DF90>
           │            └ [(<AddressFamily.AF_INET6: 23>, <SocketKind.SOCK_STREAM: 1>, 6, '', ('::1', 443, 0, 0)), (<AddressFamily.AF_INET: 2>, <Socket...
           └ <function _open_socket at 0x00000295FBBFD7A0>
  File "C:\Users\pecas\AppData\Local\Python\pythoncore-3.14-64\Lib\site-packages\websocket\_http.py", line 233, in _open_socket
    raise err
          └ ConnectionRefusedError(10061, 'Nenhuma conexão pôde ser feita porque a máquina de destino as recusou ativamente', None, 10061...
  File "C:\Users\pecas\AppData\Local\Python\pythoncore-3.14-64\Lib\site-packages\websocket\_http.py", line 210, in _open_socket
    sock.connect(address)
    │    │       └ ('127.0.0.1', 443)
    │    └ <method 'connect' of '_socket.socket' objects>
    └ <socket.socket [closed] fd=-1, family=2, type=1, proto=6>

ConnectionRefusedError: [WinError 10061] Nenhuma conexão pôde ser feita porque a máquina de destino as recusou ativamente
2026-08-02 20:48:57.172 | INFO     | app.infrastructure.websocket.client:_run:105 - Reconnecting in 2.0s
2026-08-02 20:49:03.227 | ERROR    | app.infrastructure.websocket.client:_run:98 - WebSocket connection error: [WinError 10061] Nenhuma conexão pôde ser feita porque a máquina de destino as recusou ativamente
Traceback (most recent call last):

  File "C:\Users\pecas\AppData\Local\Python\pythoncore-3.14-64\Lib\threading.py", line 1044, in _bootstrap
    self._bootstrap_inner()
    │    └ <function Thread._bootstrap_inner at 0x00000295F872EB90>
    └ <Thread(ws-client, started 8464)>
  File "C:\Users\pecas\AppData\Local\Python\pythoncore-3.14-64\Lib\threading.py", line 1082, in _bootstrap_inner
    self._context.run(self.run)
    │    │        │   │    └ <function Thread.run at 0x00000295F872E820>
    │    │        │   └ <Thread(ws-client, started 8464)>
    │    │        └ <method 'run' of '_contextvars.Context' objects>
    │    └ <_contextvars.Context object at 0x00000295FBC6FDC0>
    └ <Thread(ws-client, started 8464)>
  File "C:\Users\pecas\AppData\Local\Python\pythoncore-3.14-64\Lib\threading.py", line 1024, in run
    self._target(*self._args, **self._kwargs)
    │    │        │    │        │    └ {}
    │    │        │    │        └ <Thread(ws-client, started 8464)>
    │    │        │    └ ()
    │    │        └ <Thread(ws-client, started 8464)>
    │    └ <bound method WebSocketClient._run of <app.infrastructure.websocket.client.WebSocketClient object at 0x00000295FBC196A0>>
    └ <Thread(ws-client, started 8464)>

> File "C:\Users\pecas\OneDrive\Área de Trabalho\print gsn\app\infrastructure\websocket\client.py", line 96, in _run
    self._connect_and_serve()
    │    └ <function WebSocketClient._connect_and_serve at 0x00000295FBC26B90>
    └ <app.infrastructure.websocket.client.WebSocketClient object at 0x00000295FBC196A0>

  File "C:\Users\pecas\OneDrive\Área de Trabalho\print gsn\app\infrastructure\websocket\client.py", line 110, in _connect_and_serve
    ws = websocket.create_connection(
         │         └ <function create_connection at 0x00000295FBC096F0>
         └ <module 'websocket' from 'C:\\Users\\pecas\\AppData\\Local\\Python\\pythoncore-3.14-64\\Lib\\site-packages\\websocket\\__init...

  File "C:\Users\pecas\AppData\Local\Python\pythoncore-3.14-64\Lib\site-packages\websocket\_core.py", line 664, in create_connection
    websock.connect(url, **options)
    │       │       │      └ {}
    │       │       └ 'wss://localhost'
    │       └ <function WebSocket.connect at 0x00000295FBC081A0>
    └ <websocket._core.WebSocket object at 0x00000295FB4590F0>
  File "C:\Users\pecas\AppData\Local\Python\pythoncore-3.14-64\Lib\site-packages\websocket\_core.py", line 263, in connect
    self.sock, addrs = connect(
    │    │             └ <function connect at 0x00000295FBBFD590>
    │    └ None
    └ <websocket._core.WebSocket object at 0x00000295FB4590F0>
  File "C:\Users\pecas\AppData\Local\Python\pythoncore-3.14-64\Lib\site-packages\websocket\_http.py", line 146, in connect
    sock = _open_socket(addrinfo_list, options.sockopt, options.timeout)
           │            │              │       │        │       └ 5
           │            │              │       │        └ <websocket._socket.sock_opt object at 0x00000295FB459220>
           │            │              │       └ []
           │            │              └ <websocket._socket.sock_opt object at 0x00000295FB459220>
           │            └ [(<AddressFamily.AF_INET6: 23>, <SocketKind.SOCK_STREAM: 1>, 6, '', ('::1', 443, 0, 0)), (<AddressFamily.AF_INET: 2>, <Socket...
           └ <function _open_socket at 0x00000295FBBFD7A0>
  File "C:\Users\pecas\AppData\Local\Python\pythoncore-3.14-64\Lib\site-packages\websocket\_http.py", line 233, in _open_socket
    raise err
          └ ConnectionRefusedError(10061, 'Nenhuma conexão pôde ser feita porque a máquina de destino as recusou ativamente', None, 10061...
  File "C:\Users\pecas\AppData\Local\Python\pythoncore-3.14-64\Lib\site-packages\websocket\_http.py", line 210, in _open_socket
    sock.connect(address)
    │    │       └ ('127.0.0.1', 443)
    │    └ <method 'connect' of '_socket.socket' objects>
    └ <socket.socket [closed] fd=-1, family=2, type=1, proto=6>

ConnectionRefusedError: [WinError 10061] Nenhuma conexão pôde ser feita porque a máquina de destino as recusou ativamente
2026-08-02 20:49:03.230 | INFO     | app.infrastructure.websocket.client:_run:105 - Reconnecting in 4.0s
2026-08-02 20:49:11.298 | ERROR    | app.infrastructure.websocket.client:_run:98 - WebSocket connection error: [WinError 10061] Nenhuma conexão pôde ser feita porque a máquina de destino as recusou ativamente
Traceback (most recent call last):

  File "C:\Users\pecas\AppData\Local\Python\pythoncore-3.14-64\Lib\threading.py", line 1044, in _bootstrap
    self._bootstrap_inner()
    │    └ <function Thread._bootstrap_inner at 0x00000295F872EB90>
    └ <Thread(ws-client, started 8464)>
  File "C:\Users\pecas\AppData\Local\Python\pythoncore-3.14-64\Lib\threading.py", line 1082, in _bootstrap_inner
    self._context.run(self.run)
    │    │        │   │    └ <function Thread.run at 0x00000295F872E820>
    │    │        │   └ <Thread(ws-client, started 8464)>
    │    │        └ <method 'run' of '_contextvars.Context' objects>
    │    └ <_contextvars.Context object at 0x00000295FBC6FDC0>
    └ <Thread(ws-client, started 8464)>
  File "C:\Users\pecas\AppData\Local\Python\pythoncore-3.14-64\Lib\threading.py", line 1024, in run
    self._target(*self._args, **self._kwargs)
    │    │        │    │        │    └ {}
    │    │        │    │        └ <Thread(ws-client, started 8464)>
    │    │        │    └ ()
    │    │        └ <Thread(ws-client, started 8464)>
    │    └ <bound method WebSocketClient._run of <app.infrastructure.websocket.client.WebSocketClient object at 0x00000295FBC196A0>>
    └ <Thread(ws-client, started 8464)>

> File "C:\Users\pecas\OneDrive\Área de Trabalho\print gsn\app\infrastructure\websocket\client.py", line 96, in _run
    self._connect_and_serve()
    │    └ <function WebSocketClient._connect_and_serve at 0x00000295FBC26B90>
    └ <app.infrastructure.websocket.client.WebSocketClient object at 0x00000295FBC196A0>

  File "C:\Users\pecas\OneDrive\Área de Trabalho\print gsn\app\infrastructure\websocket\client.py", line 110, in _connect_and_serve
    ws = websocket.create_connection(
         │         └ <function create_connection at 0x00000295FBC096F0>
         └ <module 'websocket' from 'C:\\Users\\pecas\\AppData\\Local\\Python\\pythoncore-3.14-64\\Lib\\site-packages\\websocket\\__init...

  File "C:\Users\pecas\AppData\Local\Python\pythoncore-3.14-64\Lib\site-packages\websocket\_core.py", line 664, in create_connection
    websock.connect(url, **options)
    │       │       │      └ {}
    │       │       └ 'wss://localhost'
    │       └ <function WebSocket.connect at 0x00000295FBC081A0>
    └ <websocket._core.WebSocket object at 0x00000295FB45B230>
  File "C:\Users\pecas\AppData\Local\Python\pythoncore-3.14-64\Lib\site-packages\websocket\_core.py", line 263, in connect
    self.sock, addrs = connect(
    │    │             └ <function connect at 0x00000295FBBFD590>
    │    └ None
    └ <websocket._core.WebSocket object at 0x00000295FB45B230>
  File "C:\Users\pecas\AppData\Local\Python\pythoncore-3.14-64\Lib\site-packages\websocket\_http.py", line 146, in connect
    sock = _open_socket(addrinfo_list, options.sockopt, options.timeout)
           │            │              │       │        │       └ 5
           │            │              │       │        └ <websocket._socket.sock_opt object at 0x00000295FB4595B0>
           │            │              │       └ []
           │            │              └ <websocket._socket.sock_opt object at 0x00000295FB4595B0>
           │            └ [(<AddressFamily.AF_INET6: 23>, <SocketKind.SOCK_STREAM: 1>, 6, '', ('::1', 443, 0, 0)), (<AddressFamily.AF_INET: 2>, <Socket...
           └ <function _open_socket at 0x00000295FBBFD7A0>
  File "C:\Users\pecas\AppData\Local\Python\pythoncore-3.14-64\Lib\site-packages\websocket\_http.py", line 233, in _open_socket
    raise err
          └ ConnectionRefusedError(10061, 'Nenhuma conexão pôde ser feita porque a máquina de destino as recusou ativamente', None, 10061...
  File "C:\Users\pecas\AppData\Local\Python\pythoncore-3.14-64\Lib\site-packages\websocket\_http.py", line 210, in _open_socket
    sock.connect(address)
    │    │       └ ('127.0.0.1', 443)
    │    └ <method 'connect' of '_socket.socket' objects>
    └ <socket.socket [closed] fd=-1, family=2, type=1, proto=6>

ConnectionRefusedError: [WinError 10061] Nenhuma conexão pôde ser feita porque a máquina de destino as recusou ativamente
2026-08-02 20:49:11.301 | INFO     | app.infrastructure.websocket.client:_run:105 - Reconnecting in 8.0s
2026-08-02 20:49:18.940 | ERROR    | app.infrastructure.websocket.client:_run:98 - WebSocket connection error: [WinError 10061] Nenhuma conexão pôde ser feita porque a máquina de destino as recusou ativamente
Traceback (most recent call last):

  File "C:\Users\pecas\AppData\Local\Python\pythoncore-3.14-64\Lib\threading.py", line 1044, in _bootstrap
    self._bootstrap_inner()
    │    └ <function Thread._bootstrap_inner at 0x000002BE90F0EB90>
    └ <Thread(ws-client, started 17808)>
  File "C:\Users\pecas\AppData\Local\Python\pythoncore-3.14-64\Lib\threading.py", line 1082, in _bootstrap_inner
    self._context.run(self.run)
    │    │        │   │    └ <function Thread.run at 0x000002BE90F0E820>
    │    │        │   └ <Thread(ws-client, started 17808)>
    │    │        └ <method 'run' of '_contextvars.Context' objects>
    │    └ <_contextvars.Context object at 0x000002BE943EAD80>
    └ <Thread(ws-client, started 17808)>
  File "C:\Users\pecas\AppData\Local\Python\pythoncore-3.14-64\Lib\threading.py", line 1024, in run
    self._target(*self._args, **self._kwargs)
    │    │        │    │        │    └ {}
    │    │        │    │        └ <Thread(ws-client, started 17808)>
    │    │        │    └ ()
    │    │        └ <Thread(ws-client, started 17808)>
    │    └ <bound method WebSocketClient._run of <app.infrastructure.websocket.client.WebSocketClient object at 0x000002BE943D57F0>>
    └ <Thread(ws-client, started 17808)>

> File "C:\Users\pecas\OneDrive\Área de Trabalho\print gsn\app\infrastructure\websocket\client.py", line 96, in _run
    self._connect_and_serve()
    │    └ <function WebSocketClient._connect_and_serve at 0x000002BE94413060>
    └ <app.infrastructure.websocket.client.WebSocketClient object at 0x000002BE943D57F0>

  File "C:\Users\pecas\OneDrive\Área de Trabalho\print gsn\app\infrastructure\websocket\client.py", line 110, in _connect_and_serve
    ws = websocket.create_connection(
         │         └ <function create_connection at 0x000002BE943E1850>
         └ <module 'websocket' from 'C:\\Users\\pecas\\AppData\\Local\\Python\\pythoncore-3.14-64\\Lib\\site-packages\\websocket\\__init...

  File "C:\Users\pecas\AppData\Local\Python\pythoncore-3.14-64\Lib\site-packages\websocket\_core.py", line 664, in create_connection
    websock.connect(url, **options)
    │       │       │      └ {}
    │       │       └ 'wss://localhost'
    │       └ <function WebSocket.connect at 0x000002BE943E0300>
    └ <websocket._core.WebSocket object at 0x000002BE90483800>
  File "C:\Users\pecas\AppData\Local\Python\pythoncore-3.14-64\Lib\site-packages\websocket\_core.py", line 263, in connect
    self.sock, addrs = connect(
    │    │             └ <function connect at 0x000002BE943CD6F0>
    │    └ None
    └ <websocket._core.WebSocket object at 0x000002BE90483800>
  File "C:\Users\pecas\AppData\Local\Python\pythoncore-3.14-64\Lib\site-packages\websocket\_http.py", line 146, in connect
    sock = _open_socket(addrinfo_list, options.sockopt, options.timeout)
           │            │              │       │        │       └ 5
           │            │              │       │        └ <websocket._socket.sock_opt object at 0x000002BE9663A570>
           │            │              │       └ []
           │            │              └ <websocket._socket.sock_opt object at 0x000002BE9663A570>
           │            └ [(<AddressFamily.AF_INET6: 23>, <SocketKind.SOCK_STREAM: 1>, 6, '', ('::1', 443, 0, 0)), (<AddressFamily.AF_INET: 2>, <Socket...
           └ <function _open_socket at 0x000002BE943CD900>
  File "C:\Users\pecas\AppData\Local\Python\pythoncore-3.14-64\Lib\site-packages\websocket\_http.py", line 233, in _open_socket
    raise err
          └ ConnectionRefusedError(10061, 'Nenhuma conexão pôde ser feita porque a máquina de destino as recusou ativamente', None, 10061...
  File "C:\Users\pecas\AppData\Local\Python\pythoncore-3.14-64\Lib\site-packages\websocket\_http.py", line 210, in _open_socket
    sock.connect(address)
    │    │       └ ('127.0.0.1', 443)
    │    └ <method 'connect' of '_socket.socket' objects>
    └ <socket.socket [closed] fd=-1, family=2, type=1, proto=6>

ConnectionRefusedError: [WinError 10061] Nenhuma conexão pôde ser feita porque a máquina de destino as recusou ativamente
2026-08-02 20:49:18.942 | INFO     | app.infrastructure.websocket.client:_run:105 - Reconnecting in 30.0s
2026-08-02 20:49:23.341 | ERROR    | app.infrastructure.websocket.client:_run:98 - WebSocket connection error: [WinError 10061] Nenhuma conexão pôde ser feita porque a máquina de destino as recusou ativamente
Traceback (most recent call last):

  File "C:\Users\pecas\AppData\Local\Python\pythoncore-3.14-64\Lib\threading.py", line 1044, in _bootstrap
    self._bootstrap_inner()
    │    └ <function Thread._bootstrap_inner at 0x00000295F872EB90>
    └ <Thread(ws-client, started 8464)>
  File "C:\Users\pecas\AppData\Local\Python\pythoncore-3.14-64\Lib\threading.py", line 1082, in _bootstrap_inner
    self._context.run(self.run)
    │    │        │   │    └ <function Thread.run at 0x00000295F872E820>
    │    │        │   └ <Thread(ws-client, started 8464)>
    │    │        └ <method 'run' of '_contextvars.Context' objects>
    │    └ <_contextvars.Context object at 0x00000295FBC6FDC0>
    └ <Thread(ws-client, started 8464)>
  File "C:\Users\pecas\AppData\Local\Python\pythoncore-3.14-64\Lib\threading.py", line 1024, in run
    self._target(*self._args, **self._kwargs)
    │    │        │    │        │    └ {}
    │    │        │    │        └ <Thread(ws-client, started 8464)>
    │    │        │    └ ()
    │    │        └ <Thread(ws-client, started 8464)>
    │    └ <bound method WebSocketClient._run of <app.infrastructure.websocket.client.WebSocketClient object at 0x00000295FBC196A0>>
    └ <Thread(ws-client, started 8464)>

> File "C:\Users\pecas\OneDrive\Área de Trabalho\print gsn\app\infrastructure\websocket\client.py", line 96, in _run
    self._connect_and_serve()
    │    └ <function WebSocketClient._connect_and_serve at 0x00000295FBC26B90>
    └ <app.infrastructure.websocket.client.WebSocketClient object at 0x00000295FBC196A0>

  File "C:\Users\pecas\OneDrive\Área de Trabalho\print gsn\app\infrastructure\websocket\client.py", line 110, in _connect_and_serve
    ws = websocket.create_connection(
         │         └ <function create_connection at 0x00000295FBC096F0>
         └ <module 'websocket' from 'C:\\Users\\pecas\\AppData\\Local\\Python\\pythoncore-3.14-64\\Lib\\site-packages\\websocket\\__init...

  File "C:\Users\pecas\AppData\Local\Python\pythoncore-3.14-64\Lib\site-packages\websocket\_core.py", line 664, in create_connection
    websock.connect(url, **options)
    │       │       │      └ {}
    │       │       └ 'wss://localhost'
    │       └ <function WebSocket.connect at 0x00000295FBC081A0>
    └ <websocket._core.WebSocket object at 0x00000295FBBE3410>
  File "C:\Users\pecas\AppData\Local\Python\pythoncore-3.14-64\Lib\site-packages\websocket\_core.py", line 263, in connect
    self.sock, addrs = connect(
    │    │             └ <function connect at 0x00000295FBBFD590>
    │    └ None
    └ <websocket._core.WebSocket object at 0x00000295FBBE3410>
  File "C:\Users\pecas\AppData\Local\Python\pythoncore-3.14-64\Lib\site-packages\websocket\_http.py", line 146, in connect
    sock = _open_socket(addrinfo_list, options.sockopt, options.timeout)
           │            │              │       │        │       └ 5
           │            │              │       │        └ <websocket._socket.sock_opt object at 0x00000295FBBE3650>
           │            │              │       └ []
           │            │              └ <websocket._socket.sock_opt object at 0x00000295FBBE3650>
           │            └ [(<AddressFamily.AF_INET6: 23>, <SocketKind.SOCK_STREAM: 1>, 6, '', ('::1', 443, 0, 0)), (<AddressFamily.AF_INET: 2>, <Socket...
           └ <function _open_socket at 0x00000295FBBFD7A0>
  File "C:\Users\pecas\AppData\Local\Python\pythoncore-3.14-64\Lib\site-packages\websocket\_http.py", line 233, in _open_socket
    raise err
          └ ConnectionRefusedError(10061, 'Nenhuma conexão pôde ser feita porque a máquina de destino as recusou ativamente', None, 10061...
  File "C:\Users\pecas\AppData\Local\Python\pythoncore-3.14-64\Lib\site-packages\websocket\_http.py", line 210, in _open_socket
    sock.connect(address)
    │    │       └ ('127.0.0.1', 443)
    │    └ <method 'connect' of '_socket.socket' objects>
    └ <socket.socket [closed] fd=-1, family=2, type=1, proto=6>

ConnectionRefusedError: [WinError 10061] Nenhuma conexão pôde ser feita porque a máquina de destino as recusou ativamente
2026-08-02 20:49:23.343 | INFO     | app.infrastructure.websocket.client:_run:105 - Reconnecting in 16.0s
2026-08-02 20:49:43.435 | ERROR    | app.infrastructure.websocket.client:_run:98 - WebSocket connection error: [WinError 10061] Nenhuma conexão pôde ser feita porque a máquina de destino as recusou ativamente
Traceback (most recent call last):

  File "C:\Users\pecas\AppData\Local\Python\pythoncore-3.14-64\Lib\threading.py", line 1044, in _bootstrap
    self._bootstrap_inner()
    │    └ <function Thread._bootstrap_inner at 0x00000295F872EB90>
    └ <Thread(ws-client, started 8464)>
  File "C:\Users\pecas\AppData\Local\Python\pythoncore-3.14-64\Lib\threading.py", line 1082, in _bootstrap_inner
    self._context.run(self.run)
    │    │        │   │    └ <function Thread.run at 0x00000295F872E820>
    │    │        │   └ <Thread(ws-client, started 8464)>
    │    │        └ <method 'run' of '_contextvars.Context' objects>
    │    └ <_contextvars.Context object at 0x00000295FBC6FDC0>
    └ <Thread(ws-client, started 8464)>
  File "C:\Users\pecas\AppData\Local\Python\pythoncore-3.14-64\Lib\threading.py", line 1024, in run
    self._target(*self._args, **self._kwargs)
    │    │        │    │        │    └ {}
    │    │        │    │        └ <Thread(ws-client, started 8464)>
    │    │        │    └ ()
    │    │        └ <Thread(ws-client, started 8464)>
    │    └ <bound method WebSocketClient._run of <app.infrastructure.websocket.client.WebSocketClient object at 0x00000295FBC196A0>>
    └ <Thread(ws-client, started 8464)>

> File "C:\Users\pecas\OneDrive\Área de Trabalho\print gsn\app\infrastructure\websocket\client.py", line 96, in _run
    self._connect_and_serve()
    │    └ <function WebSocketClient._connect_and_serve at 0x00000295FBC26B90>
    └ <app.infrastructure.websocket.client.WebSocketClient object at 0x00000295FBC196A0>

  File "C:\Users\pecas\OneDrive\Área de Trabalho\print gsn\app\infrastructure\websocket\client.py", line 110, in _connect_and_serve
    ws = websocket.create_connection(
         │         └ <function create_connection at 0x00000295FBC096F0>
         └ <module 'websocket' from 'C:\\Users\\pecas\\AppData\\Local\\Python\\pythoncore-3.14-64\\Lib\\site-packages\\websocket\\__init...

  File "C:\Users\pecas\AppData\Local\Python\pythoncore-3.14-64\Lib\site-packages\websocket\_core.py", line 664, in create_connection
    websock.connect(url, **options)
    │       │       │      └ {}
    │       │       └ 'wss://localhost'
    │       └ <function WebSocket.connect at 0x00000295FBC081A0>
    └ <websocket._core.WebSocket object at 0x00000295FB4C57B0>
  File "C:\Users\pecas\AppData\Local\Python\pythoncore-3.14-64\Lib\site-packages\websocket\_core.py", line 263, in connect
    self.sock, addrs = connect(
    │    │             └ <function connect at 0x00000295FBBFD590>
    │    └ None
    └ <websocket._core.WebSocket object at 0x00000295FB4C57B0>
  File "C:\Users\pecas\AppData\Local\Python\pythoncore-3.14-64\Lib\site-packages\websocket\_http.py", line 146, in connect
    sock = _open_socket(addrinfo_list, options.sockopt, options.timeout)
           │            │              │       │        │       └ 5
           │            │              │       │        └ <websocket._socket.sock_opt object at 0x00000295FB4C56A0>
           │            │              │       └ []
           │            │              └ <websocket._socket.sock_opt object at 0x00000295FB4C56A0>
           │            └ [(<AddressFamily.AF_INET6: 23>, <SocketKind.SOCK_STREAM: 1>, 6, '', ('::1', 443, 0, 0)), (<AddressFamily.AF_INET: 2>, <Socket...
           └ <function _open_socket at 0x00000295FBBFD7A0>
  File "C:\Users\pecas\AppData\Local\Python\pythoncore-3.14-64\Lib\site-packages\websocket\_http.py", line 233, in _open_socket
    raise err
          └ ConnectionRefusedError(10061, 'Nenhuma conexão pôde ser feita porque a máquina de destino as recusou ativamente', None, 10061...
  File "C:\Users\pecas\AppData\Local\Python\pythoncore-3.14-64\Lib\site-packages\websocket\_http.py", line 210, in _open_socket
    sock.connect(address)
    │    │       └ ('127.0.0.1', 443)
    │    └ <method 'connect' of '_socket.socket' objects>
    └ <socket.socket [closed] fd=-1, family=2, type=1, proto=6>

ConnectionRefusedError: [WinError 10061] Nenhuma conexão pôde ser feita porque a máquina de destino as recusou ativamente
2026-08-02 20:49:43.437 | INFO     | app.infrastructure.websocket.client:_run:105 - Reconnecting in 30.0s
2026-08-02 20:49:52.982 | ERROR    | app.infrastructure.websocket.client:_run:98 - WebSocket connection error: [WinError 10061] Nenhuma conexão pôde ser feita porque a máquina de destino as recusou ativamente
Traceback (most recent call last):

  File "C:\Users\pecas\AppData\Local\Python\pythoncore-3.14-64\Lib\threading.py", line 1044, in _bootstrap
    self._bootstrap_inner()
    │    └ <function Thread._bootstrap_inner at 0x000002BE90F0EB90>
    └ <Thread(ws-client, started 17808)>
  File "C:\Users\pecas\AppData\Local\Python\pythoncore-3.14-64\Lib\threading.py", line 1082, in _bootstrap_inner
    self._context.run(self.run)
    │    │        │   │    └ <function Thread.run at 0x000002BE90F0E820>
    │    │        │   └ <Thread(ws-client, started 17808)>
    │    │        └ <method 'run' of '_contextvars.Context' objects>
    │    └ <_contextvars.Context object at 0x000002BE943EAD80>
    └ <Thread(ws-client, started 17808)>
  File "C:\Users\pecas\AppData\Local\Python\pythoncore-3.14-64\Lib\threading.py", line 1024, in run
    self._target(*self._args, **self._kwargs)
    │    │        │    │        │    └ {}
    │    │        │    │        └ <Thread(ws-client, started 17808)>
    │    │        │    └ ()
    │    │        └ <Thread(ws-client, started 17808)>
    │    └ <bound method WebSocketClient._run of <app.infrastructure.websocket.client.WebSocketClient object at 0x000002BE943D57F0>>
    └ <Thread(ws-client, started 17808)>

> File "C:\Users\pecas\OneDrive\Área de Trabalho\print gsn\app\infrastructure\websocket\client.py", line 96, in _run
    self._connect_and_serve()
    │    └ <function WebSocketClient._connect_and_serve at 0x000002BE94413060>
    └ <app.infrastructure.websocket.client.WebSocketClient object at 0x000002BE943D57F0>

  File "C:\Users\pecas\OneDrive\Área de Trabalho\print gsn\app\infrastructure\websocket\client.py", line 110, in _connect_and_serve
    ws = websocket.create_connection(
         │         └ <function create_connection at 0x000002BE943E1850>
         └ <module 'websocket' from 'C:\\Users\\pecas\\AppData\\Local\\Python\\pythoncore-3.14-64\\Lib\\site-packages\\websocket\\__init...

  File "C:\Users\pecas\AppData\Local\Python\pythoncore-3.14-64\Lib\site-packages\websocket\_core.py", line 664, in create_connection
    websock.connect(url, **options)
    │       │       │      └ {}
    │       │       └ 'wss://localhost'
    │       └ <function WebSocket.connect at 0x000002BE943E0300>
    └ <websocket._core.WebSocket object at 0x000002BE9663AE60>
  File "C:\Users\pecas\AppData\Local\Python\pythoncore-3.14-64\Lib\site-packages\websocket\_core.py", line 263, in connect
    self.sock, addrs = connect(
    │    │             └ <function connect at 0x000002BE943CD6F0>
    │    └ None
    └ <websocket._core.WebSocket object at 0x000002BE9663AE60>
  File "C:\Users\pecas\AppData\Local\Python\pythoncore-3.14-64\Lib\site-packages\websocket\_http.py", line 146, in connect
    sock = _open_socket(addrinfo_list, options.sockopt, options.timeout)
           │            │              │       │        │       └ 5
           │            │              │       │        └ <websocket._socket.sock_opt object at 0x000002BE9664D860>
           │            │              │       └ []
           │            │              └ <websocket._socket.sock_opt object at 0x000002BE9664D860>
           │            └ [(<AddressFamily.AF_INET6: 23>, <SocketKind.SOCK_STREAM: 1>, 6, '', ('::1', 443, 0, 0)), (<AddressFamily.AF_INET: 2>, <Socket...
           └ <function _open_socket at 0x000002BE943CD900>
  File "C:\Users\pecas\AppData\Local\Python\pythoncore-3.14-64\Lib\site-packages\websocket\_http.py", line 233, in _open_socket
    raise err
          └ ConnectionRefusedError(10061, 'Nenhuma conexão pôde ser feita porque a máquina de destino as recusou ativamente', None, 10061...
  File "C:\Users\pecas\AppData\Local\Python\pythoncore-3.14-64\Lib\site-packages\websocket\_http.py", line 210, in _open_socket
    sock.connect(address)
    │    │       └ ('127.0.0.1', 443)
    │    └ <method 'connect' of '_socket.socket' objects>
    └ <socket.socket [closed] fd=-1, family=2, type=1, proto=6>

ConnectionRefusedError: [WinError 10061] Nenhuma conexão pôde ser feita porque a máquina de destino as recusou ativamente
2026-08-02 20:49:52.985 | INFO     | app.infrastructure.websocket.client:_run:105 - Reconnecting in 30.0s
2026-08-02 20:50:17.511 | ERROR    | app.infrastructure.websocket.client:_run:98 - WebSocket connection error: [WinError 10061] Nenhuma conexão pôde ser feita porque a máquina de destino as recusou ativamente
Traceback (most recent call last):

  File "C:\Users\pecas\AppData\Local\Python\pythoncore-3.14-64\Lib\threading.py", line 1044, in _bootstrap
    self._bootstrap_inner()
    │    └ <function Thread._bootstrap_inner at 0x00000295F872EB90>
    └ <Thread(ws-client, started 8464)>
  File "C:\Users\pecas\AppData\Local\Python\pythoncore-3.14-64\Lib\threading.py", line 1082, in _bootstrap_inner
    self._context.run(self.run)
    │    │        │   │    └ <function Thread.run at 0x00000295F872E820>
    │    │        │   └ <Thread(ws-client, started 8464)>
    │    │        └ <method 'run' of '_contextvars.Context' objects>
    │    └ <_contextvars.Context object at 0x00000295FBC6FDC0>
    └ <Thread(ws-client, started 8464)>
  File "C:\Users\pecas\AppData\Local\Python\pythoncore-3.14-64\Lib\threading.py", line 1024, in run
    self._target(*self._args, **self._kwargs)
    │    │        │    │        │    └ {}
    │    │        │    │        └ <Thread(ws-client, started 8464)>
    │    │        │    └ ()
    │    │        └ <Thread(ws-client, started 8464)>
    │    └ <bound method WebSocketClient._run of <app.infrastructure.websocket.client.WebSocketClient object at 0x00000295FBC196A0>>
    └ <Thread(ws-client, started 8464)>

> File "C:\Users\pecas\OneDrive\Área de Trabalho\print gsn\app\infrastructure\websocket\client.py", line 96, in _run
    self._connect_and_serve()
    │    └ <function WebSocketClient._connect_and_serve at 0x00000295FBC26B90>
    └ <app.infrastructure.websocket.client.WebSocketClient object at 0x00000295FBC196A0>

  File "C:\Users\pecas\OneDrive\Área de Trabalho\print gsn\app\infrastructure\websocket\client.py", line 110, in _connect_and_serve
    ws = websocket.create_connection(
         │         └ <function create_connection at 0x00000295FBC096F0>
         └ <module 'websocket' from 'C:\\Users\\pecas\\AppData\\Local\\Python\\pythoncore-3.14-64\\Lib\\site-packages\\websocket\\__init...

  File "C:\Users\pecas\AppData\Local\Python\pythoncore-3.14-64\Lib\site-packages\websocket\_core.py", line 664, in create_connection
    websock.connect(url, **options)
    │       │       │      └ {}
    │       │       └ 'wss://localhost'
    │       └ <function WebSocket.connect at 0x00000295FBC081A0>
    └ <websocket._core.WebSocket object at 0x00000295FBBBF8A0>
  File "C:\Users\pecas\AppData\Local\Python\pythoncore-3.14-64\Lib\site-packages\websocket\_core.py", line 263, in connect
    self.sock, addrs = connect(
    │    │             └ <function connect at 0x00000295FBBFD590>
    │    └ None
    └ <websocket._core.WebSocket object at 0x00000295FBBBF8A0>
  File "C:\Users\pecas\AppData\Local\Python\pythoncore-3.14-64\Lib\site-packages\websocket\_http.py", line 146, in connect
    sock = _open_socket(addrinfo_list, options.sockopt, options.timeout)
           │            │              │       │        │       └ 5
           │            │              │       │        └ <websocket._socket.sock_opt object at 0x00000295FBBBF9B0>
           │            │              │       └ []
           │            │              └ <websocket._socket.sock_opt object at 0x00000295FBBBF9B0>
           │            └ [(<AddressFamily.AF_INET6: 23>, <SocketKind.SOCK_STREAM: 1>, 6, '', ('::1', 443, 0, 0)), (<AddressFamily.AF_INET: 2>, <Socket...
           └ <function _open_socket at 0x00000295FBBFD7A0>
  File "C:\Users\pecas\AppData\Local\Python\pythoncore-3.14-64\Lib\site-packages\websocket\_http.py", line 233, in _open_socket
    raise err
          └ ConnectionRefusedError(10061, 'Nenhuma conexão pôde ser feita porque a máquina de destino as recusou ativamente', None, 10061...
  File "C:\Users\pecas\AppData\Local\Python\pythoncore-3.14-64\Lib\site-packages\websocket\_http.py", line 210, in _open_socket
    sock.connect(address)
    │    │       └ ('127.0.0.1', 443)
    │    └ <method 'connect' of '_socket.socket' objects>
    └ <socket.socket [closed] fd=-1, family=2, type=1, proto=6>

ConnectionRefusedError: [WinError 10061] Nenhuma conexão pôde ser feita porque a máquina de destino as recusou ativamente
2026-08-02 20:50:17.513 | INFO     | app.infrastructure.websocket.client:_run:105 - Reconnecting in 30.0s
2026-08-02 20:50:27.017 | ERROR    | app.infrastructure.websocket.client:_run:98 - WebSocket connection error: [WinError 10061] Nenhuma conexão pôde ser feita porque a máquina de destino as recusou ativamente
Traceback (most recent call last):

  File "C:\Users\pecas\AppData\Local\Python\pythoncore-3.14-64\Lib\threading.py", line 1044, in _bootstrap
    self._bootstrap_inner()
    │    └ <function Thread._bootstrap_inner at 0x000002BE90F0EB90>
    └ <Thread(ws-client, started 17808)>
  File "C:\Users\pecas\AppData\Local\Python\pythoncore-3.14-64\Lib\threading.py", line 1082, in _bootstrap_inner
    self._context.run(self.run)
    │    │        │   │    └ <function Thread.run at 0x000002BE90F0E820>
    │    │        │   └ <Thread(ws-client, started 17808)>
    │    │        └ <method 'run' of '_contextvars.Context' objects>
    │    └ <_contextvars.Context object at 0x000002BE943EAD80>
    └ <Thread(ws-client, started 17808)>
  File "C:\Users\pecas\AppData\Local\Python\pythoncore-3.14-64\Lib\threading.py", line 1024, in run
    self._target(*self._args, **self._kwargs)
    │    │        │    │        │    └ {}
    │    │        │    │        └ <Thread(ws-client, started 17808)>
    │    │        │    └ ()
    │    │        └ <Thread(ws-client, started 17808)>
    │    └ <bound method WebSocketClient._run of <app.infrastructure.websocket.client.WebSocketClient object at 0x000002BE943D57F0>>
    └ <Thread(ws-client, started 17808)>

> File "C:\Users\pecas\OneDrive\Área de Trabalho\print gsn\app\infrastructure\websocket\client.py", line 96, in _run
    self._connect_and_serve()
    │    └ <function WebSocketClient._connect_and_serve at 0x000002BE94413060>
    └ <app.infrastructure.websocket.client.WebSocketClient object at 0x000002BE943D57F0>

  File "C:\Users\pecas\OneDrive\Área de Trabalho\print gsn\app\infrastructure\websocket\client.py", line 110, in _connect_and_serve
    ws = websocket.create_connection(
         │         └ <function create_connection at 0x000002BE943E1850>
         └ <module 'websocket' from 'C:\\Users\\pecas\\AppData\\Local\\Python\\pythoncore-3.14-64\\Lib\\site-packages\\websocket\\__init...

  File "C:\Users\pecas\AppData\Local\Python\pythoncore-3.14-64\Lib\site-packages\websocket\_core.py", line 664, in create_connection
    websock.connect(url, **options)
    │       │       │      └ {}
    │       │       └ 'wss://localhost'
    │       └ <function WebSocket.connect at 0x000002BE943E0300>
    └ <websocket._core.WebSocket object at 0x000002BE90916850>
  File "C:\Users\pecas\AppData\Local\Python\pythoncore-3.14-64\Lib\site-packages\websocket\_core.py", line 263, in connect
    self.sock, addrs = connect(
    │    │             └ <function connect at 0x000002BE943CD6F0>
    │    └ None
    └ <websocket._core.WebSocket object at 0x000002BE90916850>
  File "C:\Users\pecas\AppData\Local\Python\pythoncore-3.14-64\Lib\site-packages\websocket\_http.py", line 146, in connect
    sock = _open_socket(addrinfo_list, options.sockopt, options.timeout)
           │            │              │       │        │       └ 5
           │            │              │       │        └ <websocket._socket.sock_opt object at 0x000002BE94473930>
           │            │              │       └ []
           │            │              └ <websocket._socket.sock_opt object at 0x000002BE94473930>
           │            └ [(<AddressFamily.AF_INET6: 23>, <SocketKind.SOCK_STREAM: 1>, 6, '', ('::1', 443, 0, 0)), (<AddressFamily.AF_INET: 2>, <Socket...
           └ <function _open_socket at 0x000002BE943CD900>
  File "C:\Users\pecas\AppData\Local\Python\pythoncore-3.14-64\Lib\site-packages\websocket\_http.py", line 233, in _open_socket
    raise err
          └ ConnectionRefusedError(10061, 'Nenhuma conexão pôde ser feita porque a máquina de destino as recusou ativamente', None, 10061...
  File "C:\Users\pecas\AppData\Local\Python\pythoncore-3.14-64\Lib\site-packages\websocket\_http.py", line 210, in _open_socket
    sock.connect(address)
    │    │       └ ('127.0.0.1', 443)
    │    └ <method 'connect' of '_socket.socket' objects>
    └ <socket.socket [closed] fd=-1, family=2, type=1, proto=6>

ConnectionRefusedError: [WinError 10061] Nenhuma conexão pôde ser feita porque a máquina de destino as recusou ativamente
2026-08-02 20:50:27.020 | INFO     | app.infrastructure.websocket.client:_run:105 - Reconnecting in 30.0s
2026-08-02 20:50:51.563 | ERROR    | app.infrastructure.websocket.client:_run:98 - WebSocket connection error: [WinError 10061] Nenhuma conexão pôde ser feita porque a máquina de destino as recusou ativamente
Traceback (most recent call last):

  File "C:\Users\pecas\AppData\Local\Python\pythoncore-3.14-64\Lib\threading.py", line 1044, in _bootstrap
    self._bootstrap_inner()
    │    └ <function Thread._bootstrap_inner at 0x00000295F872EB90>
    └ <Thread(ws-client, started 8464)>
  File "C:\Users\pecas\AppData\Local\Python\pythoncore-3.14-64\Lib\threading.py", line 1082, in _bootstrap_inner
    self._context.run(self.run)
    │    │        │   │    └ <function Thread.run at 0x00000295F872E820>
    │    │        │   └ <Thread(ws-client, started 8464)>
    │    │        └ <method 'run' of '_contextvars.Context' objects>
    │    └ <_contextvars.Context object at 0x00000295FBC6FDC0>
    └ <Thread(ws-client, started 8464)>
  File "C:\Users\pecas\AppData\Local\Python\pythoncore-3.14-64\Lib\threading.py", line 1024, in run
    self._target(*self._args, **self._kwargs)
    │    │        │    │        │    └ {}
    │    │        │    │        └ <Thread(ws-client, started 8464)>
    │    │        │    └ ()
    │    │        └ <Thread(ws-client, started 8464)>
    │    └ <bound method WebSocketClient._run of <app.infrastructure.websocket.client.WebSocketClient object at 0x00000295FBC196A0>>
    └ <Thread(ws-client, started 8464)>

> File "C:\Users\pecas\OneDrive\Área de Trabalho\print gsn\app\infrastructure\websocket\client.py", line 96, in _run
    self._connect_and_serve()
    │    └ <function WebSocketClient._connect_and_serve at 0x00000295FBC26B90>
    └ <app.infrastructure.websocket.client.WebSocketClient object at 0x00000295FBC196A0>

  File "C:\Users\pecas\OneDrive\Área de Trabalho\print gsn\app\infrastructure\websocket\client.py", line 110, in _connect_and_serve
    ws = websocket.create_connection(
         │         └ <function create_connection at 0x00000295FBC096F0>
         └ <module 'websocket' from 'C:\\Users\\pecas\\AppData\\Local\\Python\\pythoncore-3.14-64\\Lib\\site-packages\\websocket\\__init...

  File "C:\Users\pecas\AppData\Local\Python\pythoncore-3.14-64\Lib\site-packages\websocket\_core.py", line 664, in create_connection
    websock.connect(url, **options)
    │       │       │      └ {}
    │       │       └ 'wss://localhost'
    │       └ <function WebSocket.connect at 0x00000295FBC081A0>
    └ <websocket._core.WebSocket object at 0x00000295FBCF4950>
  File "C:\Users\pecas\AppData\Local\Python\pythoncore-3.14-64\Lib\site-packages\websocket\_core.py", line 263, in connect
    self.sock, addrs = connect(
    │    │             └ <function connect at 0x00000295FBBFD590>
    │    └ None
    └ <websocket._core.WebSocket object at 0x00000295FBCF4950>
  File "C:\Users\pecas\AppData\Local\Python\pythoncore-3.14-64\Lib\site-packages\websocket\_http.py", line 146, in connect
    sock = _open_socket(addrinfo_list, options.sockopt, options.timeout)
           │            │              │       │        │       └ 5
           │            │              │       │        └ <websocket._socket.sock_opt object at 0x00000295FBCF4A50>
           │            │              │       └ []
           │            │              └ <websocket._socket.sock_opt object at 0x00000295FBCF4A50>
           │            └ [(<AddressFamily.AF_INET6: 23>, <SocketKind.SOCK_STREAM: 1>, 6, '', ('::1', 443, 0, 0)), (<AddressFamily.AF_INET: 2>, <Socket...
           └ <function _open_socket at 0x00000295FBBFD7A0>
  File "C:\Users\pecas\AppData\Local\Python\pythoncore-3.14-64\Lib\site-packages\websocket\_http.py", line 233, in _open_socket
    raise err
          └ ConnectionRefusedError(10061, 'Nenhuma conexão pôde ser feita porque a máquina de destino as recusou ativamente', None, 10061...
  File "C:\Users\pecas\AppData\Local\Python\pythoncore-3.14-64\Lib\site-packages\websocket\_http.py", line 210, in _open_socket
    sock.connect(address)
    │    │       └ ('127.0.0.1', 443)
    │    └ <method 'connect' of '_socket.socket' objects>
    └ <socket.socket [closed] fd=-1, family=2, type=1, proto=6>

ConnectionRefusedError: [WinError 10061] Nenhuma conexão pôde ser feita porque a máquina de destino as recusou ativamente
2026-08-02 20:50:51.565 | INFO     | app.infrastructure.websocket.client:_run:105 - Reconnecting in 30.0s
2026-08-02 20:51:01.093 | ERROR    | app.infrastructure.websocket.client:_run:98 - WebSocket connection error: [WinError 10061] Nenhuma conexão pôde ser feita porque a máquina de destino as recusou ativamente
Traceback (most recent call last):

  File "C:\Users\pecas\AppData\Local\Python\pythoncore-3.14-64\Lib\threading.py", line 1044, in _bootstrap
    self._bootstrap_inner()
    │    └ <function Thread._bootstrap_inner at 0x000002BE90F0EB90>
    └ <Thread(ws-client, started 17808)>
  File "C:\Users\pecas\AppData\Local\Python\pythoncore-3.14-64\Lib\threading.py", line 1082, in _bootstrap_inner
    self._context.run(self.run)
    │    │        │   │    └ <function Thread.run at 0x000002BE90F0E820>
    │    │        │   └ <Thread(ws-client, started 17808)>
    │    │        └ <method 'run' of '_contextvars.Context' objects>
    │    └ <_contextvars.Context object at 0x000002BE943EAD80>
    └ <Thread(ws-client, started 17808)>
  File "C:\Users\pecas\AppData\Local\Python\pythoncore-3.14-64\Lib\threading.py", line 1024, in run
    self._target(*self._args, **self._kwargs)
    │    │        │    │        │    └ {}
    │    │        │    │        └ <Thread(ws-client, started 17808)>
    │    │        │    └ ()
    │    │        └ <Thread(ws-client, started 17808)>
    │    └ <bound method WebSocketClient._run of <app.infrastructure.websocket.client.WebSocketClient object at 0x000002BE943D57F0>>
    └ <Thread(ws-client, started 17808)>

> File "C:\Users\pecas\OneDrive\Área de Trabalho\print gsn\app\infrastructure\websocket\client.py", line 96, in _run
    self._connect_and_serve()
    │    └ <function WebSocketClient._connect_and_serve at 0x000002BE94413060>
    └ <app.infrastructure.websocket.client.WebSocketClient object at 0x000002BE943D57F0>

  File "C:\Users\pecas\OneDrive\Área de Trabalho\print gsn\app\infrastructure\websocket\client.py", line 110, in _connect_and_serve
    ws = websocket.create_connection(
         │         └ <function create_connection at 0x000002BE943E1850>
         └ <module 'websocket' from 'C:\\Users\\pecas\\AppData\\Local\\Python\\pythoncore-3.14-64\\Lib\\site-packages\\websocket\\__init...

  File "C:\Users\pecas\AppData\Local\Python\pythoncore-3.14-64\Lib\site-packages\websocket\_core.py", line 664, in create_connection
    websock.connect(url, **options)
    │       │       │      └ {}
    │       │       └ 'wss://localhost'
    │       └ <function WebSocket.connect at 0x000002BE943E0300>
    └ <websocket._core.WebSocket object at 0x000002BE94473A70>
  File "C:\Users\pecas\AppData\Local\Python\pythoncore-3.14-64\Lib\site-packages\websocket\_core.py", line 263, in connect
    self.sock, addrs = connect(
    │    │             └ <function connect at 0x000002BE943CD6F0>
    │    └ None
    └ <websocket._core.WebSocket object at 0x000002BE94473A70>
  File "C:\Users\pecas\AppData\Local\Python\pythoncore-3.14-64\Lib\site-packages\websocket\_http.py", line 146, in connect
    sock = _open_socket(addrinfo_list, options.sockopt, options.timeout)
           │            │              │       │        │       └ 5
           │            │              │       │        └ <websocket._socket.sock_opt object at 0x000002BE944739D0>
           │            │              │       └ []
           │            │              └ <websocket._socket.sock_opt object at 0x000002BE944739D0>
           │            └ [(<AddressFamily.AF_INET6: 23>, <SocketKind.SOCK_STREAM: 1>, 6, '', ('::1', 443, 0, 0)), (<AddressFamily.AF_INET: 2>, <Socket...
           └ <function _open_socket at 0x000002BE943CD900>
  File "C:\Users\pecas\AppData\Local\Python\pythoncore-3.14-64\Lib\site-packages\websocket\_http.py", line 233, in _open_socket
    raise err
          └ ConnectionRefusedError(10061, 'Nenhuma conexão pôde ser feita porque a máquina de destino as recusou ativamente', None, 10061...
  File "C:\Users\pecas\AppData\Local\Python\pythoncore-3.14-64\Lib\site-packages\websocket\_http.py", line 210, in _open_socket
    sock.connect(address)
    │    │       └ ('127.0.0.1', 443)
    │    └ <method 'connect' of '_socket.socket' objects>
    └ <socket.socket [closed] fd=-1, family=2, type=1, proto=6>

ConnectionRefusedError: [WinError 10061] Nenhuma conexão pôde ser feita porque a máquina de destino as recusou ativamente
2026-08-02 20:51:01.095 | INFO     | app.infrastructure.websocket.client:_run:105 - Reconnecting in 30.0s
2026-08-02 20:51:25.644 | ERROR    | app.infrastructure.websocket.client:_run:98 - WebSocket connection error: [WinError 10061] Nenhuma conexão pôde ser feita porque a máquina de destino as recusou ativamente
Traceback (most recent call last):

  File "C:\Users\pecas\AppData\Local\Python\pythoncore-3.14-64\Lib\threading.py", line 1044, in _bootstrap
    self._bootstrap_inner()
    │    └ <function Thread._bootstrap_inner at 0x00000295F872EB90>
    └ <Thread(ws-client, started 8464)>
  File "C:\Users\pecas\AppData\Local\Python\pythoncore-3.14-64\Lib\threading.py", line 1082, in _bootstrap_inner
    self._context.run(self.run)
    │    │        │   │    └ <function Thread.run at 0x00000295F872E820>
    │    │        │   └ <Thread(ws-client, started 8464)>
    │    │        └ <method 'run' of '_contextvars.Context' objects>
    │    └ <_contextvars.Context object at 0x00000295FBC6FDC0>
    └ <Thread(ws-client, started 8464)>
  File "C:\Users\pecas\AppData\Local\Python\pythoncore-3.14-64\Lib\threading.py", line 1024, in run
    self._target(*self._args, **self._kwargs)
    │    │        │    │        │    └ {}
    │    │        │    │        └ <Thread(ws-client, started 8464)>
    │    │        │    └ ()
    │    │        └ <Thread(ws-client, started 8464)>
    │    └ <bound method WebSocketClient._run of <app.infrastructure.websocket.client.WebSocketClient object at 0x00000295FBC196A0>>
    └ <Thread(ws-client, started 8464)>

> File "C:\Users\pecas\OneDrive\Área de Trabalho\print gsn\app\infrastructure\websocket\client.py", line 96, in _run
    self._connect_and_serve()
    │    └ <function WebSocketClient._connect_and_serve at 0x00000295FBC26B90>
    └ <app.infrastructure.websocket.client.WebSocketClient object at 0x00000295FBC196A0>

  File "C:\Users\pecas\OneDrive\Área de Trabalho\print gsn\app\infrastructure\websocket\client.py", line 110, in _connect_and_serve
    ws = websocket.create_connection(
         │         └ <function create_connection at 0x00000295FBC096F0>
         └ <module 'websocket' from 'C:\\Users\\pecas\\AppData\\Local\\Python\\pythoncore-3.14-64\\Lib\\site-packages\\websocket\\__init...

  File "C:\Users\pecas\AppData\Local\Python\pythoncore-3.14-64\Lib\site-packages\websocket\_core.py", line 664, in create_connection
    websock.connect(url, **options)
    │       │       │      └ {}
    │       │       └ 'wss://localhost'
    │       └ <function WebSocket.connect at 0x00000295FBC081A0>
    └ <websocket._core.WebSocket object at 0x00000295FBCF4F50>
  File "C:\Users\pecas\AppData\Local\Python\pythoncore-3.14-64\Lib\site-packages\websocket\_core.py", line 263, in connect
    self.sock, addrs = connect(
    │    │             └ <function connect at 0x00000295FBBFD590>
    │    └ None
    └ <websocket._core.WebSocket object at 0x00000295FBCF4F50>
  File "C:\Users\pecas\AppData\Local\Python\pythoncore-3.14-64\Lib\site-packages\websocket\_http.py", line 146, in connect
    sock = _open_socket(addrinfo_list, options.sockopt, options.timeout)
           │            │              │       │        │       └ 5
           │            │              │       │        └ <websocket._socket.sock_opt object at 0x00000295FBCF5050>
           │            │              │       └ []
           │            │              └ <websocket._socket.sock_opt object at 0x00000295FBCF5050>
           │            └ [(<AddressFamily.AF_INET6: 23>, <SocketKind.SOCK_STREAM: 1>, 6, '', ('::1', 443, 0, 0)), (<AddressFamily.AF_INET: 2>, <Socket...
           └ <function _open_socket at 0x00000295FBBFD7A0>
  File "C:\Users\pecas\AppData\Local\Python\pythoncore-3.14-64\Lib\site-packages\websocket\_http.py", line 233, in _open_socket
    raise err
          └ ConnectionRefusedError(10061, 'Nenhuma conexão pôde ser feita porque a máquina de destino as recusou ativamente', None, 10061...
  File "C:\Users\pecas\AppData\Local\Python\pythoncore-3.14-64\Lib\site-packages\websocket\_http.py", line 210, in _open_socket
    sock.connect(address)
    │    │       └ ('127.0.0.1', 443)
    │    └ <method 'connect' of '_socket.socket' objects>
    └ <socket.socket [closed] fd=-1, family=2, type=1, proto=6>

ConnectionRefusedError: [WinError 10061] Nenhuma conexão pôde ser feita porque a máquina de destino as recusou ativamente
2026-08-02 20:51:25.647 | INFO     | app.infrastructure.websocket.client:_run:105 - Reconnecting in 30.0s
2026-08-02 20:51:35.177 | ERROR    | app.infrastructure.websocket.client:_run:98 - WebSocket connection error: [WinError 10061] Nenhuma conexão pôde ser feita porque a máquina de destino as recusou ativamente
Traceback (most recent call last):

  File "C:\Users\pecas\AppData\Local\Python\pythoncore-3.14-64\Lib\threading.py", line 1044, in _bootstrap
    self._bootstrap_inner()
    │    └ <function Thread._bootstrap_inner at 0x000002BE90F0EB90>
    └ <Thread(ws-client, started 17808)>
  File "C:\Users\pecas\AppData\Local\Python\pythoncore-3.14-64\Lib\threading.py", line 1082, in _bootstrap_inner
    self._context.run(self.run)
    │    │        │   │    └ <function Thread.run at 0x000002BE90F0E820>
    │    │        │   └ <Thread(ws-client, started 17808)>
    │    │        └ <method 'run' of '_contextvars.Context' objects>
    │    └ <_contextvars.Context object at 0x000002BE943EAD80>
    └ <Thread(ws-client, started 17808)>
  File "C:\Users\pecas\AppData\Local\Python\pythoncore-3.14-64\Lib\threading.py", line 1024, in run
    self._target(*self._args, **self._kwargs)
    │    │        │    │        │    └ {}
    │    │        │    │        └ <Thread(ws-client, started 17808)>
    │    │        │    └ ()
    │    │        └ <Thread(ws-client, started 17808)>
    │    └ <bound method WebSocketClient._run of <app.infrastructure.websocket.client.WebSocketClient object at 0x000002BE943D57F0>>
    └ <Thread(ws-client, started 17808)>

> File "C:\Users\pecas\OneDrive\Área de Trabalho\print gsn\app\infrastructure\websocket\client.py", line 96, in _run
    self._connect_and_serve()
    │    └ <function WebSocketClient._connect_and_serve at 0x000002BE94413060>
    └ <app.infrastructure.websocket.client.WebSocketClient object at 0x000002BE943D57F0>

  File "C:\Users\pecas\OneDrive\Área de Trabalho\print gsn\app\infrastructure\websocket\client.py", line 110, in _connect_and_serve
    ws = websocket.create_connection(
         │         └ <function create_connection at 0x000002BE943E1850>
         └ <module 'websocket' from 'C:\\Users\\pecas\\AppData\\Local\\Python\\pythoncore-3.14-64\\Lib\\site-packages\\websocket\\__init...

  File "C:\Users\pecas\AppData\Local\Python\pythoncore-3.14-64\Lib\site-packages\websocket\_core.py", line 664, in create_connection
    websock.connect(url, **options)
    │       │       │      └ {}
    │       │       └ 'wss://localhost'
    │       └ <function WebSocket.connect at 0x000002BE943E0300>
    └ <websocket._core.WebSocket object at 0x000002BE94473F70>
  File "C:\Users\pecas\AppData\Local\Python\pythoncore-3.14-64\Lib\site-packages\websocket\_core.py", line 263, in connect
    self.sock, addrs = connect(
    │    │             └ <function connect at 0x000002BE943CD6F0>
    │    └ None
    └ <websocket._core.WebSocket object at 0x000002BE94473F70>
  File "C:\Users\pecas\AppData\Local\Python\pythoncore-3.14-64\Lib\site-packages\websocket\_http.py", line 146, in connect
    sock = _open_socket(addrinfo_list, options.sockopt, options.timeout)
           │            │              │       │        │       └ 5
           │            │              │       │        └ <websocket._socket.sock_opt object at 0x000002BE94506450>
           │            │              │       └ []
           │            │              └ <websocket._socket.sock_opt object at 0x000002BE94506450>
           │            └ [(<AddressFamily.AF_INET6: 23>, <SocketKind.SOCK_STREAM: 1>, 6, '', ('::1', 443, 0, 0)), (<AddressFamily.AF_INET: 2>, <Socket...
           └ <function _open_socket at 0x000002BE943CD900>
  File "C:\Users\pecas\AppData\Local\Python\pythoncore-3.14-64\Lib\site-packages\websocket\_http.py", line 233, in _open_socket
    raise err
          └ ConnectionRefusedError(10061, 'Nenhuma conexão pôde ser feita porque a máquina de destino as recusou ativamente', None, 10061...
  File "C:\Users\pecas\AppData\Local\Python\pythoncore-3.14-64\Lib\site-packages\websocket\_http.py", line 210, in _open_socket
    sock.connect(address)
    │    │       └ ('127.0.0.1', 443)
    │    └ <method 'connect' of '_socket.socket' objects>
    └ <socket.socket [closed] fd=-1, family=2, type=1, proto=6>

ConnectionRefusedError: [WinError 10061] Nenhuma conexão pôde ser feita porque a máquina de destino as recusou ativamente
2026-08-02 20:51:35.179 | INFO     | app.infrastructure.websocket.client:_run:105 - Reconnecting in 30.0s
2026-08-02 20:51:59.698 | ERROR    | app.infrastructure.websocket.client:_run:98 - WebSocket connection error: [WinError 10061] Nenhuma conexão pôde ser feita porque a máquina de destino as recusou ativamente
Traceback (most recent call last):

  File "C:\Users\pecas\AppData\Local\Python\pythoncore-3.14-64\Lib\threading.py", line 1044, in _bootstrap
    self._bootstrap_inner()
    │    └ <function Thread._bootstrap_inner at 0x00000295F872EB90>
    └ <Thread(ws-client, started 8464)>
  File "C:\Users\pecas\AppData\Local\Python\pythoncore-3.14-64\Lib\threading.py", line 1082, in _bootstrap_inner
    self._context.run(self.run)
    │    │        │   │    └ <function Thread.run at 0x00000295F872E820>
    │    │        │   └ <Thread(ws-client, started 8464)>
    │    │        └ <method 'run' of '_contextvars.Context' objects>
    │    └ <_contextvars.Context object at 0x00000295FBC6FDC0>
    └ <Thread(ws-client, started 8464)>
  File "C:\Users\pecas\AppData\Local\Python\pythoncore-3.14-64\Lib\threading.py", line 1024, in run
    self._target(*self._args, **self._kwargs)
    │    │        │    │        │    └ {}
    │    │        │    │        └ <Thread(ws-client, started 8464)>
    │    │        │    └ ()
    │    │        └ <Thread(ws-client, started 8464)>
    │    └ <bound method WebSocketClient._run of <app.infrastructure.websocket.client.WebSocketClient object at 0x00000295FBC196A0>>
    └ <Thread(ws-client, started 8464)>

> File "C:\Users\pecas\OneDrive\Área de Trabalho\print gsn\app\infrastructure\websocket\client.py", line 96, in _run
    self._connect_and_serve()
    │    └ <function WebSocketClient._connect_and_serve at 0x00000295FBC26B90>
    └ <app.infrastructure.websocket.client.WebSocketClient object at 0x00000295FBC196A0>

  File "C:\Users\pecas\OneDrive\Área de Trabalho\print gsn\app\infrastructure\websocket\client.py", line 110, in _connect_and_serve
    ws = websocket.create_connection(
         │         └ <function create_connection at 0x00000295FBC096F0>
         └ <module 'websocket' from 'C:\\Users\\pecas\\AppData\\Local\\Python\\pythoncore-3.14-64\\Lib\\site-packages\\websocket\\__init...

  File "C:\Users\pecas\AppData\Local\Python\pythoncore-3.14-64\Lib\site-packages\websocket\_core.py", line 664, in create_connection
    websock.connect(url, **options)
    │       │       │      └ {}
    │       │       └ 'wss://localhost'
    │       └ <function WebSocket.connect at 0x00000295FBC081A0>
    └ <websocket._core.WebSocket object at 0x00000295FBD6D130>
  File "C:\Users\pecas\AppData\Local\Python\pythoncore-3.14-64\Lib\site-packages\websocket\_core.py", line 263, in connect
    self.sock, addrs = connect(
    │    │             └ <function connect at 0x00000295FBBFD590>
    │    └ None
    └ <websocket._core.WebSocket object at 0x00000295FBD6D130>
  File "C:\Users\pecas\AppData\Local\Python\pythoncore-3.14-64\Lib\site-packages\websocket\_http.py", line 146, in connect
    sock = _open_socket(addrinfo_list, options.sockopt, options.timeout)
           │            │              │       │        │       └ 5
           │            │              │       │        └ <websocket._socket.sock_opt object at 0x00000295FBD6D220>
           │            │              │       └ []
           │            │              └ <websocket._socket.sock_opt object at 0x00000295FBD6D220>
           │            └ [(<AddressFamily.AF_INET6: 23>, <SocketKind.SOCK_STREAM: 1>, 6, '', ('::1', 443, 0, 0)), (<AddressFamily.AF_INET: 2>, <Socket...
           └ <function _open_socket at 0x00000295FBBFD7A0>
  File "C:\Users\pecas\AppData\Local\Python\pythoncore-3.14-64\Lib\site-packages\websocket\_http.py", line 233, in _open_socket
    raise err
          └ ConnectionRefusedError(10061, 'Nenhuma conexão pôde ser feita porque a máquina de destino as recusou ativamente', None, 10061...
  File "C:\Users\pecas\AppData\Local\Python\pythoncore-3.14-64\Lib\site-packages\websocket\_http.py", line 210, in _open_socket
    sock.connect(address)
    │    │       └ ('127.0.0.1', 443)
    │    └ <method 'connect' of '_socket.socket' objects>
    └ <socket.socket [closed] fd=-1, family=2, type=1, proto=6>

ConnectionRefusedError: [WinError 10061] Nenhuma conexão pôde ser feita porque a máquina de destino as recusou ativamente
2026-08-02 20:51:59.701 | INFO     | app.infrastructure.websocket.client:_run:105 - Reconnecting in 30.0s
2026-08-02 20:52:09.258 | ERROR    | app.infrastructure.websocket.client:_run:98 - WebSocket connection error: [WinError 10061] Nenhuma conexão pôde ser feita porque a máquina de destino as recusou ativamente
Traceback (most recent call last):

  File "C:\Users\pecas\AppData\Local\Python\pythoncore-3.14-64\Lib\threading.py", line 1044, in _bootstrap
    self._bootstrap_inner()
    │    └ <function Thread._bootstrap_inner at 0x000002BE90F0EB90>
    └ <Thread(ws-client, started 17808)>
  File "C:\Users\pecas\AppData\Local\Python\pythoncore-3.14-64\Lib\threading.py", line 1082, in _bootstrap_inner
    self._context.run(self.run)
    │    │        │   │    └ <function Thread.run at 0x000002BE90F0E820>
    │    │        │   └ <Thread(ws-client, started 17808)>
    │    │        └ <method 'run' of '_contextvars.Context' objects>
    │    └ <_contextvars.Context object at 0x000002BE943EAD80>
    └ <Thread(ws-client, started 17808)>
  File "C:\Users\pecas\AppData\Local\Python\pythoncore-3.14-64\Lib\threading.py", line 1024, in run
    self._target(*self._args, **self._kwargs)
    │    │        │    │        │    └ {}
    │    │        │    │        └ <Thread(ws-client, started 17808)>
    │    │        │    └ ()
    │    │        └ <Thread(ws-client, started 17808)>
    │    └ <bound method WebSocketClient._run of <app.infrastructure.websocket.client.WebSocketClient object at 0x000002BE943D57F0>>
    └ <Thread(ws-client, started 17808)>

> File "C:\Users\pecas\OneDrive\Área de Trabalho\print gsn\app\infrastructure\websocket\client.py", line 96, in _run
    self._connect_and_serve()
    │    └ <function WebSocketClient._connect_and_serve at 0x000002BE94413060>
    └ <app.infrastructure.websocket.client.WebSocketClient object at 0x000002BE943D57F0>

  File "C:\Users\pecas\OneDrive\Área de Trabalho\print gsn\app\infrastructure\websocket\client.py", line 110, in _connect_and_serve
    ws = websocket.create_connection(
         │         └ <function create_connection at 0x000002BE943E1850>
         └ <module 'websocket' from 'C:\\Users\\pecas\\AppData\\Local\\Python\\pythoncore-3.14-64\\Lib\\site-packages\\websocket\\__init...

  File "C:\Users\pecas\AppData\Local\Python\pythoncore-3.14-64\Lib\site-packages\websocket\_core.py", line 664, in create_connection
    websock.connect(url, **options)
    │       │       │      └ {}
    │       │       └ 'wss://localhost'
    │       └ <function WebSocket.connect at 0x000002BE943E0300>
    └ <websocket._core.WebSocket object at 0x000002BE94473CF0>
  File "C:\Users\pecas\AppData\Local\Python\pythoncore-3.14-64\Lib\site-packages\websocket\_core.py", line 263, in connect
    self.sock, addrs = connect(
    │    │             └ <function connect at 0x000002BE943CD6F0>
    │    └ None
    └ <websocket._core.WebSocket object at 0x000002BE94473CF0>
  File "C:\Users\pecas\AppData\Local\Python\pythoncore-3.14-64\Lib\site-packages\websocket\_http.py", line 146, in connect
    sock = _open_socket(addrinfo_list, options.sockopt, options.timeout)
           │            │              │       │        │       └ 5
           │            │              │       │        └ <websocket._socket.sock_opt object at 0x000002BE966769D0>
           │            │              │       └ []
           │            │              └ <websocket._socket.sock_opt object at 0x000002BE966769D0>
           │            └ [(<AddressFamily.AF_INET6: 23>, <SocketKind.SOCK_STREAM: 1>, 6, '', ('::1', 443, 0, 0)), (<AddressFamily.AF_INET: 2>, <Socket...
           └ <function _open_socket at 0x000002BE943CD900>
  File "C:\Users\pecas\AppData\Local\Python\pythoncore-3.14-64\Lib\site-packages\websocket\_http.py", line 233, in _open_socket
    raise err
          └ ConnectionRefusedError(10061, 'Nenhuma conexão pôde ser feita porque a máquina de destino as recusou ativamente', None, 10061...
  File "C:\Users\pecas\AppData\Local\Python\pythoncore-3.14-64\Lib\site-packages\websocket\_http.py", line 210, in _open_socket
    sock.connect(address)
    │    │       └ ('127.0.0.1', 443)
    │    └ <method 'connect' of '_socket.socket' objects>
    └ <socket.socket [closed] fd=-1, family=2, type=1, proto=6>

ConnectionRefusedError: [WinError 10061] Nenhuma conexão pôde ser feita porque a máquina de destino as recusou ativamente
2026-08-02 20:52:09.261 | INFO     | app.infrastructure.websocket.client:_run:105 - Reconnecting in 30.0s
2026-08-02 20:52:33.754 | ERROR    | app.infrastructure.websocket.client:_run:98 - WebSocket connection error: [WinError 10061] Nenhuma conexão pôde ser feita porque a máquina de destino as recusou ativamente
Traceback (most recent call last):

  File "C:\Users\pecas\AppData\Local\Python\pythoncore-3.14-64\Lib\threading.py", line 1044, in _bootstrap
    self._bootstrap_inner()
    │    └ <function Thread._bootstrap_inner at 0x00000295F872EB90>
    └ <Thread(ws-client, started 8464)>
  File "C:\Users\pecas\AppData\Local\Python\pythoncore-3.14-64\Lib\threading.py", line 1082, in _bootstrap_inner
    self._context.run(self.run)
    │    │        │   │    └ <function Thread.run at 0x00000295F872E820>
    │    │        │   └ <Thread(ws-client, started 8464)>
    │    │        └ <method 'run' of '_contextvars.Context' objects>
    │    └ <_contextvars.Context object at 0x00000295FBC6FDC0>
    └ <Thread(ws-client, started 8464)>
  File "C:\Users\pecas\AppData\Local\Python\pythoncore-3.14-64\Lib\threading.py", line 1024, in run
    self._target(*self._args, **self._kwargs)
    │    │        │    │        │    └ {}
    │    │        │    │        └ <Thread(ws-client, started 8464)>
    │    │        │    └ ()
    │    │        └ <Thread(ws-client, started 8464)>
    │    └ <bound method WebSocketClient._run of <app.infrastructure.websocket.client.WebSocketClient object at 0x00000295FBC196A0>>
    └ <Thread(ws-client, started 8464)>

> File "C:\Users\pecas\OneDrive\Área de Trabalho\print gsn\app\infrastructure\websocket\client.py", line 96, in _run
    self._connect_and_serve()
    │    └ <function WebSocketClient._connect_and_serve at 0x00000295FBC26B90>
    └ <app.infrastructure.websocket.client.WebSocketClient object at 0x00000295FBC196A0>

  File "C:\Users\pecas\OneDrive\Área de Trabalho\print gsn\app\infrastructure\websocket\client.py", line 110, in _connect_and_serve
    ws = websocket.create_connection(
         │         └ <function create_connection at 0x00000295FBC096F0>
         └ <module 'websocket' from 'C:\\Users\\pecas\\AppData\\Local\\Python\\pythoncore-3.14-64\\Lib\\site-packages\\websocket\\__init...

  File "C:\Users\pecas\AppData\Local\Python\pythoncore-3.14-64\Lib\site-packages\websocket\_core.py", line 664, in create_connection
    websock.connect(url, **options)
    │       │       │      └ {}
    │       │       └ 'wss://localhost'
    │       └ <function WebSocket.connect at 0x00000295FBC081A0>
    └ <websocket._core.WebSocket object at 0x00000295FBD6F5C0>
  File "C:\Users\pecas\AppData\Local\Python\pythoncore-3.14-64\Lib\site-packages\websocket\_core.py", line 263, in connect
    self.sock, addrs = connect(
    │    │             └ <function connect at 0x00000295FBBFD590>
    │    └ None
    └ <websocket._core.WebSocket object at 0x00000295FBD6F5C0>
  File "C:\Users\pecas\AppData\Local\Python\pythoncore-3.14-64\Lib\site-packages\websocket\_http.py", line 146, in connect
    sock = _open_socket(addrinfo_list, options.sockopt, options.timeout)
           │            │              │       │        │       └ 5
           │            │              │       │        └ <websocket._socket.sock_opt object at 0x00000295FBD6F6B0>
           │            │              │       └ []
           │            │              └ <websocket._socket.sock_opt object at 0x00000295FBD6F6B0>
           │            └ [(<AddressFamily.AF_INET6: 23>, <SocketKind.SOCK_STREAM: 1>, 6, '', ('::1', 443, 0, 0)), (<AddressFamily.AF_INET: 2>, <Socket...
           └ <function _open_socket at 0x00000295FBBFD7A0>
  File "C:\Users\pecas\AppData\Local\Python\pythoncore-3.14-64\Lib\site-packages\websocket\_http.py", line 233, in _open_socket
    raise err
          └ ConnectionRefusedError(10061, 'Nenhuma conexão pôde ser feita porque a máquina de destino as recusou ativamente', None, 10061...
  File "C:\Users\pecas\AppData\Local\Python\pythoncore-3.14-64\Lib\site-packages\websocket\_http.py", line 210, in _open_socket
    sock.connect(address)
    │    │       └ ('127.0.0.1', 443)
    │    └ <method 'connect' of '_socket.socket' objects>
    └ <socket.socket [closed] fd=-1, family=2, type=1, proto=6>

ConnectionRefusedError: [WinError 10061] Nenhuma conexão pôde ser feita porque a máquina de destino as recusou ativamente
2026-08-02 20:52:33.756 | INFO     | app.infrastructure.websocket.client:_run:105 - Reconnecting in 30.0s
2026-08-02 20:52:43.323 | ERROR    | app.infrastructure.websocket.client:_run:98 - WebSocket connection error: [WinError 10061] Nenhuma conexão pôde ser feita porque a máquina de destino as recusou ativamente
Traceback (most recent call last):

  File "C:\Users\pecas\AppData\Local\Python\pythoncore-3.14-64\Lib\threading.py", line 1044, in _bootstrap
    self._bootstrap_inner()
    │    └ <function Thread._bootstrap_inner at 0x000002BE90F0EB90>
    └ <Thread(ws-client, started 17808)>
  File "C:\Users\pecas\AppData\Local\Python\pythoncore-3.14-64\Lib\threading.py", line 1082, in _bootstrap_inner
    self._context.run(self.run)
    │    │        │   │    └ <function Thread.run at 0x000002BE90F0E820>
    │    │        │   └ <Thread(ws-client, started 17808)>
    │    │        └ <method 'run' of '_contextvars.Context' objects>
    │    └ <_contextvars.Context object at 0x000002BE943EAD80>
    └ <Thread(ws-client, started 17808)>
  File "C:\Users\pecas\AppData\Local\Python\pythoncore-3.14-64\Lib\threading.py", line 1024, in run
    self._target(*self._args, **self._kwargs)
    │    │        │    │        │    └ {}
    │    │        │    │        └ <Thread(ws-client, started 17808)>
    │    │        │    └ ()
    │    │        └ <Thread(ws-client, started 17808)>
    │    └ <bound method WebSocketClient._run of <app.infrastructure.websocket.client.WebSocketClient object at 0x000002BE943D57F0>>
    └ <Thread(ws-client, started 17808)>

> File "C:\Users\pecas\OneDrive\Área de Trabalho\print gsn\app\infrastructure\websocket\client.py", line 96, in _run
    self._connect_and_serve()
    │    └ <function WebSocketClient._connect_and_serve at 0x000002BE94413060>
    └ <app.infrastructure.websocket.client.WebSocketClient object at 0x000002BE943D57F0>

  File "C:\Users\pecas\OneDrive\Área de Trabalho\print gsn\app\infrastructure\websocket\client.py", line 110, in _connect_and_serve
    ws = websocket.create_connection(
         │         └ <function create_connection at 0x000002BE943E1850>
         └ <module 'websocket' from 'C:\\Users\\pecas\\AppData\\Local\\Python\\pythoncore-3.14-64\\Lib\\site-packages\\websocket\\__init...

  File "C:\Users\pecas\AppData\Local\Python\pythoncore-3.14-64\Lib\site-packages\websocket\_core.py", line 664, in create_connection
    websock.connect(url, **options)
    │       │       │      └ {}
    │       │       └ 'wss://localhost'
    │       └ <function WebSocket.connect at 0x000002BE943E0300>
    └ <websocket._core.WebSocket object at 0x000002BE966680F0>
  File "C:\Users\pecas\AppData\Local\Python\pythoncore-3.14-64\Lib\site-packages\websocket\_core.py", line 263, in connect
    self.sock, addrs = connect(
    │    │             └ <function connect at 0x000002BE943CD6F0>
    │    └ None
    └ <websocket._core.WebSocket object at 0x000002BE966680F0>
  File "C:\Users\pecas\AppData\Local\Python\pythoncore-3.14-64\Lib\site-packages\websocket\_http.py", line 146, in connect
    sock = _open_socket(addrinfo_list, options.sockopt, options.timeout)
           │            │              │       │        │       └ 5
           │            │              │       │        └ <websocket._socket.sock_opt object at 0x000002BE96690F50>
           │            │              │       └ []
           │            │              └ <websocket._socket.sock_opt object at 0x000002BE96690F50>
           │            └ [(<AddressFamily.AF_INET6: 23>, <SocketKind.SOCK_STREAM: 1>, 6, '', ('::1', 443, 0, 0)), (<AddressFamily.AF_INET: 2>, <Socket...
           └ <function _open_socket at 0x000002BE943CD900>
  File "C:\Users\pecas\AppData\Local\Python\pythoncore-3.14-64\Lib\site-packages\websocket\_http.py", line 233, in _open_socket
    raise err
          └ ConnectionRefusedError(10061, 'Nenhuma conexão pôde ser feita porque a máquina de destino as recusou ativamente', None, 10061...
  File "C:\Users\pecas\AppData\Local\Python\pythoncore-3.14-64\Lib\site-packages\websocket\_http.py", line 210, in _open_socket
    sock.connect(address)
    │    │       └ ('127.0.0.1', 443)
    │    └ <method 'connect' of '_socket.socket' objects>
    └ <socket.socket [closed] fd=-1, family=2, type=1, proto=6>

ConnectionRefusedError: [WinError 10061] Nenhuma conexão pôde ser feita porque a máquina de destino as recusou ativamente
2026-08-02 20:52:43.325 | INFO     | app.infrastructure.websocket.client:_run:105 - Reconnecting in 30.0s
2026-08-02 20:53:07.835 | ERROR    | app.infrastructure.websocket.client:_run:98 - WebSocket connection error: [WinError 10061] Nenhuma conexão pôde ser feita porque a máquina de destino as recusou ativamente
Traceback (most recent call last):

  File "C:\Users\pecas\AppData\Local\Python\pythoncore-3.14-64\Lib\threading.py", line 1044, in _bootstrap
    self._bootstrap_inner()
    │    └ <function Thread._bootstrap_inner at 0x00000295F872EB90>
    └ <Thread(ws-client, started 8464)>
  File "C:\Users\pecas\AppData\Local\Python\pythoncore-3.14-64\Lib\threading.py", line 1082, in _bootstrap_inner
    self._context.run(self.run)
    │    │        │   │    └ <function Thread.run at 0x00000295F872E820>
    │    │        │   └ <Thread(ws-client, started 8464)>
    │    │        └ <method 'run' of '_contextvars.Context' objects>
    │    └ <_contextvars.Context object at 0x00000295FBC6FDC0>
    └ <Thread(ws-client, started 8464)>
  File "C:\Users\pecas\AppData\Local\Python\pythoncore-3.14-64\Lib\threading.py", line 1024, in run
    self._target(*self._args, **self._kwargs)
    │    │        │    │        │    └ {}
    │    │        │    │        └ <Thread(ws-client, started 8464)>
    │    │        │    └ ()
    │    │        └ <Thread(ws-client, started 8464)>
    │    └ <bound method WebSocketClient._run of <app.infrastructure.websocket.client.WebSocketClient object at 0x00000295FBC196A0>>
    └ <Thread(ws-client, started 8464)>

> File "C:\Users\pecas\OneDrive\Área de Trabalho\print gsn\app\infrastructure\websocket\client.py", line 96, in _run
    self._connect_and_serve()
    │    └ <function WebSocketClient._connect_and_serve at 0x00000295FBC26B90>
    └ <app.infrastructure.websocket.client.WebSocketClient object at 0x00000295FBC196A0>

  File "C:\Users\pecas\OneDrive\Área de Trabalho\print gsn\app\infrastructure\websocket\client.py", line 110, in _connect_and_serve
    ws = websocket.create_connection(
         │         └ <function create_connection at 0x00000295FBC096F0>
         └ <module 'websocket' from 'C:\\Users\\pecas\\AppData\\Local\\Python\\pythoncore-3.14-64\\Lib\\site-packages\\websocket\\__init...

  File "C:\Users\pecas\AppData\Local\Python\pythoncore-3.14-64\Lib\site-packages\websocket\_core.py", line 664, in create_connection
    websock.connect(url, **options)
    │       │       │      └ {}
    │       │       └ 'wss://localhost'
    │       └ <function WebSocket.connect at 0x00000295FBC081A0>
    └ <websocket._core.WebSocket object at 0x00000295FB3825F0>
  File "C:\Users\pecas\AppData\Local\Python\pythoncore-3.14-64\Lib\site-packages\websocket\_core.py", line 263, in connect
    self.sock, addrs = connect(
    │    │             └ <function connect at 0x00000295FBBFD590>
    │    └ None
    └ <websocket._core.WebSocket object at 0x00000295FB3825F0>
  File "C:\Users\pecas\AppData\Local\Python\pythoncore-3.14-64\Lib\site-packages\websocket\_http.py", line 146, in connect
    sock = _open_socket(addrinfo_list, options.sockopt, options.timeout)
           │            │              │       │        │       └ 5
           │            │              │       │        └ <websocket._socket.sock_opt object at 0x00000295FB524750>
           │            │              │       └ []
           │            │              └ <websocket._socket.sock_opt object at 0x00000295FB524750>
           │            └ [(<AddressFamily.AF_INET6: 23>, <SocketKind.SOCK_STREAM: 1>, 6, '', ('::1', 443, 0, 0)), (<AddressFamily.AF_INET: 2>, <Socket...
           └ <function _open_socket at 0x00000295FBBFD7A0>
  File "C:\Users\pecas\AppData\Local\Python\pythoncore-3.14-64\Lib\site-packages\websocket\_http.py", line 233, in _open_socket
    raise err
          └ ConnectionRefusedError(10061, 'Nenhuma conexão pôde ser feita porque a máquina de destino as recusou ativamente', None, 10061...
  File "C:\Users\pecas\AppData\Local\Python\pythoncore-3.14-64\Lib\site-packages\websocket\_http.py", line 210, in _open_socket
    sock.connect(address)
    │    │       └ ('127.0.0.1', 443)
    │    └ <method 'connect' of '_socket.socket' objects>
    └ <socket.socket [closed] fd=-1, family=2, type=1, proto=6>

ConnectionRefusedError: [WinError 10061] Nenhuma conexão pôde ser feita porque a máquina de destino as recusou ativamente
2026-08-02 20:53:07.837 | INFO     | app.infrastructure.websocket.client:_run:105 - Reconnecting in 30.0s
2026-08-02 20:53:17.392 | ERROR    | app.infrastructure.websocket.client:_run:98 - WebSocket connection error: [WinError 10061] Nenhuma conexão pôde ser feita porque a máquina de destino as recusou ativamente
Traceback (most recent call last):

  File "C:\Users\pecas\AppData\Local\Python\pythoncore-3.14-64\Lib\threading.py", line 1044, in _bootstrap
    self._bootstrap_inner()
    │    └ <function Thread._bootstrap_inner at 0x000002BE90F0EB90>
    └ <Thread(ws-client, started 17808)>
  File "C:\Users\pecas\AppData\Local\Python\pythoncore-3.14-64\Lib\threading.py", line 1082, in _bootstrap_inner
    self._context.run(self.run)
    │    │        │   │    └ <function Thread.run at 0x000002BE90F0E820>
    │    │        │   └ <Thread(ws-client, started 17808)>
    │    │        └ <method 'run' of '_contextvars.Context' objects>
    │    └ <_contextvars.Context object at 0x000002BE943EAD80>
    └ <Thread(ws-client, started 17808)>
  File "C:\Users\pecas\AppData\Local\Python\pythoncore-3.14-64\Lib\threading.py", line 1024, in run
    self._target(*self._args, **self._kwargs)
    │    │        │    │        │    └ {}
    │    │        │    │        └ <Thread(ws-client, started 17808)>
    │    │        │    └ ()
    │    │        └ <Thread(ws-client, started 17808)>
    │    └ <bound method WebSocketClient._run of <app.infrastructure.websocket.client.WebSocketClient object at 0x000002BE943D57F0>>
    └ <Thread(ws-client, started 17808)>

> File "C:\Users\pecas\OneDrive\Área de Trabalho\print gsn\app\infrastructure\websocket\client.py", line 96, in _run
    self._connect_and_serve()
    │    └ <function WebSocketClient._connect_and_serve at 0x000002BE94413060>
    └ <app.infrastructure.websocket.client.WebSocketClient object at 0x000002BE943D57F0>

  File "C:\Users\pecas\OneDrive\Área de Trabalho\print gsn\app\infrastructure\websocket\client.py", line 110, in _connect_and_serve
    ws = websocket.create_connection(
         │         └ <function create_connection at 0x000002BE943E1850>
         └ <module 'websocket' from 'C:\\Users\\pecas\\AppData\\Local\\Python\\pythoncore-3.14-64\\Lib\\site-packages\\websocket\\__init...

  File "C:\Users\pecas\AppData\Local\Python\pythoncore-3.14-64\Lib\site-packages\websocket\_core.py", line 664, in create_connection
    websock.connect(url, **options)
    │       │       │      └ {}
    │       │       └ 'wss://localhost'
    │       └ <function WebSocket.connect at 0x000002BE943E0300>
    └ <websocket._core.WebSocket object at 0x000002BE96668050>
  File "C:\Users\pecas\AppData\Local\Python\pythoncore-3.14-64\Lib\site-packages\websocket\_core.py", line 263, in connect
    self.sock, addrs = connect(
    │    │             └ <function connect at 0x000002BE943CD6F0>
    │    └ None
    └ <websocket._core.WebSocket object at 0x000002BE96668050>
  File "C:\Users\pecas\AppData\Local\Python\pythoncore-3.14-64\Lib\site-packages\websocket\_http.py", line 146, in connect
    sock = _open_socket(addrinfo_list, options.sockopt, options.timeout)
           │            │              │       │        │       └ 5
           │            │              │       │        └ <websocket._socket.sock_opt object at 0x000002BE94530830>
           │            │              │       └ []
           │            │              └ <websocket._socket.sock_opt object at 0x000002BE94530830>
           │            └ [(<AddressFamily.AF_INET6: 23>, <SocketKind.SOCK_STREAM: 1>, 6, '', ('::1', 443, 0, 0)), (<AddressFamily.AF_INET: 2>, <Socket...
           └ <function _open_socket at 0x000002BE943CD900>
  File "C:\Users\pecas\AppData\Local\Python\pythoncore-3.14-64\Lib\site-packages\websocket\_http.py", line 233, in _open_socket
    raise err
          └ ConnectionRefusedError(10061, 'Nenhuma conexão pôde ser feita porque a máquina de destino as recusou ativamente', None, 10061...
  File "C:\Users\pecas\AppData\Local\Python\pythoncore-3.14-64\Lib\site-packages\websocket\_http.py", line 210, in _open_socket
    sock.connect(address)
    │    │       └ ('127.0.0.1', 443)
    │    └ <method 'connect' of '_socket.socket' objects>
    └ <socket.socket [closed] fd=-1, family=2, type=1, proto=6>

ConnectionRefusedError: [WinError 10061] Nenhuma conexão pôde ser feita porque a máquina de destino as recusou ativamente
2026-08-02 20:53:17.394 | INFO     | app.infrastructure.websocket.client:_run:105 - Reconnecting in 30.0s
2026-08-02 20:53:41.923 | ERROR    | app.infrastructure.websocket.client:_run:98 - WebSocket connection error: [WinError 10061] Nenhuma conexão pôde ser feita porque a máquina de destino as recusou ativamente
Traceback (most recent call last):

  File "C:\Users\pecas\AppData\Local\Python\pythoncore-3.14-64\Lib\threading.py", line 1044, in _bootstrap
    self._bootstrap_inner()
    │    └ <function Thread._bootstrap_inner at 0x00000295F872EB90>
    └ <Thread(ws-client, started 8464)>
  File "C:\Users\pecas\AppData\Local\Python\pythoncore-3.14-64\Lib\threading.py", line 1082, in _bootstrap_inner
    self._context.run(self.run)
    │    │        │   │    └ <function Thread.run at 0x00000295F872E820>
    │    │        │   └ <Thread(ws-client, started 8464)>
    │    │        └ <method 'run' of '_contextvars.Context' objects>
    │    └ <_contextvars.Context object at 0x00000295FBC6FDC0>
    └ <Thread(ws-client, started 8464)>
  File "C:\Users\pecas\AppData\Local\Python\pythoncore-3.14-64\Lib\threading.py", line 1024, in run
    self._target(*self._args, **self._kwargs)
    │    │        │    │        │    └ {}
    │    │        │    │        └ <Thread(ws-client, started 8464)>
    │    │        │    └ ()
    │    │        └ <Thread(ws-client, started 8464)>
    │    └ <bound method WebSocketClient._run of <app.infrastructure.websocket.client.WebSocketClient object at 0x00000295FBC196A0>>
    └ <Thread(ws-client, started 8464)>

> File "C:\Users\pecas\OneDrive\Área de Trabalho\print gsn\app\infrastructure\websocket\client.py", line 96, in _run
    self._connect_and_serve()
    │    └ <function WebSocketClient._connect_and_serve at 0x00000295FBC26B90>
    └ <app.infrastructure.websocket.client.WebSocketClient object at 0x00000295FBC196A0>

  File "C:\Users\pecas\OneDrive\Área de Trabalho\print gsn\app\infrastructure\websocket\client.py", line 110, in _connect_and_serve
    ws = websocket.create_connection(
         │         └ <function create_connection at 0x00000295FBC096F0>
         └ <module 'websocket' from 'C:\\Users\\pecas\\AppData\\Local\\Python\\pythoncore-3.14-64\\Lib\\site-packages\\websocket\\__init...

  File "C:\Users\pecas\AppData\Local\Python\pythoncore-3.14-64\Lib\site-packages\websocket\_core.py", line 664, in create_connection
    websock.connect(url, **options)
    │       │       │      └ {}
    │       │       └ 'wss://localhost'
    │       └ <function WebSocket.connect at 0x00000295FBC081A0>
    └ <websocket._core.WebSocket object at 0x00000295FBBB2A50>
  File "C:\Users\pecas\AppData\Local\Python\pythoncore-3.14-64\Lib\site-packages\websocket\_core.py", line 263, in connect
    self.sock, addrs = connect(
    │    │             └ <function connect at 0x00000295FBBFD590>
    │    └ None
    └ <websocket._core.WebSocket object at 0x00000295FBBB2A50>
  File "C:\Users\pecas\AppData\Local\Python\pythoncore-3.14-64\Lib\site-packages\websocket\_http.py", line 146, in connect
    sock = _open_socket(addrinfo_list, options.sockopt, options.timeout)
           │            │              │       │        │       └ 5
           │            │              │       │        └ <websocket._socket.sock_opt object at 0x00000295FBBB3150>
           │            │              │       └ []
           │            │              └ <websocket._socket.sock_opt object at 0x00000295FBBB3150>
           │            └ [(<AddressFamily.AF_INET6: 23>, <SocketKind.SOCK_STREAM: 1>, 6, '', ('::1', 443, 0, 0)), (<AddressFamily.AF_INET: 2>, <Socket...
           └ <function _open_socket at 0x00000295FBBFD7A0>
  File "C:\Users\pecas\AppData\Local\Python\pythoncore-3.14-64\Lib\site-packages\websocket\_http.py", line 233, in _open_socket
    raise err
          └ ConnectionRefusedError(10061, 'Nenhuma conexão pôde ser feita porque a máquina de destino as recusou ativamente', None, 10061...
  File "C:\Users\pecas\AppData\Local\Python\pythoncore-3.14-64\Lib\site-packages\websocket\_http.py", line 210, in _open_socket
    sock.connect(address)
    │    │       └ ('127.0.0.1', 443)
    │    └ <method 'connect' of '_socket.socket' objects>
    └ <socket.socket [closed] fd=-1, family=2, type=1, proto=6>

ConnectionRefusedError: [WinError 10061] Nenhuma conexão pôde ser feita porque a máquina de destino as recusou ativamente
2026-08-02 20:53:41.926 | INFO     | app.infrastructure.websocket.client:_run:105 - Reconnecting in 30.0s
2026-08-02 20:53:51.477 | ERROR    | app.infrastructure.websocket.client:_run:98 - WebSocket connection error: [WinError 10061] Nenhuma conexão pôde ser feita porque a máquina de destino as recusou ativamente
Traceback (most recent call last):

  File "C:\Users\pecas\AppData\Local\Python\pythoncore-3.14-64\Lib\threading.py", line 1044, in _bootstrap
    self._bootstrap_inner()
    │    └ <function Thread._bootstrap_inner at 0x000002BE90F0EB90>
    └ <Thread(ws-client, started 17808)>
  File "C:\Users\pecas\AppData\Local\Python\pythoncore-3.14-64\Lib\threading.py", line 1082, in _bootstrap_inner
    self._context.run(self.run)
    │    │        │   │    └ <function Thread.run at 0x000002BE90F0E820>
    │    │        │   └ <Thread(ws-client, started 17808)>
    │    │        └ <method 'run' of '_contextvars.Context' objects>
    │    └ <_contextvars.Context object at 0x000002BE943EAD80>
    └ <Thread(ws-client, started 17808)>
  File "C:\Users\pecas\AppData\Local\Python\pythoncore-3.14-64\Lib\threading.py", line 1024, in run
    self._target(*self._args, **self._kwargs)
    │    │        │    │        │    └ {}
    │    │        │    │        └ <Thread(ws-client, started 17808)>
    │    │        │    └ ()
    │    │        └ <Thread(ws-client, started 17808)>
    │    └ <bound method WebSocketClient._run of <app.infrastructure.websocket.client.WebSocketClient object at 0x000002BE943D57F0>>
    └ <Thread(ws-client, started 17808)>

> File "C:\Users\pecas\OneDrive\Área de Trabalho\print gsn\app\infrastructure\websocket\client.py", line 96, in _run
    self._connect_and_serve()
    │    └ <function WebSocketClient._connect_and_serve at 0x000002BE94413060>
    └ <app.infrastructure.websocket.client.WebSocketClient object at 0x000002BE943D57F0>

  File "C:\Users\pecas\OneDrive\Área de Trabalho\print gsn\app\infrastructure\websocket\client.py", line 110, in _connect_and_serve
    ws = websocket.create_connection(
         │         └ <function create_connection at 0x000002BE943E1850>
         └ <module 'websocket' from 'C:\\Users\\pecas\\AppData\\Local\\Python\\pythoncore-3.14-64\\Lib\\site-packages\\websocket\\__init...

  File "C:\Users\pecas\AppData\Local\Python\pythoncore-3.14-64\Lib\site-packages\websocket\_core.py", line 664, in create_connection
    websock.connect(url, **options)
    │       │       │      └ {}
    │       │       └ 'wss://localhost'
    │       └ <function WebSocket.connect at 0x000002BE943E0300>
    └ <websocket._core.WebSocket object at 0x000002BE96668230>
  File "C:\Users\pecas\AppData\Local\Python\pythoncore-3.14-64\Lib\site-packages\websocket\_core.py", line 263, in connect
    self.sock, addrs = connect(
    │    │             └ <function connect at 0x000002BE943CD6F0>
    │    └ None
    └ <websocket._core.WebSocket object at 0x000002BE96668230>
  File "C:\Users\pecas\AppData\Local\Python\pythoncore-3.14-64\Lib\site-packages\websocket\_http.py", line 146, in connect
    sock = _open_socket(addrinfo_list, options.sockopt, options.timeout)
           │            │              │       │        │       └ 5
           │            │              │       │        └ <websocket._socket.sock_opt object at 0x000002BE94530600>
           │            │              │       └ []
           │            │              └ <websocket._socket.sock_opt object at 0x000002BE94530600>
           │            └ [(<AddressFamily.AF_INET6: 23>, <SocketKind.SOCK_STREAM: 1>, 6, '', ('::1', 443, 0, 0)), (<AddressFamily.AF_INET: 2>, <Socket...
           └ <function _open_socket at 0x000002BE943CD900>
  File "C:\Users\pecas\AppData\Local\Python\pythoncore-3.14-64\Lib\site-packages\websocket\_http.py", line 233, in _open_socket
    raise err
          └ ConnectionRefusedError(10061, 'Nenhuma conexão pôde ser feita porque a máquina de destino as recusou ativamente', None, 10061...
  File "C:\Users\pecas\AppData\Local\Python\pythoncore-3.14-64\Lib\site-packages\websocket\_http.py", line 210, in _open_socket
    sock.connect(address)
    │    │       └ ('127.0.0.1', 443)
    │    └ <method 'connect' of '_socket.socket' objects>
    └ <socket.socket [closed] fd=-1, family=2, type=1, proto=6>

ConnectionRefusedError: [WinError 10061] Nenhuma conexão pôde ser feita porque a máquina de destino as recusou ativamente
2026-08-02 20:53:51.479 | INFO     | app.infrastructure.websocket.client:_run:105 - Reconnecting in 30.0s
2026-08-02 20:54:15.998 | ERROR    | app.infrastructure.websocket.client:_run:98 - WebSocket connection error: [WinError 10061] Nenhuma conexão pôde ser feita porque a máquina de destino as recusou ativamente
Traceback (most recent call last):

  File "C:\Users\pecas\AppData\Local\Python\pythoncore-3.14-64\Lib\threading.py", line 1044, in _bootstrap
    self._bootstrap_inner()
    │    └ <function Thread._bootstrap_inner at 0x00000295F872EB90>
    └ <Thread(ws-client, started 8464)>
  File "C:\Users\pecas\AppData\Local\Python\pythoncore-3.14-64\Lib\threading.py", line 1082, in _bootstrap_inner
    self._context.run(self.run)
    │    │        │   │    └ <function Thread.run at 0x00000295F872E820>
    │    │        │   └ <Thread(ws-client, started 8464)>
    │    │        └ <method 'run' of '_contextvars.Context' objects>
    │    └ <_contextvars.Context object at 0x00000295FBC6FDC0>
    └ <Thread(ws-client, started 8464)>
  File "C:\Users\pecas\AppData\Local\Python\pythoncore-3.14-64\Lib\threading.py", line 1024, in run
    self._target(*self._args, **self._kwargs)
    │    │        │    │        │    └ {}
    │    │        │    │        └ <Thread(ws-client, started 8464)>
    │    │        │    └ ()
    │    │        └ <Thread(ws-client, started 8464)>
    │    └ <bound method WebSocketClient._run of <app.infrastructure.websocket.client.WebSocketClient object at 0x00000295FBC196A0>>
    └ <Thread(ws-client, started 8464)>

> File "C:\Users\pecas\OneDrive\Área de Trabalho\print gsn\app\infrastructure\websocket\client.py", line 96, in _run
    self._connect_and_serve()
    │    └ <function WebSocketClient._connect_and_serve at 0x00000295FBC26B90>
    └ <app.infrastructure.websocket.client.WebSocketClient object at 0x00000295FBC196A0>

  File "C:\Users\pecas\OneDrive\Área de Trabalho\print gsn\app\infrastructure\websocket\client.py", line 110, in _connect_and_serve
    ws = websocket.create_connection(
         │         └ <function create_connection at 0x00000295FBC096F0>
         └ <module 'websocket' from 'C:\\Users\\pecas\\AppData\\Local\\Python\\pythoncore-3.14-64\\Lib\\site-packages\\websocket\\__init...

  File "C:\Users\pecas\AppData\Local\Python\pythoncore-3.14-64\Lib\site-packages\websocket\_core.py", line 664, in create_connection
    websock.connect(url, **options)
    │       │       │      └ {}
    │       │       └ 'wss://localhost'
    │       └ <function WebSocket.connect at 0x00000295FBC081A0>
    └ <websocket._core.WebSocket object at 0x00000295FBBF35F0>
  File "C:\Users\pecas\AppData\Local\Python\pythoncore-3.14-64\Lib\site-packages\websocket\_core.py", line 263, in connect
    self.sock, addrs = connect(
    │    │             └ <function connect at 0x00000295FBBFD590>
    │    └ None
    └ <websocket._core.WebSocket object at 0x00000295FBBF35F0>
  File "C:\Users\pecas\AppData\Local\Python\pythoncore-3.14-64\Lib\site-packages\websocket\_http.py", line 146, in connect
    sock = _open_socket(addrinfo_list, options.sockopt, options.timeout)
           │            │              │       │        │       └ 5
           │            │              │       │        └ <websocket._socket.sock_opt object at 0x00000295FBBF3110>
           │            │              │       └ []
           │            │              └ <websocket._socket.sock_opt object at 0x00000295FBBF3110>
           │            └ [(<AddressFamily.AF_INET6: 23>, <SocketKind.SOCK_STREAM: 1>, 6, '', ('::1', 443, 0, 0)), (<AddressFamily.AF_INET: 2>, <Socket...
           └ <function _open_socket at 0x00000295FBBFD7A0>
  File "C:\Users\pecas\AppData\Local\Python\pythoncore-3.14-64\Lib\site-packages\websocket\_http.py", line 233, in _open_socket
    raise err
          └ ConnectionRefusedError(10061, 'Nenhuma conexão pôde ser feita porque a máquina de destino as recusou ativamente', None, 10061...
  File "C:\Users\pecas\AppData\Local\Python\pythoncore-3.14-64\Lib\site-packages\websocket\_http.py", line 210, in _open_socket
    sock.connect(address)
    │    │       └ ('127.0.0.1', 443)
    │    └ <method 'connect' of '_socket.socket' objects>
    └ <socket.socket [closed] fd=-1, family=2, type=1, proto=6>

ConnectionRefusedError: [WinError 10061] Nenhuma conexão pôde ser feita porque a máquina de destino as recusou ativamente
2026-08-02 20:54:16.001 | INFO     | app.infrastructure.websocket.client:_run:105 - Reconnecting in 30.0s
2026-08-02 20:54:25.568 | ERROR    | app.infrastructure.websocket.client:_run:98 - WebSocket connection error: [WinError 10061] Nenhuma conexão pôde ser feita porque a máquina de destino as recusou ativamente
Traceback (most recent call last):

  File "C:\Users\pecas\AppData\Local\Python\pythoncore-3.14-64\Lib\threading.py", line 1044, in _bootstrap
    self._bootstrap_inner()
    │    └ <function Thread._bootstrap_inner at 0x000002BE90F0EB90>
    └ <Thread(ws-client, started 17808)>
  File "C:\Users\pecas\AppData\Local\Python\pythoncore-3.14-64\Lib\threading.py", line 1082, in _bootstrap_inner
    self._context.run(self.run)
    │    │        │   │    └ <function Thread.run at 0x000002BE90F0E820>
    │    │        │   └ <Thread(ws-client, started 17808)>
    │    │        └ <method 'run' of '_contextvars.Context' objects>
    │    └ <_contextvars.Context object at 0x000002BE943EAD80>
    └ <Thread(ws-client, started 17808)>
  File "C:\Users\pecas\AppData\Local\Python\pythoncore-3.14-64\Lib\threading.py", line 1024, in run
    self._target(*self._args, **self._kwargs)
    │    │        │    │        │    └ {}
    │    │        │    │        └ <Thread(ws-client, started 17808)>
    │    │        │    └ ()
    │    │        └ <Thread(ws-client, started 17808)>
    │    └ <bound method WebSocketClient._run of <app.infrastructure.websocket.client.WebSocketClient object at 0x000002BE943D57F0>>
    └ <Thread(ws-client, started 17808)>

> File "C:\Users\pecas\OneDrive\Área de Trabalho\print gsn\app\infrastructure\websocket\client.py", line 96, in _run
    self._connect_and_serve()
    │    └ <function WebSocketClient._connect_and_serve at 0x000002BE94413060>
    └ <app.infrastructure.websocket.client.WebSocketClient object at 0x000002BE943D57F0>

  File "C:\Users\pecas\OneDrive\Área de Trabalho\print gsn\app\infrastructure\websocket\client.py", line 110, in _connect_and_serve
    ws = websocket.create_connection(
         │         └ <function create_connection at 0x000002BE943E1850>
         └ <module 'websocket' from 'C:\\Users\\pecas\\AppData\\Local\\Python\\pythoncore-3.14-64\\Lib\\site-packages\\websocket\\__init...

  File "C:\Users\pecas\AppData\Local\Python\pythoncore-3.14-64\Lib\site-packages\websocket\_core.py", line 664, in create_connection
    websock.connect(url, **options)
    │       │       │      └ {}
    │       │       └ 'wss://localhost'
    │       └ <function WebSocket.connect at 0x000002BE943E0300>
    └ <websocket._core.WebSocket object at 0x000002BE96668190>
  File "C:\Users\pecas\AppData\Local\Python\pythoncore-3.14-64\Lib\site-packages\websocket\_core.py", line 263, in connect
    self.sock, addrs = connect(
    │    │             └ <function connect at 0x000002BE943CD6F0>
    │    └ None
    └ <websocket._core.WebSocket object at 0x000002BE96668190>
  File "C:\Users\pecas\AppData\Local\Python\pythoncore-3.14-64\Lib\site-packages\websocket\_http.py", line 146, in connect
    sock = _open_socket(addrinfo_list, options.sockopt, options.timeout)
           │            │              │       │        │       └ 5
           │            │              │       │        └ <websocket._socket.sock_opt object at 0x000002BE94535F70>
           │            │              │       └ []
           │            │              └ <websocket._socket.sock_opt object at 0x000002BE94535F70>
           │            └ [(<AddressFamily.AF_INET6: 23>, <SocketKind.SOCK_STREAM: 1>, 6, '', ('::1', 443, 0, 0)), (<AddressFamily.AF_INET: 2>, <Socket...
           └ <function _open_socket at 0x000002BE943CD900>
  File "C:\Users\pecas\AppData\Local\Python\pythoncore-3.14-64\Lib\site-packages\websocket\_http.py", line 233, in _open_socket
    raise err
          └ ConnectionRefusedError(10061, 'Nenhuma conexão pôde ser feita porque a máquina de destino as recusou ativamente', None, 10061...
  File "C:\Users\pecas\AppData\Local\Python\pythoncore-3.14-64\Lib\site-packages\websocket\_http.py", line 210, in _open_socket
    sock.connect(address)
    │    │       └ ('127.0.0.1', 443)
    │    └ <method 'connect' of '_socket.socket' objects>
    └ <socket.socket [closed] fd=-1, family=2, type=1, proto=6>

ConnectionRefusedError: [WinError 10061] Nenhuma conexão pôde ser feita porque a máquina de destino as recusou ativamente
2026-08-02 20:54:25.570 | INFO     | app.infrastructure.websocket.client:_run:105 - Reconnecting in 30.0s
2026-08-02 20:54:50.096 | ERROR    | app.infrastructure.websocket.client:_run:98 - WebSocket connection error: [WinError 10061] Nenhuma conexão pôde ser feita porque a máquina de destino as recusou ativamente
Traceback (most recent call last):

  File "C:\Users\pecas\AppData\Local\Python\pythoncore-3.14-64\Lib\threading.py", line 1044, in _bootstrap
    self._bootstrap_inner()
    │    └ <function Thread._bootstrap_inner at 0x00000295F872EB90>
    └ <Thread(ws-client, started 8464)>
  File "C:\Users\pecas\AppData\Local\Python\pythoncore-3.14-64\Lib\threading.py", line 1082, in _bootstrap_inner
    self._context.run(self.run)
    │    │        │   │    └ <function Thread.run at 0x00000295F872E820>
    │    │        │   └ <Thread(ws-client, started 8464)>
    │    │        └ <method 'run' of '_contextvars.Context' objects>
    │    └ <_contextvars.Context object at 0x00000295FBC6FDC0>
    └ <Thread(ws-client, started 8464)>
  File "C:\Users\pecas\AppData\Local\Python\pythoncore-3.14-64\Lib\threading.py", line 1024, in run
    self._target(*self._args, **self._kwargs)
    │    │        │    │        │    └ {}
    │    │        │    │        └ <Thread(ws-client, started 8464)>
    │    │        │    └ ()
    │    │        └ <Thread(ws-client, started 8464)>
    │    └ <bound method WebSocketClient._run of <app.infrastructure.websocket.client.WebSocketClient object at 0x00000295FBC196A0>>
    └ <Thread(ws-client, started 8464)>

> File "C:\Users\pecas\OneDrive\Área de Trabalho\print gsn\app\infrastructure\websocket\client.py", line 96, in _run
    self._connect_and_serve()
    │    └ <function WebSocketClient._connect_and_serve at 0x00000295FBC26B90>
    └ <app.infrastructure.websocket.client.WebSocketClient object at 0x00000295FBC196A0>

  File "C:\Users\pecas\OneDrive\Área de Trabalho\print gsn\app\infrastructure\websocket\client.py", line 110, in _connect_and_serve
    ws = websocket.create_connection(
         │         └ <function create_connection at 0x00000295FBC096F0>
         └ <module 'websocket' from 'C:\\Users\\pecas\\AppData\\Local\\Python\\pythoncore-3.14-64\\Lib\\site-packages\\websocket\\__init...

  File "C:\Users\pecas\AppData\Local\Python\pythoncore-3.14-64\Lib\site-packages\websocket\_core.py", line 664, in create_connection
    websock.connect(url, **options)
    │       │       │      └ {}
    │       │       └ 'wss://localhost'
    │       └ <function WebSocket.connect at 0x00000295FBC081A0>
    └ <websocket._core.WebSocket object at 0x00000295FB2F62D0>
  File "C:\Users\pecas\AppData\Local\Python\pythoncore-3.14-64\Lib\site-packages\websocket\_core.py", line 263, in connect
    self.sock, addrs = connect(
    │    │             └ <function connect at 0x00000295FBBFD590>
    │    └ None
    └ <websocket._core.WebSocket object at 0x00000295FB2F62D0>
  File "C:\Users\pecas\AppData\Local\Python\pythoncore-3.14-64\Lib\site-packages\websocket\_http.py", line 146, in connect
    sock = _open_socket(addrinfo_list, options.sockopt, options.timeout)
           │            │              │       │        │       └ 5
           │            │              │       │        └ <websocket._socket.sock_opt object at 0x00000295FBACF050>
           │            │              │       └ []
           │            │              └ <websocket._socket.sock_opt object at 0x00000295FBACF050>
           │            └ [(<AddressFamily.AF_INET6: 23>, <SocketKind.SOCK_STREAM: 1>, 6, '', ('::1', 443, 0, 0)), (<AddressFamily.AF_INET: 2>, <Socket...
           └ <function _open_socket at 0x00000295FBBFD7A0>
  File "C:\Users\pecas\AppData\Local\Python\pythoncore-3.14-64\Lib\site-packages\websocket\_http.py", line 233, in _open_socket
    raise err
          └ ConnectionRefusedError(10061, 'Nenhuma conexão pôde ser feita porque a máquina de destino as recusou ativamente', None, 10061...
  File "C:\Users\pecas\AppData\Local\Python\pythoncore-3.14-64\Lib\site-packages\websocket\_http.py", line 210, in _open_socket
    sock.connect(address)
    │    │       └ ('127.0.0.1', 443)
    │    └ <method 'connect' of '_socket.socket' objects>
    └ <socket.socket [closed] fd=-1, family=2, type=1, proto=6>

ConnectionRefusedError: [WinError 10061] Nenhuma conexão pôde ser feita porque a máquina de destino as recusou ativamente
2026-08-02 20:54:50.098 | INFO     | app.infrastructure.websocket.client:_run:105 - Reconnecting in 30.0s
2026-08-02 20:54:59.659 | ERROR    | app.infrastructure.websocket.client:_run:98 - WebSocket connection error: [WinError 10061] Nenhuma conexão pôde ser feita porque a máquina de destino as recusou ativamente
Traceback (most recent call last):

  File "C:\Users\pecas\AppData\Local\Python\pythoncore-3.14-64\Lib\threading.py", line 1044, in _bootstrap
    self._bootstrap_inner()
    │    └ <function Thread._bootstrap_inner at 0x000002BE90F0EB90>
    └ <Thread(ws-client, started 17808)>
  File "C:\Users\pecas\AppData\Local\Python\pythoncore-3.14-64\Lib\threading.py", line 1082, in _bootstrap_inner
    self._context.run(self.run)
    │    │        │   │    └ <function Thread.run at 0x000002BE90F0E820>
    │    │        │   └ <Thread(ws-client, started 17808)>
    │    │        └ <method 'run' of '_contextvars.Context' objects>
    │    └ <_contextvars.Context object at 0x000002BE943EAD80>
    └ <Thread(ws-client, started 17808)>
  File "C:\Users\pecas\AppData\Local\Python\pythoncore-3.14-64\Lib\threading.py", line 1024, in run
    self._target(*self._args, **self._kwargs)
    │    │        │    │        │    └ {}
    │    │        │    │        └ <Thread(ws-client, started 17808)>
    │    │        │    └ ()
    │    │        └ <Thread(ws-client, started 17808)>
    │    └ <bound method WebSocketClient._run of <app.infrastructure.websocket.client.WebSocketClient object at 0x000002BE943D57F0>>
    └ <Thread(ws-client, started 17808)>

> File "C:\Users\pecas\OneDrive\Área de Trabalho\print gsn\app\infrastructure\websocket\client.py", line 96, in _run
    self._connect_and_serve()
    │    └ <function WebSocketClient._connect_and_serve at 0x000002BE94413060>
    └ <app.infrastructure.websocket.client.WebSocketClient object at 0x000002BE943D57F0>

  File "C:\Users\pecas\OneDrive\Área de Trabalho\print gsn\app\infrastructure\websocket\client.py", line 110, in _connect_and_serve
    ws = websocket.create_connection(
         │         └ <function create_connection at 0x000002BE943E1850>
         └ <module 'websocket' from 'C:\\Users\\pecas\\AppData\\Local\\Python\\pythoncore-3.14-64\\Lib\\site-packages\\websocket\\__init...

  File "C:\Users\pecas\AppData\Local\Python\pythoncore-3.14-64\Lib\site-packages\websocket\_core.py", line 664, in create_connection
    websock.connect(url, **options)
    │       │       │      └ {}
    │       │       └ 'wss://localhost'
    │       └ <function WebSocket.connect at 0x000002BE943E0300>
    └ <websocket._core.WebSocket object at 0x000002BE96668370>
  File "C:\Users\pecas\AppData\Local\Python\pythoncore-3.14-64\Lib\site-packages\websocket\_core.py", line 263, in connect
    self.sock, addrs = connect(
    │    │             └ <function connect at 0x000002BE943CD6F0>
    │    └ None
    └ <websocket._core.WebSocket object at 0x000002BE96668370>
  File "C:\Users\pecas\AppData\Local\Python\pythoncore-3.14-64\Lib\site-packages\websocket\_http.py", line 146, in connect
    sock = _open_socket(addrinfo_list, options.sockopt, options.timeout)
           │            │              │       │        │       └ 5
           │            │              │       │        └ <websocket._socket.sock_opt object at 0x000002BE94536030>
           │            │              │       └ []
           │            │              └ <websocket._socket.sock_opt object at 0x000002BE94536030>
           │            └ [(<AddressFamily.AF_INET6: 23>, <SocketKind.SOCK_STREAM: 1>, 6, '', ('::1', 443, 0, 0)), (<AddressFamily.AF_INET: 2>, <Socket...
           └ <function _open_socket at 0x000002BE943CD900>
  File "C:\Users\pecas\AppData\Local\Python\pythoncore-3.14-64\Lib\site-packages\websocket\_http.py", line 233, in _open_socket
    raise err
          └ ConnectionRefusedError(10061, 'Nenhuma conexão pôde ser feita porque a máquina de destino as recusou ativamente', None, 10061...
  File "C:\Users\pecas\AppData\Local\Python\pythoncore-3.14-64\Lib\site-packages\websocket\_http.py", line 210, in _open_socket
    sock.connect(address)
    │    │       └ ('127.0.0.1', 443)
    │    └ <method 'connect' of '_socket.socket' objects>
    └ <socket.socket [closed] fd=-1, family=2, type=1, proto=6>

ConnectionRefusedError: [WinError 10061] Nenhuma conexão pôde ser feita porque a máquina de destino as recusou ativamente
2026-08-02 20:54:59.661 | INFO     | app.infrastructure.websocket.client:_run:105 - Reconnecting in 30.0s
2026-08-02 20:55:24.161 | ERROR    | app.infrastructure.websocket.client:_run:98 - WebSocket connection error: [WinError 10061] Nenhuma conexão pôde ser feita porque a máquina de destino as recusou ativamente
Traceback (most recent call last):

  File "C:\Users\pecas\AppData\Local\Python\pythoncore-3.14-64\Lib\threading.py", line 1044, in _bootstrap
    self._bootstrap_inner()
    │    └ <function Thread._bootstrap_inner at 0x00000295F872EB90>
    └ <Thread(ws-client, started 8464)>
  File "C:\Users\pecas\AppData\Local\Python\pythoncore-3.14-64\Lib\threading.py", line 1082, in _bootstrap_inner
    self._context.run(self.run)
    │    │        │   │    └ <function Thread.run at 0x00000295F872E820>
    │    │        │   └ <Thread(ws-client, started 8464)>
    │    │        └ <method 'run' of '_contextvars.Context' objects>
    │    └ <_contextvars.Context object at 0x00000295FBC6FDC0>
    └ <Thread(ws-client, started 8464)>
  File "C:\Users\pecas\AppData\Local\Python\pythoncore-3.14-64\Lib\threading.py", line 1024, in run
    self._target(*self._args, **self._kwargs)
    │    │        │    │        │    └ {}
    │    │        │    │        └ <Thread(ws-client, started 8464)>
    │    │        │    └ ()
    │    │        └ <Thread(ws-client, started 8464)>
    │    └ <bound method WebSocketClient._run of <app.infrastructure.websocket.client.WebSocketClient object at 0x00000295FBC196A0>>
    └ <Thread(ws-client, started 8464)>

> File "C:\Users\pecas\OneDrive\Área de Trabalho\print gsn\app\infrastructure\websocket\client.py", line 96, in _run
    self._connect_and_serve()
    │    └ <function WebSocketClient._connect_and_serve at 0x00000295FBC26B90>
    └ <app.infrastructure.websocket.client.WebSocketClient object at 0x00000295FBC196A0>

  File "C:\Users\pecas\OneDrive\Área de Trabalho\print gsn\app\infrastructure\websocket\client.py", line 110, in _connect_and_serve
    ws = websocket.create_connection(
         │         └ <function create_connection at 0x00000295FBC096F0>
         └ <module 'websocket' from 'C:\\Users\\pecas\\AppData\\Local\\Python\\pythoncore-3.14-64\\Lib\\site-packages\\websocket\\__init...

  File "C:\Users\pecas\AppData\Local\Python\pythoncore-3.14-64\Lib\site-packages\websocket\_core.py", line 664, in create_connection
    websock.connect(url, **options)
    │       │       │      └ {}
    │       │       └ 'wss://localhost'
    │       └ <function WebSocket.connect at 0x00000295FBC081A0>
    └ <websocket._core.WebSocket object at 0x00000295FBACF350>
  File "C:\Users\pecas\AppData\Local\Python\pythoncore-3.14-64\Lib\site-packages\websocket\_core.py", line 263, in connect
    self.sock, addrs = connect(
    │    │             └ <function connect at 0x00000295FBBFD590>
    │    └ None
    └ <websocket._core.WebSocket object at 0x00000295FBACF350>
  File "C:\Users\pecas\AppData\Local\Python\pythoncore-3.14-64\Lib\site-packages\websocket\_http.py", line 146, in connect
    sock = _open_socket(addrinfo_list, options.sockopt, options.timeout)
           │            │              │       │        │       └ 5
           │            │              │       │        └ <websocket._socket.sock_opt object at 0x00000295FBACE5D0>
           │            │              │       └ []
           │            │              └ <websocket._socket.sock_opt object at 0x00000295FBACE5D0>
           │            └ [(<AddressFamily.AF_INET6: 23>, <SocketKind.SOCK_STREAM: 1>, 6, '', ('::1', 443, 0, 0)), (<AddressFamily.AF_INET: 2>, <Socket...
           └ <function _open_socket at 0x00000295FBBFD7A0>
  File "C:\Users\pecas\AppData\Local\Python\pythoncore-3.14-64\Lib\site-packages\websocket\_http.py", line 233, in _open_socket
    raise err
          └ ConnectionRefusedError(10061, 'Nenhuma conexão pôde ser feita porque a máquina de destino as recusou ativamente', None, 10061...
  File "C:\Users\pecas\AppData\Local\Python\pythoncore-3.14-64\Lib\site-packages\websocket\_http.py", line 210, in _open_socket
    sock.connect(address)
    │    │       └ ('127.0.0.1', 443)
    │    └ <method 'connect' of '_socket.socket' objects>
    └ <socket.socket [closed] fd=-1, family=2, type=1, proto=6>

ConnectionRefusedError: [WinError 10061] Nenhuma conexão pôde ser feita porque a máquina de destino as recusou ativamente
2026-08-02 20:55:24.164 | INFO     | app.infrastructure.websocket.client:_run:105 - Reconnecting in 30.0s
2026-08-02 20:55:33.725 | ERROR    | app.infrastructure.websocket.client:_run:98 - WebSocket connection error: [WinError 10061] Nenhuma conexão pôde ser feita porque a máquina de destino as recusou ativamente
Traceback (most recent call last):

  File "C:\Users\pecas\AppData\Local\Python\pythoncore-3.14-64\Lib\threading.py", line 1044, in _bootstrap
    self._bootstrap_inner()
    │    └ <function Thread._bootstrap_inner at 0x000002BE90F0EB90>
    └ <Thread(ws-client, started 17808)>
  File "C:\Users\pecas\AppData\Local\Python\pythoncore-3.14-64\Lib\threading.py", line 1082, in _bootstrap_inner
    self._context.run(self.run)
    │    │        │   │    └ <function Thread.run at 0x000002BE90F0E820>
    │    │        │   └ <Thread(ws-client, started 17808)>
    │    │        └ <method 'run' of '_contextvars.Context' objects>
    │    └ <_contextvars.Context object at 0x000002BE943EAD80>
    └ <Thread(ws-client, started 17808)>
  File "C:\Users\pecas\AppData\Local\Python\pythoncore-3.14-64\Lib\threading.py", line 1024, in run
    self._target(*self._args, **self._kwargs)
    │    │        │    │        │    └ {}
    │    │        │    │        └ <Thread(ws-client, started 17808)>
    │    │        │    └ ()
    │    │        └ <Thread(ws-client, started 17808)>
    │    └ <bound method WebSocketClient._run of <app.infrastructure.websocket.client.WebSocketClient object at 0x000002BE943D57F0>>
    └ <Thread(ws-client, started 17808)>

> File "C:\Users\pecas\OneDrive\Área de Trabalho\print gsn\app\infrastructure\websocket\client.py", line 96, in _run
    self._connect_and_serve()
    │    └ <function WebSocketClient._connect_and_serve at 0x000002BE94413060>
    └ <app.infrastructure.websocket.client.WebSocketClient object at 0x000002BE943D57F0>

  File "C:\Users\pecas\OneDrive\Área de Trabalho\print gsn\app\infrastructure\websocket\client.py", line 110, in _connect_and_serve
    ws = websocket.create_connection(
         │         └ <function create_connection at 0x000002BE943E1850>
         └ <module 'websocket' from 'C:\\Users\\pecas\\AppData\\Local\\Python\\pythoncore-3.14-64\\Lib\\site-packages\\websocket\\__init...

  File "C:\Users\pecas\AppData\Local\Python\pythoncore-3.14-64\Lib\site-packages\websocket\_core.py", line 664, in create_connection
    websock.connect(url, **options)
    │       │       │      └ {}
    │       │       └ 'wss://localhost'
    │       └ <function WebSocket.connect at 0x000002BE943E0300>
    └ <websocket._core.WebSocket object at 0x000002BE966682D0>
  File "C:\Users\pecas\AppData\Local\Python\pythoncore-3.14-64\Lib\site-packages\websocket\_core.py", line 263, in connect
    self.sock, addrs = connect(
    │    │             └ <function connect at 0x000002BE943CD6F0>
    │    └ None
    └ <websocket._core.WebSocket object at 0x000002BE966682D0>
  File "C:\Users\pecas\AppData\Local\Python\pythoncore-3.14-64\Lib\site-packages\websocket\_http.py", line 146, in connect
    sock = _open_socket(addrinfo_list, options.sockopt, options.timeout)
           │            │              │       │        │       └ 5
           │            │              │       │        └ <websocket._socket.sock_opt object at 0x000002BE94536210>
           │            │              │       └ []
           │            │              └ <websocket._socket.sock_opt object at 0x000002BE94536210>
           │            └ [(<AddressFamily.AF_INET6: 23>, <SocketKind.SOCK_STREAM: 1>, 6, '', ('::1', 443, 0, 0)), (<AddressFamily.AF_INET: 2>, <Socket...
           └ <function _open_socket at 0x000002BE943CD900>
  File "C:\Users\pecas\AppData\Local\Python\pythoncore-3.14-64\Lib\site-packages\websocket\_http.py", line 233, in _open_socket
    raise err
          └ ConnectionRefusedError(10061, 'Nenhuma conexão pôde ser feita porque a máquina de destino as recusou ativamente', None, 10061...
  File "C:\Users\pecas\AppData\Local\Python\pythoncore-3.14-64\Lib\site-packages\websocket\_http.py", line 210, in _open_socket
    sock.connect(address)
    │    │       └ ('127.0.0.1', 443)
    │    └ <method 'connect' of '_socket.socket' objects>
    └ <socket.socket [closed] fd=-1, family=2, type=1, proto=6>

ConnectionRefusedError: [WinError 10061] Nenhuma conexão pôde ser feita porque a máquina de destino as recusou ativamente
2026-08-02 20:55:33.727 | INFO     | app.infrastructure.websocket.client:_run:105 - Reconnecting in 30.0s
2026-08-02 20:55:58.241 | ERROR    | app.infrastructure.websocket.client:_run:98 - WebSocket connection error: [WinError 10061] Nenhuma conexão pôde ser feita porque a máquina de destino as recusou ativamente
Traceback (most recent call last):

  File "C:\Users\pecas\AppData\Local\Python\pythoncore-3.14-64\Lib\threading.py", line 1044, in _bootstrap
    self._bootstrap_inner()
    │    └ <function Thread._bootstrap_inner at 0x00000295F872EB90>
    └ <Thread(ws-client, started 8464)>
  File "C:\Users\pecas\AppData\Local\Python\pythoncore-3.14-64\Lib\threading.py", line 1082, in _bootstrap_inner
    self._context.run(self.run)
    │    │        │   │    └ <function Thread.run at 0x00000295F872E820>
    │    │        │   └ <Thread(ws-client, started 8464)>
    │    │        └ <method 'run' of '_contextvars.Context' objects>
    │    └ <_contextvars.Context object at 0x00000295FBC6FDC0>
    └ <Thread(ws-client, started 8464)>
  File "C:\Users\pecas\AppData\Local\Python\pythoncore-3.14-64\Lib\threading.py", line 1024, in run
    self._target(*self._args, **self._kwargs)
    │    │        │    │        │    └ {}
    │    │        │    │        └ <Thread(ws-client, started 8464)>
    │    │        │    └ ()
    │    │        └ <Thread(ws-client, started 8464)>
    │    └ <bound method WebSocketClient._run of <app.infrastructure.websocket.client.WebSocketClient object at 0x00000295FBC196A0>>
    └ <Thread(ws-client, started 8464)>

> File "C:\Users\pecas\OneDrive\Área de Trabalho\print gsn\app\infrastructure\websocket\client.py", line 96, in _run
    self._connect_and_serve()
    │    └ <function WebSocketClient._connect_and_serve at 0x00000295FBC26B90>
    └ <app.infrastructure.websocket.client.WebSocketClient object at 0x00000295FBC196A0>

  File "C:\Users\pecas\OneDrive\Área de Trabalho\print gsn\app\infrastructure\websocket\client.py", line 110, in _connect_and_serve
    ws = websocket.create_connection(
         │         └ <function create_connection at 0x00000295FBC096F0>
         └ <module 'websocket' from 'C:\\Users\\pecas\\AppData\\Local\\Python\\pythoncore-3.14-64\\Lib\\site-packages\\websocket\\__init...

  File "C:\Users\pecas\AppData\Local\Python\pythoncore-3.14-64\Lib\site-packages\websocket\_core.py", line 664, in create_connection
    websock.connect(url, **options)
    │       │       │      └ {}
    │       │       └ 'wss://localhost'
    │       └ <function WebSocket.connect at 0x00000295FBC081A0>
    └ <websocket._core.WebSocket object at 0x00000295F7CA3800>
  File "C:\Users\pecas\AppData\Local\Python\pythoncore-3.14-64\Lib\site-packages\websocket\_core.py", line 263, in connect
    self.sock, addrs = connect(
    │    │             └ <function connect at 0x00000295FBBFD590>
    │    └ None
    └ <websocket._core.WebSocket object at 0x00000295F7CA3800>
  File "C:\Users\pecas\AppData\Local\Python\pythoncore-3.14-64\Lib\site-packages\websocket\_http.py", line 146, in connect
    sock = _open_socket(addrinfo_list, options.sockopt, options.timeout)
           │            │              │       │        │       └ 5
           │            │              │       │        └ <websocket._socket.sock_opt object at 0x00000295FEE62150>
           │            │              │       └ []
           │            │              └ <websocket._socket.sock_opt object at 0x00000295FEE62150>
           │            └ [(<AddressFamily.AF_INET6: 23>, <SocketKind.SOCK_STREAM: 1>, 6, '', ('::1', 443, 0, 0)), (<AddressFamily.AF_INET: 2>, <Socket...
           └ <function _open_socket at 0x00000295FBBFD7A0>
  File "C:\Users\pecas\AppData\Local\Python\pythoncore-3.14-64\Lib\site-packages\websocket\_http.py", line 233, in _open_socket
    raise err
          └ ConnectionRefusedError(10061, 'Nenhuma conexão pôde ser feita porque a máquina de destino as recusou ativamente', None, 10061...
  File "C:\Users\pecas\AppData\Local\Python\pythoncore-3.14-64\Lib\site-packages\websocket\_http.py", line 210, in _open_socket
    sock.connect(address)
    │    │       └ ('127.0.0.1', 443)
    │    └ <method 'connect' of '_socket.socket' objects>
    └ <socket.socket [closed] fd=-1, family=2, type=1, proto=6>

ConnectionRefusedError: [WinError 10061] Nenhuma conexão pôde ser feita porque a máquina de destino as recusou ativamente
2026-08-02 20:55:58.243 | INFO     | app.infrastructure.websocket.client:_run:105 - Reconnecting in 30.0s
2026-08-02 20:56:07.792 | ERROR    | app.infrastructure.websocket.client:_run:98 - WebSocket connection error: [WinError 10061] Nenhuma conexão pôde ser feita porque a máquina de destino as recusou ativamente
Traceback (most recent call last):

  File "C:\Users\pecas\AppData\Local\Python\pythoncore-3.14-64\Lib\threading.py", line 1044, in _bootstrap
    self._bootstrap_inner()
    │    └ <function Thread._bootstrap_inner at 0x000002BE90F0EB90>
    └ <Thread(ws-client, started 17808)>
  File "C:\Users\pecas\AppData\Local\Python\pythoncore-3.14-64\Lib\threading.py", line 1082, in _bootstrap_inner
    self._context.run(self.run)
    │    │        │   │    └ <function Thread.run at 0x000002BE90F0E820>
    │    │        │   └ <Thread(ws-client, started 17808)>
    │    │        └ <method 'run' of '_contextvars.Context' objects>
    │    └ <_contextvars.Context object at 0x000002BE943EAD80>
    └ <Thread(ws-client, started 17808)>
  File "C:\Users\pecas\AppData\Local\Python\pythoncore-3.14-64\Lib\threading.py", line 1024, in run
    self._target(*self._args, **self._kwargs)
    │    │        │    │        │    └ {}
    │    │        │    │        └ <Thread(ws-client, started 17808)>
    │    │        │    └ ()
    │    │        └ <Thread(ws-client, started 17808)>
    │    └ <bound method WebSocketClient._run of <app.infrastructure.websocket.client.WebSocketClient object at 0x000002BE943D57F0>>
    └ <Thread(ws-client, started 17808)>

> File "C:\Users\pecas\OneDrive\Área de Trabalho\print gsn\app\infrastructure\websocket\client.py", line 96, in _run
    self._connect_and_serve()
    │    └ <function WebSocketClient._connect_and_serve at 0x000002BE94413060>
    └ <app.infrastructure.websocket.client.WebSocketClient object at 0x000002BE943D57F0>

  File "C:\Users\pecas\OneDrive\Área de Trabalho\print gsn\app\infrastructure\websocket\client.py", line 110, in _connect_and_serve
    ws = websocket.create_connection(
         │         └ <function create_connection at 0x000002BE943E1850>
         └ <module 'websocket' from 'C:\\Users\\pecas\\AppData\\Local\\Python\\pythoncore-3.14-64\\Lib\\site-packages\\websocket\\__init...

  File "C:\Users\pecas\AppData\Local\Python\pythoncore-3.14-64\Lib\site-packages\websocket\_core.py", line 664, in create_connection
    websock.connect(url, **options)
    │       │       │      └ {}
    │       │       └ 'wss://localhost'
    │       └ <function WebSocket.connect at 0x000002BE943E0300>
    └ <websocket._core.WebSocket object at 0x000002BE966684B0>
  File "C:\Users\pecas\AppData\Local\Python\pythoncore-3.14-64\Lib\site-packages\websocket\_core.py", line 263, in connect
    self.sock, addrs = connect(
    │    │             └ <function connect at 0x000002BE943CD6F0>
    │    └ None
    └ <websocket._core.WebSocket object at 0x000002BE966684B0>
  File "C:\Users\pecas\AppData\Local\Python\pythoncore-3.14-64\Lib\site-packages\websocket\_http.py", line 146, in connect
    sock = _open_socket(addrinfo_list, options.sockopt, options.timeout)
           │            │              │       │        │       └ 5
           │            │              │       │        └ <websocket._socket.sock_opt object at 0x000002BE94536390>
           │            │              │       └ []
           │            │              └ <websocket._socket.sock_opt object at 0x000002BE94536390>
           │            └ [(<AddressFamily.AF_INET6: 23>, <SocketKind.SOCK_STREAM: 1>, 6, '', ('::1', 443, 0, 0)), (<AddressFamily.AF_INET: 2>, <Socket...
           └ <function _open_socket at 0x000002BE943CD900>
  File "C:\Users\pecas\AppData\Local\Python\pythoncore-3.14-64\Lib\site-packages\websocket\_http.py", line 233, in _open_socket
    raise err
          └ ConnectionRefusedError(10061, 'Nenhuma conexão pôde ser feita porque a máquina de destino as recusou ativamente', None, 10061...
  File "C:\Users\pecas\AppData\Local\Python\pythoncore-3.14-64\Lib\site-packages\websocket\_http.py", line 210, in _open_socket
    sock.connect(address)
    │    │       └ ('127.0.0.1', 443)
    │    └ <method 'connect' of '_socket.socket' objects>
    └ <socket.socket [closed] fd=-1, family=2, type=1, proto=6>

ConnectionRefusedError: [WinError 10061] Nenhuma conexão pôde ser feita porque a máquina de destino as recusou ativamente
2026-08-02 20:56:07.920 | INFO     | app.infrastructure.websocket.client:_run:105 - Reconnecting in 30.0s
2026-08-02 20:56:32.330 | ERROR    | app.infrastructure.websocket.client:_run:98 - WebSocket connection error: [WinError 10061] Nenhuma conexão pôde ser feita porque a máquina de destino as recusou ativamente
Traceback (most recent call last):

  File "C:\Users\pecas\AppData\Local\Python\pythoncore-3.14-64\Lib\threading.py", line 1044, in _bootstrap
    self._bootstrap_inner()
    │    └ <function Thread._bootstrap_inner at 0x00000295F872EB90>
    └ <Thread(ws-client, started 8464)>
  File "C:\Users\pecas\AppData\Local\Python\pythoncore-3.14-64\Lib\threading.py", line 1082, in _bootstrap_inner
    self._context.run(self.run)
    │    │        │   │    └ <function Thread.run at 0x00000295F872E820>
    │    │        │   └ <Thread(ws-client, started 8464)>
    │    │        └ <method 'run' of '_contextvars.Context' objects>
    │    └ <_contextvars.Context object at 0x00000295FBC6FDC0>
    └ <Thread(ws-client, started 8464)>
  File "C:\Users\pecas\AppData\Local\Python\pythoncore-3.14-64\Lib\threading.py", line 1024, in run
    self._target(*self._args, **self._kwargs)
    │    │        │    │        │    └ {}
    │    │        │    │        └ <Thread(ws-client, started 8464)>
    │    │        │    └ ()
    │    │        └ <Thread(ws-client, started 8464)>
    │    └ <bound method WebSocketClient._run of <app.infrastructure.websocket.client.WebSocketClient object at 0x00000295FBC196A0>>
    └ <Thread(ws-client, started 8464)>

> File "C:\Users\pecas\OneDrive\Área de Trabalho\print gsn\app\infrastructure\websocket\client.py", line 96, in _run
    self._connect_and_serve()
    │    └ <function WebSocketClient._connect_and_serve at 0x00000295FBC26B90>
    └ <app.infrastructure.websocket.client.WebSocketClient object at 0x00000295FBC196A0>

  File "C:\Users\pecas\OneDrive\Área de Trabalho\print gsn\app\infrastructure\websocket\client.py", line 110, in _connect_and_serve
    ws = websocket.create_connection(
         │         └ <function create_connection at 0x00000295FBC096F0>
         └ <module 'websocket' from 'C:\\Users\\pecas\\AppData\\Local\\Python\\pythoncore-3.14-64\\Lib\\site-packages\\websocket\\__init...

  File "C:\Users\pecas\AppData\Local\Python\pythoncore-3.14-64\Lib\site-packages\websocket\_core.py", line 664, in create_connection
    websock.connect(url, **options)
    │       │       │      └ {}
    │       │       └ 'wss://localhost'
    │       └ <function WebSocket.connect at 0x00000295FBC081A0>
    └ <websocket._core.WebSocket object at 0x00000295FEE62A40>
  File "C:\Users\pecas\AppData\Local\Python\pythoncore-3.14-64\Lib\site-packages\websocket\_core.py", line 263, in connect
    self.sock, addrs = connect(
    │    │             └ <function connect at 0x00000295FBBFD590>
    │    └ None
    └ <websocket._core.WebSocket object at 0x00000295FEE62A40>
  File "C:\Users\pecas\AppData\Local\Python\pythoncore-3.14-64\Lib\site-packages\websocket\_http.py", line 146, in connect
    sock = _open_socket(addrinfo_list, options.sockopt, options.timeout)
           │            │              │       │        │       └ 5
           │            │              │       │        └ <websocket._socket.sock_opt object at 0x00000295FEE6D440>
           │            │              │       └ []
           │            │              └ <websocket._socket.sock_opt object at 0x00000295FEE6D440>
           │            └ [(<AddressFamily.AF_INET6: 23>, <SocketKind.SOCK_STREAM: 1>, 6, '', ('::1', 443, 0, 0)), (<AddressFamily.AF_INET: 2>, <Socket...
           └ <function _open_socket at 0x00000295FBBFD7A0>
  File "C:\Users\pecas\AppData\Local\Python\pythoncore-3.14-64\Lib\site-packages\websocket\_http.py", line 233, in _open_socket
    raise err
          └ ConnectionRefusedError(10061, 'Nenhuma conexão pôde ser feita porque a máquina de destino as recusou ativamente', None, 10061...
  File "C:\Users\pecas\AppData\Local\Python\pythoncore-3.14-64\Lib\site-packages\websocket\_http.py", line 210, in _open_socket
    sock.connect(address)
    │    │       └ ('127.0.0.1', 443)
    │    └ <method 'connect' of '_socket.socket' objects>
    └ <socket.socket [closed] fd=-1, family=2, type=1, proto=6>

ConnectionRefusedError: [WinError 10061] Nenhuma conexão pôde ser feita porque a máquina de destino as recusou ativamente
2026-08-02 20:56:32.332 | INFO     | app.infrastructure.websocket.client:_run:105 - Reconnecting in 30.0s
2026-08-02 20:56:41.961 | ERROR    | app.infrastructure.websocket.client:_run:98 - WebSocket connection error: [WinError 10061] Nenhuma conexão pôde ser feita porque a máquina de destino as recusou ativamente
Traceback (most recent call last):

  File "C:\Users\pecas\AppData\Local\Python\pythoncore-3.14-64\Lib\threading.py", line 1044, in _bootstrap
    self._bootstrap_inner()
    │    └ <function Thread._bootstrap_inner at 0x000002BE90F0EB90>
    └ <Thread(ws-client, started 17808)>
  File "C:\Users\pecas\AppData\Local\Python\pythoncore-3.14-64\Lib\threading.py", line 1082, in _bootstrap_inner
    self._context.run(self.run)
    │    │        │   │    └ <function Thread.run at 0x000002BE90F0E820>
    │    │        │   └ <Thread(ws-client, started 17808)>
    │    │        └ <method 'run' of '_contextvars.Context' objects>
    │    └ <_contextvars.Context object at 0x000002BE943EAD80>
    └ <Thread(ws-client, started 17808)>
  File "C:\Users\pecas\AppData\Local\Python\pythoncore-3.14-64\Lib\threading.py", line 1024, in run
    self._target(*self._args, **self._kwargs)
    │    │        │    │        │    └ {}
    │    │        │    │        └ <Thread(ws-client, started 17808)>
    │    │        │    └ ()
    │    │        └ <Thread(ws-client, started 17808)>
    │    └ <bound method WebSocketClient._run of <app.infrastructure.websocket.client.WebSocketClient object at 0x000002BE943D57F0>>
    └ <Thread(ws-client, started 17808)>

> File "C:\Users\pecas\OneDrive\Área de Trabalho\print gsn\app\infrastructure\websocket\client.py", line 96, in _run
    self._connect_and_serve()
    │    └ <function WebSocketClient._connect_and_serve at 0x000002BE94413060>
    └ <app.infrastructure.websocket.client.WebSocketClient object at 0x000002BE943D57F0>

  File "C:\Users\pecas\OneDrive\Área de Trabalho\print gsn\app\infrastructure\websocket\client.py", line 110, in _connect_and_serve
    ws = websocket.create_connection(
         │         └ <function create_connection at 0x000002BE943E1850>
         └ <module 'websocket' from 'C:\\Users\\pecas\\AppData\\Local\\Python\\pythoncore-3.14-64\\Lib\\site-packages\\websocket\\__init...

  File "C:\Users\pecas\AppData\Local\Python\pythoncore-3.14-64\Lib\site-packages\websocket\_core.py", line 664, in create_connection
    websock.connect(url, **options)
    │       │       │      └ {}
    │       │       └ 'wss://localhost'
    │       └ <function WebSocket.connect at 0x000002BE943E0300>
    └ <websocket._core.WebSocket object at 0x000002BE96668410>
  File "C:\Users\pecas\AppData\Local\Python\pythoncore-3.14-64\Lib\site-packages\websocket\_core.py", line 263, in connect
    self.sock, addrs = connect(
    │    │             └ <function connect at 0x000002BE943CD6F0>
    │    └ None
    └ <websocket._core.WebSocket object at 0x000002BE96668410>
  File "C:\Users\pecas\AppData\Local\Python\pythoncore-3.14-64\Lib\site-packages\websocket\_http.py", line 146, in connect
    sock = _open_socket(addrinfo_list, options.sockopt, options.timeout)
           │            │              │       │        │       └ 5
           │            │              │       │        └ <websocket._socket.sock_opt object at 0x000002BE94536510>
           │            │              │       └ []
           │            │              └ <websocket._socket.sock_opt object at 0x000002BE94536510>
           │            └ [(<AddressFamily.AF_INET6: 23>, <SocketKind.SOCK_STREAM: 1>, 6, '', ('::1', 443, 0, 0)), (<AddressFamily.AF_INET: 2>, <Socket...
           └ <function _open_socket at 0x000002BE943CD900>
  File "C:\Users\pecas\AppData\Local\Python\pythoncore-3.14-64\Lib\site-packages\websocket\_http.py", line 233, in _open_socket
    raise err
          └ ConnectionRefusedError(10061, 'Nenhuma conexão pôde ser feita porque a máquina de destino as recusou ativamente', None, 10061...
  File "C:\Users\pecas\AppData\Local\Python\pythoncore-3.14-64\Lib\site-packages\websocket\_http.py", line 210, in _open_socket
    sock.connect(address)
    │    │       └ ('127.0.0.1', 443)
    │    └ <method 'connect' of '_socket.socket' objects>
    └ <socket.socket [closed] fd=-1, family=2, type=1, proto=6>

ConnectionRefusedError: [WinError 10061] Nenhuma conexão pôde ser feita porque a máquina de destino as recusou ativamente
2026-08-02 20:56:41.963 | INFO     | app.infrastructure.websocket.client:_run:105 - Reconnecting in 30.0s
2026-08-02 20:57:06.393 | ERROR    | app.infrastructure.websocket.client:_run:98 - WebSocket connection error: [WinError 10061] Nenhuma conexão pôde ser feita porque a máquina de destino as recusou ativamente
Traceback (most recent call last):

  File "C:\Users\pecas\AppData\Local\Python\pythoncore-3.14-64\Lib\threading.py", line 1044, in _bootstrap
    self._bootstrap_inner()
    │    └ <function Thread._bootstrap_inner at 0x00000295F872EB90>
    └ <Thread(ws-client, started 8464)>
  File "C:\Users\pecas\AppData\Local\Python\pythoncore-3.14-64\Lib\threading.py", line 1082, in _bootstrap_inner
    self._context.run(self.run)
    │    │        │   │    └ <function Thread.run at 0x00000295F872E820>
    │    │        │   └ <Thread(ws-client, started 8464)>
    │    │        └ <method 'run' of '_contextvars.Context' objects>
    │    └ <_contextvars.Context object at 0x00000295FBC6FDC0>
    └ <Thread(ws-client, started 8464)>
  File "C:\Users\pecas\AppData\Local\Python\pythoncore-3.14-64\Lib\threading.py", line 1024, in run
    self._target(*self._args, **self._kwargs)
    │    │        │    │        │    └ {}
    │    │        │    │        └ <Thread(ws-client, started 8464)>
    │    │        │    └ ()
    │    │        └ <Thread(ws-client, started 8464)>
    │    └ <bound method WebSocketClient._run of <app.infrastructure.websocket.client.WebSocketClient object at 0x00000295FBC196A0>>
    └ <Thread(ws-client, started 8464)>

> File "C:\Users\pecas\OneDrive\Área de Trabalho\print gsn\app\infrastructure\websocket\client.py", line 96, in _run
    self._connect_and_serve()
    │    └ <function WebSocketClient._connect_and_serve at 0x00000295FBC26B90>
    └ <app.infrastructure.websocket.client.WebSocketClient object at 0x00000295FBC196A0>

  File "C:\Users\pecas\OneDrive\Área de Trabalho\print gsn\app\infrastructure\websocket\client.py", line 110, in _connect_and_serve
    ws = websocket.create_connection(
         │         └ <function create_connection at 0x00000295FBC096F0>
         └ <module 'websocket' from 'C:\\Users\\pecas\\AppData\\Local\\Python\\pythoncore-3.14-64\\Lib\\site-packages\\websocket\\__init...

  File "C:\Users\pecas\AppData\Local\Python\pythoncore-3.14-64\Lib\site-packages\websocket\_core.py", line 664, in create_connection
    websock.connect(url, **options)
    │       │       │      └ {}
    │       │       └ 'wss://localhost'
    │       └ <function WebSocket.connect at 0x00000295FBC081A0>
    └ <websocket._core.WebSocket object at 0x00000295F8136850>
  File "C:\Users\pecas\AppData\Local\Python\pythoncore-3.14-64\Lib\site-packages\websocket\_core.py", line 263, in connect
    self.sock, addrs = connect(
    │    │             └ <function connect at 0x00000295FBBFD590>
    │    └ None
    └ <websocket._core.WebSocket object at 0x00000295F8136850>
  File "C:\Users\pecas\AppData\Local\Python\pythoncore-3.14-64\Lib\site-packages\websocket\_http.py", line 146, in connect
    sock = _open_socket(addrinfo_list, options.sockopt, options.timeout)
           │            │              │       │        │       └ 5
           │            │              │       │        └ <websocket._socket.sock_opt object at 0x00000295FBCE1F90>
           │            │              │       └ []
           │            │              └ <websocket._socket.sock_opt object at 0x00000295FBCE1F90>
           │            └ [(<AddressFamily.AF_INET6: 23>, <SocketKind.SOCK_STREAM: 1>, 6, '', ('::1', 443, 0, 0)), (<AddressFamily.AF_INET: 2>, <Socket...
           └ <function _open_socket at 0x00000295FBBFD7A0>
  File "C:\Users\pecas\AppData\Local\Python\pythoncore-3.14-64\Lib\site-packages\websocket\_http.py", line 233, in _open_socket
    raise err
          └ ConnectionRefusedError(10061, 'Nenhuma conexão pôde ser feita porque a máquina de destino as recusou ativamente', None, 10061...
  File "C:\Users\pecas\AppData\Local\Python\pythoncore-3.14-64\Lib\site-packages\websocket\_http.py", line 210, in _open_socket
    sock.connect(address)
    │    │       └ ('127.0.0.1', 443)
    │    └ <method 'connect' of '_socket.socket' objects>
    └ <socket.socket [closed] fd=-1, family=2, type=1, proto=6>

ConnectionRefusedError: [WinError 10061] Nenhuma conexão pôde ser feita porque a máquina de destino as recusou ativamente
2026-08-02 20:57:06.395 | INFO     | app.infrastructure.websocket.client:_run:105 - Reconnecting in 30.0s
2026-08-02 20:57:16.033 | ERROR    | app.infrastructure.websocket.client:_run:98 - WebSocket connection error: [WinError 10061] Nenhuma conexão pôde ser feita porque a máquina de destino as recusou ativamente
Traceback (most recent call last):

  File "C:\Users\pecas\AppData\Local\Python\pythoncore-3.14-64\Lib\threading.py", line 1044, in _bootstrap
    self._bootstrap_inner()
    │    └ <function Thread._bootstrap_inner at 0x000002BE90F0EB90>
    └ <Thread(ws-client, started 17808)>
  File "C:\Users\pecas\AppData\Local\Python\pythoncore-3.14-64\Lib\threading.py", line 1082, in _bootstrap_inner
    self._context.run(self.run)
    │    │        │   │    └ <function Thread.run at 0x000002BE90F0E820>
    │    │        │   └ <Thread(ws-client, started 17808)>
    │    │        └ <method 'run' of '_contextvars.Context' objects>
    │    └ <_contextvars.Context object at 0x000002BE943EAD80>
    └ <Thread(ws-client, started 17808)>
  File "C:\Users\pecas\AppData\Local\Python\pythoncore-3.14-64\Lib\threading.py", line 1024, in run
    self._target(*self._args, **self._kwargs)
    │    │        │    │        │    └ {}
    │    │        │    │        └ <Thread(ws-client, started 17808)>
    │    │        │    └ ()
    │    │        └ <Thread(ws-client, started 17808)>
    │    └ <bound method WebSocketClient._run of <app.infrastructure.websocket.client.WebSocketClient object at 0x000002BE943D57F0>>
    └ <Thread(ws-client, started 17808)>

> File "C:\Users\pecas\OneDrive\Área de Trabalho\print gsn\app\infrastructure\websocket\client.py", line 96, in _run
    self._connect_and_serve()
    │    └ <function WebSocketClient._connect_and_serve at 0x000002BE94413060>
    └ <app.infrastructure.websocket.client.WebSocketClient object at 0x000002BE943D57F0>

  File "C:\Users\pecas\OneDrive\Área de Trabalho\print gsn\app\infrastructure\websocket\client.py", line 110, in _connect_and_serve
    ws = websocket.create_connection(
         │         └ <function create_connection at 0x000002BE943E1850>
         └ <module 'websocket' from 'C:\\Users\\pecas\\AppData\\Local\\Python\\pythoncore-3.14-64\\Lib\\site-packages\\websocket\\__init...

  File "C:\Users\pecas\AppData\Local\Python\pythoncore-3.14-64\Lib\site-packages\websocket\_core.py", line 664, in create_connection
    websock.connect(url, **options)
    │       │       │      └ {}
    │       │       └ 'wss://localhost'
    │       └ <function WebSocket.connect at 0x000002BE943E0300>
    └ <websocket._core.WebSocket object at 0x000002BE966685F0>
  File "C:\Users\pecas\AppData\Local\Python\pythoncore-3.14-64\Lib\site-packages\websocket\_core.py", line 263, in connect
    self.sock, addrs = connect(
    │    │             └ <function connect at 0x000002BE943CD6F0>
    │    └ None
    └ <websocket._core.WebSocket object at 0x000002BE966685F0>
  File "C:\Users\pecas\AppData\Local\Python\pythoncore-3.14-64\Lib\site-packages\websocket\_http.py", line 146, in connect
    sock = _open_socket(addrinfo_list, options.sockopt, options.timeout)
           │            │              │       │        │       └ 5
           │            │              │       │        └ <websocket._socket.sock_opt object at 0x000002BE94536690>
           │            │              │       └ []
           │            │              └ <websocket._socket.sock_opt object at 0x000002BE94536690>
           │            └ [(<AddressFamily.AF_INET6: 23>, <SocketKind.SOCK_STREAM: 1>, 6, '', ('::1', 443, 0, 0)), (<AddressFamily.AF_INET: 2>, <Socket...
           └ <function _open_socket at 0x000002BE943CD900>
  File "C:\Users\pecas\AppData\Local\Python\pythoncore-3.14-64\Lib\site-packages\websocket\_http.py", line 233, in _open_socket
    raise err
          └ ConnectionRefusedError(10061, 'Nenhuma conexão pôde ser feita porque a máquina de destino as recusou ativamente', None, 10061...
  File "C:\Users\pecas\AppData\Local\Python\pythoncore-3.14-64\Lib\site-packages\websocket\_http.py", line 210, in _open_socket
    sock.connect(address)
    │    │       └ ('127.0.0.1', 443)
    │    └ <method 'connect' of '_socket.socket' objects>
    └ <socket.socket [closed] fd=-1, family=2, type=1, proto=6>

ConnectionRefusedError: [WinError 10061] Nenhuma conexão pôde ser feita porque a máquina de destino as recusou ativamente
2026-08-02 20:57:16.035 | INFO     | app.infrastructure.websocket.client:_run:105 - Reconnecting in 30.0s
2026-08-02 20:57:40.480 | ERROR    | app.infrastructure.websocket.client:_run:98 - WebSocket connection error: [WinError 10061] Nenhuma conexão pôde ser feita porque a máquina de destino as recusou ativamente
Traceback (most recent call last):

  File "C:\Users\pecas\AppData\Local\Python\pythoncore-3.14-64\Lib\threading.py", line 1044, in _bootstrap
    self._bootstrap_inner()
    │    └ <function Thread._bootstrap_inner at 0x00000295F872EB90>
    └ <Thread(ws-client, started 8464)>
  File "C:\Users\pecas\AppData\Local\Python\pythoncore-3.14-64\Lib\threading.py", line 1082, in _bootstrap_inner
    self._context.run(self.run)
    │    │        │   │    └ <function Thread.run at 0x00000295F872E820>
    │    │        │   └ <Thread(ws-client, started 8464)>
    │    │        └ <method 'run' of '_contextvars.Context' objects>
    │    └ <_contextvars.Context object at 0x00000295FBC6FDC0>
    └ <Thread(ws-client, started 8464)>
  File "C:\Users\pecas\AppData\Local\Python\pythoncore-3.14-64\Lib\threading.py", line 1024, in run
    self._target(*self._args, **self._kwargs)
    │    │        │    │        │    └ {}
    │    │        │    │        └ <Thread(ws-client, started 8464)>
    │    │        │    └ ()
    │    │        └ <Thread(ws-client, started 8464)>
    │    └ <bound method WebSocketClient._run of <app.infrastructure.websocket.client.WebSocketClient object at 0x00000295FBC196A0>>
    └ <Thread(ws-client, started 8464)>

> File "C:\Users\pecas\OneDrive\Área de Trabalho\print gsn\app\infrastructure\websocket\client.py", line 96, in _run
    self._connect_and_serve()
    │    └ <function WebSocketClient._connect_and_serve at 0x00000295FBC26B90>
    └ <app.infrastructure.websocket.client.WebSocketClient object at 0x00000295FBC196A0>

  File "C:\Users\pecas\OneDrive\Área de Trabalho\print gsn\app\infrastructure\websocket\client.py", line 110, in _connect_and_serve
    ws = websocket.create_connection(
         │         └ <function create_connection at 0x00000295FBC096F0>
         └ <module 'websocket' from 'C:\\Users\\pecas\\AppData\\Local\\Python\\pythoncore-3.14-64\\Lib\\site-packages\\websocket\\__init...

  File "C:\Users\pecas\AppData\Local\Python\pythoncore-3.14-64\Lib\site-packages\websocket\_core.py", line 664, in create_connection
    websock.connect(url, **options)
    │       │       │      └ {}
    │       │       └ 'wss://localhost'
    │       └ <function WebSocket.connect at 0x00000295FBC081A0>
    └ <websocket._core.WebSocket object at 0x00000295FBCE20D0>
  File "C:\Users\pecas\AppData\Local\Python\pythoncore-3.14-64\Lib\site-packages\websocket\_core.py", line 263, in connect
    self.sock, addrs = connect(
    │    │             └ <function connect at 0x00000295FBBFD590>
    │    └ None
    └ <websocket._core.WebSocket object at 0x00000295FBCE20D0>
  File "C:\Users\pecas\AppData\Local\Python\pythoncore-3.14-64\Lib\site-packages\websocket\_http.py", line 146, in connect
    sock = _open_socket(addrinfo_list, options.sockopt, options.timeout)
           │            │              │       │        │       └ 5
           │            │              │       │        └ <websocket._socket.sock_opt object at 0x00000295FBCE2030>
           │            │              │       └ []
           │            │              └ <websocket._socket.sock_opt object at 0x00000295FBCE2030>
           │            └ [(<AddressFamily.AF_INET6: 23>, <SocketKind.SOCK_STREAM: 1>, 6, '', ('::1', 443, 0, 0)), (<AddressFamily.AF_INET: 2>, <Socket...
           └ <function _open_socket at 0x00000295FBBFD7A0>
  File "C:\Users\pecas\AppData\Local\Python\pythoncore-3.14-64\Lib\site-packages\websocket\_http.py", line 233, in _open_socket
    raise err
          └ ConnectionRefusedError(10061, 'Nenhuma conexão pôde ser feita porque a máquina de destino as recusou ativamente', None, 10061...
  File "C:\Users\pecas\AppData\Local\Python\pythoncore-3.14-64\Lib\site-packages\websocket\_http.py", line 210, in _open_socket
    sock.connect(address)
    │    │       └ ('127.0.0.1', 443)
    │    └ <method 'connect' of '_socket.socket' objects>
    └ <socket.socket [closed] fd=-1, family=2, type=1, proto=6>

ConnectionRefusedError: [WinError 10061] Nenhuma conexão pôde ser feita porque a máquina de destino as recusou ativamente
2026-08-02 20:57:40.482 | INFO     | app.infrastructure.websocket.client:_run:105 - Reconnecting in 30.0s
2026-08-02 20:57:50.079 | ERROR    | app.infrastructure.websocket.client:_run:98 - WebSocket connection error: [WinError 10061] Nenhuma conexão pôde ser feita porque a máquina de destino as recusou ativamente
Traceback (most recent call last):

  File "C:\Users\pecas\AppData\Local\Python\pythoncore-3.14-64\Lib\threading.py", line 1044, in _bootstrap
    self._bootstrap_inner()
    │    └ <function Thread._bootstrap_inner at 0x000002BE90F0EB90>
    └ <Thread(ws-client, started 17808)>
  File "C:\Users\pecas\AppData\Local\Python\pythoncore-3.14-64\Lib\threading.py", line 1082, in _bootstrap_inner
    self._context.run(self.run)
    │    │        │   │    └ <function Thread.run at 0x000002BE90F0E820>
    │    │        │   └ <Thread(ws-client, started 17808)>
    │    │        └ <method 'run' of '_contextvars.Context' objects>
    │    └ <_contextvars.Context object at 0x000002BE943EAD80>
    └ <Thread(ws-client, started 17808)>
  File "C:\Users\pecas\AppData\Local\Python\pythoncore-3.14-64\Lib\threading.py", line 1024, in run
    self._target(*self._args, **self._kwargs)
    │    │        │    │        │    └ {}
    │    │        │    │        └ <Thread(ws-client, started 17808)>
    │    │        │    └ ()
    │    │        └ <Thread(ws-client, started 17808)>
    │    └ <bound method WebSocketClient._run of <app.infrastructure.websocket.client.WebSocketClient object at 0x000002BE943D57F0>>
    └ <Thread(ws-client, started 17808)>

> File "C:\Users\pecas\OneDrive\Área de Trabalho\print gsn\app\infrastructure\websocket\client.py", line 96, in _run
    self._connect_and_serve()
    │    └ <function WebSocketClient._connect_and_serve at 0x000002BE94413060>
    └ <app.infrastructure.websocket.client.WebSocketClient object at 0x000002BE943D57F0>

  File "C:\Users\pecas\OneDrive\Área de Trabalho\print gsn\app\infrastructure\websocket\client.py", line 110, in _connect_and_serve
    ws = websocket.create_connection(
         │         └ <function create_connection at 0x000002BE943E1850>
         └ <module 'websocket' from 'C:\\Users\\pecas\\AppData\\Local\\Python\\pythoncore-3.14-64\\Lib\\site-packages\\websocket\\__init...

  File "C:\Users\pecas\AppData\Local\Python\pythoncore-3.14-64\Lib\site-packages\websocket\_core.py", line 664, in create_connection
    websock.connect(url, **options)
    │       │       │      └ {}
    │       │       └ 'wss://localhost'
    │       └ <function WebSocket.connect at 0x000002BE943E0300>
    └ <websocket._core.WebSocket object at 0x000002BE96668550>
  File "C:\Users\pecas\AppData\Local\Python\pythoncore-3.14-64\Lib\site-packages\websocket\_core.py", line 263, in connect
    self.sock, addrs = connect(
    │    │             └ <function connect at 0x000002BE943CD6F0>
    │    └ None
    └ <websocket._core.WebSocket object at 0x000002BE96668550>
  File "C:\Users\pecas\AppData\Local\Python\pythoncore-3.14-64\Lib\site-packages\websocket\_http.py", line 146, in connect
    sock = _open_socket(addrinfo_list, options.sockopt, options.timeout)
           │            │              │       │        │       └ 5
           │            │              │       │        └ <websocket._socket.sock_opt object at 0x000002BE94536810>
           │            │              │       └ []
           │            │              └ <websocket._socket.sock_opt object at 0x000002BE94536810>
           │            └ [(<AddressFamily.AF_INET6: 23>, <SocketKind.SOCK_STREAM: 1>, 6, '', ('::1', 443, 0, 0)), (<AddressFamily.AF_INET: 2>, <Socket...
           └ <function _open_socket at 0x000002BE943CD900>
  File "C:\Users\pecas\AppData\Local\Python\pythoncore-3.14-64\Lib\site-packages\websocket\_http.py", line 233, in _open_socket
    raise err
          └ ConnectionRefusedError(10061, 'Nenhuma conexão pôde ser feita porque a máquina de destino as recusou ativamente', None, 10061...
  File "C:\Users\pecas\AppData\Local\Python\pythoncore-3.14-64\Lib\site-packages\websocket\_http.py", line 210, in _open_socket
    sock.connect(address)
    │    │       └ ('127.0.0.1', 443)
    │    └ <method 'connect' of '_socket.socket' objects>
    └ <socket.socket [closed] fd=-1, family=2, type=1, proto=6>

ConnectionRefusedError: [WinError 10061] Nenhuma conexão pôde ser feita porque a máquina de destino as recusou ativamente
2026-08-02 20:57:50.082 | INFO     | app.infrastructure.websocket.client:_run:105 - Reconnecting in 30.0s
2026-08-02 20:58:14.556 | ERROR    | app.infrastructure.websocket.client:_run:98 - WebSocket connection error: [WinError 10061] Nenhuma conexão pôde ser feita porque a máquina de destino as recusou ativamente
Traceback (most recent call last):

  File "C:\Users\pecas\AppData\Local\Python\pythoncore-3.14-64\Lib\threading.py", line 1044, in _bootstrap
    self._bootstrap_inner()
    │    └ <function Thread._bootstrap_inner at 0x00000295F872EB90>
    └ <Thread(ws-client, started 8464)>
  File "C:\Users\pecas\AppData\Local\Python\pythoncore-3.14-64\Lib\threading.py", line 1082, in _bootstrap_inner
    self._context.run(self.run)
    │    │        │   │    └ <function Thread.run at 0x00000295F872E820>
    │    │        │   └ <Thread(ws-client, started 8464)>
    │    │        └ <method 'run' of '_contextvars.Context' objects>
    │    └ <_contextvars.Context object at 0x00000295FBC6FDC0>
    └ <Thread(ws-client, started 8464)>
  File "C:\Users\pecas\AppData\Local\Python\pythoncore-3.14-64\Lib\threading.py", line 1024, in run
    self._target(*self._args, **self._kwargs)
    │    │        │    │        │    └ {}
    │    │        │    │        └ <Thread(ws-client, started 8464)>
    │    │        │    └ ()
    │    │        └ <Thread(ws-client, started 8464)>
    │    └ <bound method WebSocketClient._run of <app.infrastructure.websocket.client.WebSocketClient object at 0x00000295FBC196A0>>
    └ <Thread(ws-client, started 8464)>

> File "C:\Users\pecas\OneDrive\Área de Trabalho\print gsn\app\infrastructure\websocket\client.py", line 96, in _run
    self._connect_and_serve()
    │    └ <function WebSocketClient._connect_and_serve at 0x00000295FBC26B90>
    └ <app.infrastructure.websocket.client.WebSocketClient object at 0x00000295FBC196A0>

  File "C:\Users\pecas\OneDrive\Área de Trabalho\print gsn\app\infrastructure\websocket\client.py", line 110, in _connect_and_serve
    ws = websocket.create_connection(
         │         └ <function create_connection at 0x00000295FBC096F0>
         └ <module 'websocket' from 'C:\\Users\\pecas\\AppData\\Local\\Python\\pythoncore-3.14-64\\Lib\\site-packages\\websocket\\__init...

  File "C:\Users\pecas\AppData\Local\Python\pythoncore-3.14-64\Lib\site-packages\websocket\_core.py", line 664, in create_connection
    websock.connect(url, **options)
    │       │       │      └ {}
    │       │       └ 'wss://localhost'
    │       └ <function WebSocket.connect at 0x00000295FBC081A0>
    └ <websocket._core.WebSocket object at 0x00000295FBCE25D0>
  File "C:\Users\pecas\AppData\Local\Python\pythoncore-3.14-64\Lib\site-packages\websocket\_core.py", line 263, in connect
    self.sock, addrs = connect(
    │    │             └ <function connect at 0x00000295FBBFD590>
    │    └ None
    └ <websocket._core.WebSocket object at 0x00000295FBCE25D0>
  File "C:\Users\pecas\AppData\Local\Python\pythoncore-3.14-64\Lib\site-packages\websocket\_http.py", line 146, in connect
    sock = _open_socket(addrinfo_list, options.sockopt, options.timeout)
           │            │              │       │        │       └ 5
           │            │              │       │        └ <websocket._socket.sock_opt object at 0x00000295FBD064E0>
           │            │              │       └ []
           │            │              └ <websocket._socket.sock_opt object at 0x00000295FBD064E0>
           │            └ [(<AddressFamily.AF_INET6: 23>, <SocketKind.SOCK_STREAM: 1>, 6, '', ('::1', 443, 0, 0)), (<AddressFamily.AF_INET: 2>, <Socket...
           └ <function _open_socket at 0x00000295FBBFD7A0>
  File "C:\Users\pecas\AppData\Local\Python\pythoncore-3.14-64\Lib\site-packages\websocket\_http.py", line 233, in _open_socket
    raise err
          └ ConnectionRefusedError(10061, 'Nenhuma conexão pôde ser feita porque a máquina de destino as recusou ativamente', None, 10061...
  File "C:\Users\pecas\AppData\Local\Python\pythoncore-3.14-64\Lib\site-packages\websocket\_http.py", line 210, in _open_socket
    sock.connect(address)
    │    │       └ ('127.0.0.1', 443)
    │    └ <method 'connect' of '_socket.socket' objects>
    └ <socket.socket [closed] fd=-1, family=2, type=1, proto=6>

ConnectionRefusedError: [WinError 10061] Nenhuma conexão pôde ser feita porque a máquina de destino as recusou ativamente
2026-08-02 20:58:14.558 | INFO     | app.infrastructure.websocket.client:_run:105 - Reconnecting in 30.0s
2026-08-02 20:58:24.179 | ERROR    | app.infrastructure.websocket.client:_run:98 - WebSocket connection error: [WinError 10061] Nenhuma conexão pôde ser feita porque a máquina de destino as recusou ativamente
Traceback (most recent call last):

  File "C:\Users\pecas\AppData\Local\Python\pythoncore-3.14-64\Lib\threading.py", line 1044, in _bootstrap
    self._bootstrap_inner()
    │    └ <function Thread._bootstrap_inner at 0x000002BE90F0EB90>
    └ <Thread(ws-client, started 17808)>
  File "C:\Users\pecas\AppData\Local\Python\pythoncore-3.14-64\Lib\threading.py", line 1082, in _bootstrap_inner
    self._context.run(self.run)
    │    │        │   │    └ <function Thread.run at 0x000002BE90F0E820>
    │    │        │   └ <Thread(ws-client, started 17808)>
    │    │        └ <method 'run' of '_contextvars.Context' objects>
    │    └ <_contextvars.Context object at 0x000002BE943EAD80>
    └ <Thread(ws-client, started 17808)>
  File "C:\Users\pecas\AppData\Local\Python\pythoncore-3.14-64\Lib\threading.py", line 1024, in run
    self._target(*self._args, **self._kwargs)
    │    │        │    │        │    └ {}
    │    │        │    │        └ <Thread(ws-client, started 17808)>
    │    │        │    └ ()
    │    │        └ <Thread(ws-client, started 17808)>
    │    └ <bound method WebSocketClient._run of <app.infrastructure.websocket.client.WebSocketClient object at 0x000002BE943D57F0>>
    └ <Thread(ws-client, started 17808)>

> File "C:\Users\pecas\OneDrive\Área de Trabalho\print gsn\app\infrastructure\websocket\client.py", line 96, in _run
    self._connect_and_serve()
    │    └ <function WebSocketClient._connect_and_serve at 0x000002BE94413060>
    └ <app.infrastructure.websocket.client.WebSocketClient object at 0x000002BE943D57F0>

  File "C:\Users\pecas\OneDrive\Área de Trabalho\print gsn\app\infrastructure\websocket\client.py", line 110, in _connect_and_serve
    ws = websocket.create_connection(
         │         └ <function create_connection at 0x000002BE943E1850>
         └ <module 'websocket' from 'C:\\Users\\pecas\\AppData\\Local\\Python\\pythoncore-3.14-64\\Lib\\site-packages\\websocket\\__init...

  File "C:\Users\pecas\AppData\Local\Python\pythoncore-3.14-64\Lib\site-packages\websocket\_core.py", line 664, in create_connection
    websock.connect(url, **options)
    │       │       │      └ {}
    │       │       └ 'wss://localhost'
    │       └ <function WebSocket.connect at 0x000002BE943E0300>
    └ <websocket._core.WebSocket object at 0x000002BE96668730>
  File "C:\Users\pecas\AppData\Local\Python\pythoncore-3.14-64\Lib\site-packages\websocket\_core.py", line 263, in connect
    self.sock, addrs = connect(
    │    │             └ <function connect at 0x000002BE943CD6F0>
    │    └ None
    └ <websocket._core.WebSocket object at 0x000002BE96668730>
  File "C:\Users\pecas\AppData\Local\Python\pythoncore-3.14-64\Lib\site-packages\websocket\_http.py", line 146, in connect
    sock = _open_socket(addrinfo_list, options.sockopt, options.timeout)
           │            │              │       │        │       └ 5
           │            │              │       │        └ <websocket._socket.sock_opt object at 0x000002BE94536990>
           │            │              │       └ []
           │            │              └ <websocket._socket.sock_opt object at 0x000002BE94536990>
           │            └ [(<AddressFamily.AF_INET6: 23>, <SocketKind.SOCK_STREAM: 1>, 6, '', ('::1', 443, 0, 0)), (<AddressFamily.AF_INET: 2>, <Socket...
           └ <function _open_socket at 0x000002BE943CD900>
  File "C:\Users\pecas\AppData\Local\Python\pythoncore-3.14-64\Lib\site-packages\websocket\_http.py", line 233, in _open_socket
    raise err
          └ ConnectionRefusedError(10061, 'Nenhuma conexão pôde ser feita porque a máquina de destino as recusou ativamente', None, 10061...
  File "C:\Users\pecas\AppData\Local\Python\pythoncore-3.14-64\Lib\site-packages\websocket\_http.py", line 210, in _open_socket
    sock.connect(address)
    │    │       └ ('127.0.0.1', 443)
    │    └ <method 'connect' of '_socket.socket' objects>
    └ <socket.socket [closed] fd=-1, family=2, type=1, proto=6>

ConnectionRefusedError: [WinError 10061] Nenhuma conexão pôde ser feita porque a máquina de destino as recusou ativamente
2026-08-02 20:58:24.181 | INFO     | app.infrastructure.websocket.client:_run:105 - Reconnecting in 30.0s
2026-08-02 20:58:48.651 | ERROR    | app.infrastructure.websocket.client:_run:98 - WebSocket connection error: [WinError 10061] Nenhuma conexão pôde ser feita porque a máquina de destino as recusou ativamente
Traceback (most recent call last):

  File "C:\Users\pecas\AppData\Local\Python\pythoncore-3.14-64\Lib\threading.py", line 1044, in _bootstrap
    self._bootstrap_inner()
    │    └ <function Thread._bootstrap_inner at 0x00000295F872EB90>
    └ <Thread(ws-client, started 8464)>
  File "C:\Users\pecas\AppData\Local\Python\pythoncore-3.14-64\Lib\threading.py", line 1082, in _bootstrap_inner
    self._context.run(self.run)
    │    │        │   │    └ <function Thread.run at 0x00000295F872E820>
    │    │        │   └ <Thread(ws-client, started 8464)>
    │    │        └ <method 'run' of '_contextvars.Context' objects>
    │    └ <_contextvars.Context object at 0x00000295FBC6FDC0>
    └ <Thread(ws-client, started 8464)>
  File "C:\Users\pecas\AppData\Local\Python\pythoncore-3.14-64\Lib\threading.py", line 1024, in run
    self._target(*self._args, **self._kwargs)
    │    │        │    │        │    └ {}
    │    │        │    │        └ <Thread(ws-client, started 8464)>
    │    │        │    └ ()
    │    │        └ <Thread(ws-client, started 8464)>
    │    └ <bound method WebSocketClient._run of <app.infrastructure.websocket.client.WebSocketClient object at 0x00000295FBC196A0>>
    └ <Thread(ws-client, started 8464)>

> File "C:\Users\pecas\OneDrive\Área de Trabalho\print gsn\app\infrastructure\websocket\client.py", line 96, in _run
    self._connect_and_serve()
    │    └ <function WebSocketClient._connect_and_serve at 0x00000295FBC26B90>
    └ <app.infrastructure.websocket.client.WebSocketClient object at 0x00000295FBC196A0>

  File "C:\Users\pecas\OneDrive\Área de Trabalho\print gsn\app\infrastructure\websocket\client.py", line 110, in _connect_and_serve
    ws = websocket.create_connection(
         │         └ <function create_connection at 0x00000295FBC096F0>
         └ <module 'websocket' from 'C:\\Users\\pecas\\AppData\\Local\\Python\\pythoncore-3.14-64\\Lib\\site-packages\\websocket\\__init...

  File "C:\Users\pecas\AppData\Local\Python\pythoncore-3.14-64\Lib\site-packages\websocket\_core.py", line 664, in create_connection
    websock.connect(url, **options)
    │       │       │      └ {}
    │       │       └ 'wss://localhost'
    │       └ <function WebSocket.connect at 0x00000295FBC081A0>
    └ <websocket._core.WebSocket object at 0x00000295FBCE2350>
  File "C:\Users\pecas\AppData\Local\Python\pythoncore-3.14-64\Lib\site-packages\websocket\_core.py", line 263, in connect
    self.sock, addrs = connect(
    │    │             └ <function connect at 0x00000295FBBFD590>
    │    └ None
    └ <websocket._core.WebSocket object at 0x00000295FBCE2350>
  File "C:\Users\pecas\AppData\Local\Python\pythoncore-3.14-64\Lib\site-packages\websocket\_http.py", line 146, in connect
    sock = _open_socket(addrinfo_list, options.sockopt, options.timeout)
           │            │              │       │        │       └ 5
           │            │              │       │        └ <websocket._socket.sock_opt object at 0x00000295FEEA1750>
           │            │              │       └ []
           │            │              └ <websocket._socket.sock_opt object at 0x00000295FEEA1750>
           │            └ [(<AddressFamily.AF_INET6: 23>, <SocketKind.SOCK_STREAM: 1>, 6, '', ('::1', 443, 0, 0)), (<AddressFamily.AF_INET: 2>, <Socket...
           └ <function _open_socket at 0x00000295FBBFD7A0>
  File "C:\Users\pecas\AppData\Local\Python\pythoncore-3.14-64\Lib\site-packages\websocket\_http.py", line 233, in _open_socket
    raise err
          └ ConnectionRefusedError(10061, 'Nenhuma conexão pôde ser feita porque a máquina de destino as recusou ativamente', None, 10061...
  File "C:\Users\pecas\AppData\Local\Python\pythoncore-3.14-64\Lib\site-packages\websocket\_http.py", line 210, in _open_socket
    sock.connect(address)
    │    │       └ ('127.0.0.1', 443)
    │    └ <method 'connect' of '_socket.socket' objects>
    └ <socket.socket [closed] fd=-1, family=2, type=1, proto=6>

ConnectionRefusedError: [WinError 10061] Nenhuma conexão pôde ser feita porque a máquina de destino as recusou ativamente
2026-08-02 20:58:48.653 | INFO     | app.infrastructure.websocket.client:_run:105 - Reconnecting in 30.0s
2026-08-02 20:58:58.267 | ERROR    | app.infrastructure.websocket.client:_run:98 - WebSocket connection error: [WinError 10061] Nenhuma conexão pôde ser feita porque a máquina de destino as recusou ativamente
Traceback (most recent call last):

  File "C:\Users\pecas\AppData\Local\Python\pythoncore-3.14-64\Lib\threading.py", line 1044, in _bootstrap
    self._bootstrap_inner()
    │    └ <function Thread._bootstrap_inner at 0x000002BE90F0EB90>
    └ <Thread(ws-client, started 17808)>
  File "C:\Users\pecas\AppData\Local\Python\pythoncore-3.14-64\Lib\threading.py", line 1082, in _bootstrap_inner
    self._context.run(self.run)
    │    │        │   │    └ <function Thread.run at 0x000002BE90F0E820>
    │    │        │   └ <Thread(ws-client, started 17808)>
    │    │        └ <method 'run' of '_contextvars.Context' objects>
    │    └ <_contextvars.Context object at 0x000002BE943EAD80>
    └ <Thread(ws-client, started 17808)>
  File "C:\Users\pecas\AppData\Local\Python\pythoncore-3.14-64\Lib\threading.py", line 1024, in run
    self._target(*self._args, **self._kwargs)
    │    │        │    │        │    └ {}
    │    │        │    │        └ <Thread(ws-client, started 17808)>
    │    │        │    └ ()
    │    │        └ <Thread(ws-client, started 17808)>
    │    └ <bound method WebSocketClient._run of <app.infrastructure.websocket.client.WebSocketClient object at 0x000002BE943D57F0>>
    └ <Thread(ws-client, started 17808)>

> File "C:\Users\pecas\OneDrive\Área de Trabalho\print gsn\app\infrastructure\websocket\client.py", line 96, in _run
    self._connect_and_serve()
    │    └ <function WebSocketClient._connect_and_serve at 0x000002BE94413060>
    └ <app.infrastructure.websocket.client.WebSocketClient object at 0x000002BE943D57F0>

  File "C:\Users\pecas\OneDrive\Área de Trabalho\print gsn\app\infrastructure\websocket\client.py", line 110, in _connect_and_serve
    ws = websocket.create_connection(
         │         └ <function create_connection at 0x000002BE943E1850>
         └ <module 'websocket' from 'C:\\Users\\pecas\\AppData\\Local\\Python\\pythoncore-3.14-64\\Lib\\site-packages\\websocket\\__init...

  File "C:\Users\pecas\AppData\Local\Python\pythoncore-3.14-64\Lib\site-packages\websocket\_core.py", line 664, in create_connection
    websock.connect(url, **options)
    │       │       │      └ {}
    │       │       └ 'wss://localhost'
    │       └ <function WebSocket.connect at 0x000002BE943E0300>
    └ <websocket._core.WebSocket object at 0x000002BE96668690>
  File "C:\Users\pecas\AppData\Local\Python\pythoncore-3.14-64\Lib\site-packages\websocket\_core.py", line 263, in connect
    self.sock, addrs = connect(
    │    │             └ <function connect at 0x000002BE943CD6F0>
    │    └ None
    └ <websocket._core.WebSocket object at 0x000002BE96668690>
  File "C:\Users\pecas\AppData\Local\Python\pythoncore-3.14-64\Lib\site-packages\websocket\_http.py", line 146, in connect
    sock = _open_socket(addrinfo_list, options.sockopt, options.timeout)
           │            │              │       │        │       └ 5
           │            │              │       │        └ <websocket._socket.sock_opt object at 0x000002BE94536B10>
           │            │              │       └ []
           │            │              └ <websocket._socket.sock_opt object at 0x000002BE94536B10>
           │            └ [(<AddressFamily.AF_INET6: 23>, <SocketKind.SOCK_STREAM: 1>, 6, '', ('::1', 443, 0, 0)), (<AddressFamily.AF_INET: 2>, <Socket...
           └ <function _open_socket at 0x000002BE943CD900>
  File "C:\Users\pecas\AppData\Local\Python\pythoncore-3.14-64\Lib\site-packages\websocket\_http.py", line 233, in _open_socket
    raise err
          └ ConnectionRefusedError(10061, 'Nenhuma conexão pôde ser feita porque a máquina de destino as recusou ativamente', None, 10061...
  File "C:\Users\pecas\AppData\Local\Python\pythoncore-3.14-64\Lib\site-packages\websocket\_http.py", line 210, in _open_socket
    sock.connect(address)
    │    │       └ ('127.0.0.1', 443)
    │    └ <method 'connect' of '_socket.socket' objects>
    └ <socket.socket [closed] fd=-1, family=2, type=1, proto=6>

ConnectionRefusedError: [WinError 10061] Nenhuma conexão pôde ser feita porque a máquina de destino as recusou ativamente
2026-08-02 20:58:58.270 | INFO     | app.infrastructure.websocket.client:_run:105 - Reconnecting in 30.0s
2026-08-02 20:59:22.729 | ERROR    | app.infrastructure.websocket.client:_run:98 - WebSocket connection error: [WinError 10061] Nenhuma conexão pôde ser feita porque a máquina de destino as recusou ativamente
Traceback (most recent call last):

  File "C:\Users\pecas\AppData\Local\Python\pythoncore-3.14-64\Lib\threading.py", line 1044, in _bootstrap
    self._bootstrap_inner()
    │    └ <function Thread._bootstrap_inner at 0x00000295F872EB90>
    └ <Thread(ws-client, started 8464)>
  File "C:\Users\pecas\AppData\Local\Python\pythoncore-3.14-64\Lib\threading.py", line 1082, in _bootstrap_inner
    self._context.run(self.run)
    │    │        │   │    └ <function Thread.run at 0x00000295F872E820>
    │    │        │   └ <Thread(ws-client, started 8464)>
    │    │        └ <method 'run' of '_contextvars.Context' objects>
    │    └ <_contextvars.Context object at 0x00000295FBC6FDC0>
    └ <Thread(ws-client, started 8464)>
  File "C:\Users\pecas\AppData\Local\Python\pythoncore-3.14-64\Lib\threading.py", line 1024, in run
    self._target(*self._args, **self._kwargs)
    │    │        │    │        │    └ {}
    │    │        │    │        └ <Thread(ws-client, started 8464)>
    │    │        │    └ ()
    │    │        └ <Thread(ws-client, started 8464)>
    │    └ <bound method WebSocketClient._run of <app.infrastructure.websocket.client.WebSocketClient object at 0x00000295FBC196A0>>
    └ <Thread(ws-client, started 8464)>

> File "C:\Users\pecas\OneDrive\Área de Trabalho\print gsn\app\infrastructure\websocket\client.py", line 96, in _run
    self._connect_and_serve()
    │    └ <function WebSocketClient._connect_and_serve at 0x00000295FBC26B90>
    └ <app.infrastructure.websocket.client.WebSocketClient object at 0x00000295FBC196A0>

  File "C:\Users\pecas\OneDrive\Área de Trabalho\print gsn\app\infrastructure\websocket\client.py", line 110, in _connect_and_serve
    ws = websocket.create_connection(
         │         └ <function create_connection at 0x00000295FBC096F0>
         └ <module 'websocket' from 'C:\\Users\\pecas\\AppData\\Local\\Python\\pythoncore-3.14-64\\Lib\\site-packages\\websocket\\__init...

  File "C:\Users\pecas\AppData\Local\Python\pythoncore-3.14-64\Lib\site-packages\websocket\_core.py", line 664, in create_connection
    websock.connect(url, **options)
    │       │       │      └ {}
    │       │       └ 'wss://localhost'
    │       └ <function WebSocket.connect at 0x00000295FBC081A0>
    └ <websocket._core.WebSocket object at 0x00000295FBCE2710>
  File "C:\Users\pecas\AppData\Local\Python\pythoncore-3.14-64\Lib\site-packages\websocket\_core.py", line 263, in connect
    self.sock, addrs = connect(
    │    │             └ <function connect at 0x00000295FBBFD590>
    │    └ None
    └ <websocket._core.WebSocket object at 0x00000295FBCE2710>
  File "C:\Users\pecas\AppData\Local\Python\pythoncore-3.14-64\Lib\site-packages\websocket\_http.py", line 146, in connect
    sock = _open_socket(addrinfo_list, options.sockopt, options.timeout)
           │            │              │       │        │       └ 5
           │            │              │       │        └ <websocket._socket.sock_opt object at 0x00000295FEEA3C50>
           │            │              │       └ []
           │            │              └ <websocket._socket.sock_opt object at 0x00000295FEEA3C50>
           │            └ [(<AddressFamily.AF_INET6: 23>, <SocketKind.SOCK_STREAM: 1>, 6, '', ('::1', 443, 0, 0)), (<AddressFamily.AF_INET: 2>, <Socket...
           └ <function _open_socket at 0x00000295FBBFD7A0>
  File "C:\Users\pecas\AppData\Local\Python\pythoncore-3.14-64\Lib\site-packages\websocket\_http.py", line 233, in _open_socket
    raise err
          └ ConnectionRefusedError(10061, 'Nenhuma conexão pôde ser feita porque a máquina de destino as recusou ativamente', None, 10061...
  File "C:\Users\pecas\AppData\Local\Python\pythoncore-3.14-64\Lib\site-packages\websocket\_http.py", line 210, in _open_socket
    sock.connect(address)
    │    │       └ ('127.0.0.1', 443)
    │    └ <method 'connect' of '_socket.socket' objects>
    └ <socket.socket [closed] fd=-1, family=2, type=1, proto=6>

ConnectionRefusedError: [WinError 10061] Nenhuma conexão pôde ser feita porque a máquina de destino as recusou ativamente
2026-08-02 20:59:22.731 | INFO     | app.infrastructure.websocket.client:_run:105 - Reconnecting in 30.0s
2026-08-02 20:59:32.348 | ERROR    | app.infrastructure.websocket.client:_run:98 - WebSocket connection error: [WinError 10061] Nenhuma conexão pôde ser feita porque a máquina de destino as recusou ativamente
Traceback (most recent call last):

  File "C:\Users\pecas\AppData\Local\Python\pythoncore-3.14-64\Lib\threading.py", line 1044, in _bootstrap
    self._bootstrap_inner()
    │    └ <function Thread._bootstrap_inner at 0x000002BE90F0EB90>
    └ <Thread(ws-client, started 17808)>
  File "C:\Users\pecas\AppData\Local\Python\pythoncore-3.14-64\Lib\threading.py", line 1082, in _bootstrap_inner
    self._context.run(self.run)
    │    │        │   │    └ <function Thread.run at 0x000002BE90F0E820>
    │    │        │   └ <Thread(ws-client, started 17808)>
    │    │        └ <method 'run' of '_contextvars.Context' objects>
    │    └ <_contextvars.Context object at 0x000002BE943EAD80>
    └ <Thread(ws-client, started 17808)>
  File "C:\Users\pecas\AppData\Local\Python\pythoncore-3.14-64\Lib\threading.py", line 1024, in run
    self._target(*self._args, **self._kwargs)
    │    │        │    │        │    └ {}
    │    │        │    │        └ <Thread(ws-client, started 17808)>
    │    │        │    └ ()
    │    │        └ <Thread(ws-client, started 17808)>
    │    └ <bound method WebSocketClient._run of <app.infrastructure.websocket.client.WebSocketClient object at 0x000002BE943D57F0>>
    └ <Thread(ws-client, started 17808)>

> File "C:\Users\pecas\OneDrive\Área de Trabalho\print gsn\app\infrastructure\websocket\client.py", line 96, in _run
    self._connect_and_serve()
    │    └ <function WebSocketClient._connect_and_serve at 0x000002BE94413060>
    └ <app.infrastructure.websocket.client.WebSocketClient object at 0x000002BE943D57F0>

  File "C:\Users\pecas\OneDrive\Área de Trabalho\print gsn\app\infrastructure\websocket\client.py", line 110, in _connect_and_serve
    ws = websocket.create_connection(
         │         └ <function create_connection at 0x000002BE943E1850>
         └ <module 'websocket' from 'C:\\Users\\pecas\\AppData\\Local\\Python\\pythoncore-3.14-64\\Lib\\site-packages\\websocket\\__init...

  File "C:\Users\pecas\AppData\Local\Python\pythoncore-3.14-64\Lib\site-packages\websocket\_core.py", line 664, in create_connection
    websock.connect(url, **options)
    │       │       │      └ {}
    │       │       └ 'wss://localhost'
    │       └ <function WebSocket.connect at 0x000002BE943E0300>
    └ <websocket._core.WebSocket object at 0x000002BE96668870>
  File "C:\Users\pecas\AppData\Local\Python\pythoncore-3.14-64\Lib\site-packages\websocket\_core.py", line 263, in connect
    self.sock, addrs = connect(
    │    │             └ <function connect at 0x000002BE943CD6F0>
    │    └ None
    └ <websocket._core.WebSocket object at 0x000002BE96668870>
  File "C:\Users\pecas\AppData\Local\Python\pythoncore-3.14-64\Lib\site-packages\websocket\_http.py", line 146, in connect
    sock = _open_socket(addrinfo_list, options.sockopt, options.timeout)
           │            │              │       │        │       └ 5
           │            │              │       │        └ <websocket._socket.sock_opt object at 0x000002BE94536C90>
           │            │              │       └ []
           │            │              └ <websocket._socket.sock_opt object at 0x000002BE94536C90>
           │            └ [(<AddressFamily.AF_INET6: 23>, <SocketKind.SOCK_STREAM: 1>, 6, '', ('::1', 443, 0, 0)), (<AddressFamily.AF_INET: 2>, <Socket...
           └ <function _open_socket at 0x000002BE943CD900>
  File "C:\Users\pecas\AppData\Local\Python\pythoncore-3.14-64\Lib\site-packages\websocket\_http.py", line 233, in _open_socket
    raise err
          └ ConnectionRefusedError(10061, 'Nenhuma conexão pôde ser feita porque a máquina de destino as recusou ativamente', None, 10061...
  File "C:\Users\pecas\AppData\Local\Python\pythoncore-3.14-64\Lib\site-packages\websocket\_http.py", line 210, in _open_socket
    sock.connect(address)
    │    │       └ ('127.0.0.1', 443)
    │    └ <method 'connect' of '_socket.socket' objects>
    └ <socket.socket [closed] fd=-1, family=2, type=1, proto=6>

ConnectionRefusedError: [WinError 10061] Nenhuma conexão pôde ser feita porque a máquina de destino as recusou ativamente
2026-08-02 20:59:32.350 | INFO     | app.infrastructure.websocket.client:_run:105 - Reconnecting in 30.0s
2026-08-02 20:59:56.798 | ERROR    | app.infrastructure.websocket.client:_run:98 - WebSocket connection error: [WinError 10061] Nenhuma conexão pôde ser feita porque a máquina de destino as recusou ativamente
Traceback (most recent call last):

  File "C:\Users\pecas\AppData\Local\Python\pythoncore-3.14-64\Lib\threading.py", line 1044, in _bootstrap
    self._bootstrap_inner()
    │    └ <function Thread._bootstrap_inner at 0x00000295F872EB90>
    └ <Thread(ws-client, started 8464)>
  File "C:\Users\pecas\AppData\Local\Python\pythoncore-3.14-64\Lib\threading.py", line 1082, in _bootstrap_inner
    self._context.run(self.run)
    │    │        │   │    └ <function Thread.run at 0x00000295F872E820>
    │    │        │   └ <Thread(ws-client, started 8464)>
    │    │        └ <method 'run' of '_contextvars.Context' objects>
    │    └ <_contextvars.Context object at 0x00000295FBC6FDC0>
    └ <Thread(ws-client, started 8464)>
  File "C:\Users\pecas\AppData\Local\Python\pythoncore-3.14-64\Lib\threading.py", line 1024, in run
    self._target(*self._args, **self._kwargs)
    │    │        │    │        │    └ {}
    │    │        │    │        └ <Thread(ws-client, started 8464)>
    │    │        │    └ ()
    │    │        └ <Thread(ws-client, started 8464)>
    │    └ <bound method WebSocketClient._run of <app.infrastructure.websocket.client.WebSocketClient object at 0x00000295FBC196A0>>
    └ <Thread(ws-client, started 8464)>

> File "C:\Users\pecas\OneDrive\Área de Trabalho\print gsn\app\infrastructure\websocket\client.py", line 96, in _run
    self._connect_and_serve()
    │    └ <function WebSocketClient._connect_and_serve at 0x00000295FBC26B90>
    └ <app.infrastructure.websocket.client.WebSocketClient object at 0x00000295FBC196A0>

  File "C:\Users\pecas\OneDrive\Área de Trabalho\print gsn\app\infrastructure\websocket\client.py", line 110, in _connect_and_serve
    ws = websocket.create_connection(
         │         └ <function create_connection at 0x00000295FBC096F0>
         └ <module 'websocket' from 'C:\\Users\\pecas\\AppData\\Local\\Python\\pythoncore-3.14-64\\Lib\\site-packages\\websocket\\__init...

  File "C:\Users\pecas\AppData\Local\Python\pythoncore-3.14-64\Lib\site-packages\websocket\_core.py", line 664, in create_connection
    websock.connect(url, **options)
    │       │       │      └ {}
    │       │       └ 'wss://localhost'
    │       └ <function WebSocket.connect at 0x00000295FBC081A0>
    └ <websocket._core.WebSocket object at 0x00000295FBCE2670>
  File "C:\Users\pecas\AppData\Local\Python\pythoncore-3.14-64\Lib\site-packages\websocket\_core.py", line 263, in connect
    self.sock, addrs = connect(
    │    │             └ <function connect at 0x00000295FBBFD590>
    │    └ None
    └ <websocket._core.WebSocket object at 0x00000295FBCE2670>
  File "C:\Users\pecas\AppData\Local\Python\pythoncore-3.14-64\Lib\site-packages\websocket\_http.py", line 146, in connect
    sock = _open_socket(addrinfo_list, options.sockopt, options.timeout)
           │            │              │       │        │       └ 5
           │            │              │       │        └ <websocket._socket.sock_opt object at 0x00000295FBD1FEE0>
           │            │              │       └ []
           │            │              └ <websocket._socket.sock_opt object at 0x00000295FBD1FEE0>
           │            └ [(<AddressFamily.AF_INET6: 23>, <SocketKind.SOCK_STREAM: 1>, 6, '', ('::1', 443, 0, 0)), (<AddressFamily.AF_INET: 2>, <Socket...
           └ <function _open_socket at 0x00000295FBBFD7A0>
  File "C:\Users\pecas\AppData\Local\Python\pythoncore-3.14-64\Lib\site-packages\websocket\_http.py", line 233, in _open_socket
    raise err
          └ ConnectionRefusedError(10061, 'Nenhuma conexão pôde ser feita porque a máquina de destino as recusou ativamente', None, 10061...
  File "C:\Users\pecas\AppData\Local\Python\pythoncore-3.14-64\Lib\site-packages\websocket\_http.py", line 210, in _open_socket
    sock.connect(address)
    │    │       └ ('127.0.0.1', 443)
    │    └ <method 'connect' of '_socket.socket' objects>
    └ <socket.socket [closed] fd=-1, family=2, type=1, proto=6>

ConnectionRefusedError: [WinError 10061] Nenhuma conexão pôde ser feita porque a máquina de destino as recusou ativamente
2026-08-02 20:59:56.800 | INFO     | app.infrastructure.websocket.client:_run:105 - Reconnecting in 30.0s
2026-08-02 21:00:06.402 | ERROR    | app.infrastructure.websocket.client:_run:98 - WebSocket connection error: [WinError 10061] Nenhuma conexão pôde ser feita porque a máquina de destino as recusou ativamente
Traceback (most recent call last):

  File "C:\Users\pecas\AppData\Local\Python\pythoncore-3.14-64\Lib\threading.py", line 1044, in _bootstrap
    self._bootstrap_inner()
    │    └ <function Thread._bootstrap_inner at 0x000002BE90F0EB90>
    └ <Thread(ws-client, started 17808)>
  File "C:\Users\pecas\AppData\Local\Python\pythoncore-3.14-64\Lib\threading.py", line 1082, in _bootstrap_inner
    self._context.run(self.run)
    │    │        │   │    └ <function Thread.run at 0x000002BE90F0E820>
    │    │        │   └ <Thread(ws-client, started 17808)>
    │    │        └ <method 'run' of '_contextvars.Context' objects>
    │    └ <_contextvars.Context object at 0x000002BE943EAD80>
    └ <Thread(ws-client, started 17808)>
  File "C:\Users\pecas\AppData\Local\Python\pythoncore-3.14-64\Lib\threading.py", line 1024, in run
    self._target(*self._args, **self._kwargs)
    │    │        │    │        │    └ {}
    │    │        │    │        └ <Thread(ws-client, started 17808)>
    │    │        │    └ ()
    │    │        └ <Thread(ws-client, started 17808)>
    │    └ <bound method WebSocketClient._run of <app.infrastructure.websocket.client.WebSocketClient object at 0x000002BE943D57F0>>
    └ <Thread(ws-client, started 17808)>

> File "C:\Users\pecas\OneDrive\Área de Trabalho\print gsn\app\infrastructure\websocket\client.py", line 96, in _run
    self._connect_and_serve()
    │    └ <function WebSocketClient._connect_and_serve at 0x000002BE94413060>
    └ <app.infrastructure.websocket.client.WebSocketClient object at 0x000002BE943D57F0>

  File "C:\Users\pecas\OneDrive\Área de Trabalho\print gsn\app\infrastructure\websocket\client.py", line 110, in _connect_and_serve
    ws = websocket.create_connection(
         │         └ <function create_connection at 0x000002BE943E1850>
         └ <module 'websocket' from 'C:\\Users\\pecas\\AppData\\Local\\Python\\pythoncore-3.14-64\\Lib\\site-packages\\websocket\\__init...

  File "C:\Users\pecas\AppData\Local\Python\pythoncore-3.14-64\Lib\site-packages\websocket\_core.py", line 664, in create_connection
    websock.connect(url, **options)
    │       │       │      └ {}
    │       │       └ 'wss://localhost'
    │       └ <function WebSocket.connect at 0x000002BE943E0300>
    └ <websocket._core.WebSocket object at 0x000002BE966687D0>
  File "C:\Users\pecas\AppData\Local\Python\pythoncore-3.14-64\Lib\site-packages\websocket\_core.py", line 263, in connect
    self.sock, addrs = connect(
    │    │             └ <function connect at 0x000002BE943CD6F0>
    │    └ None
    └ <websocket._core.WebSocket object at 0x000002BE966687D0>
  File "C:\Users\pecas\AppData\Local\Python\pythoncore-3.14-64\Lib\site-packages\websocket\_http.py", line 146, in connect
    sock = _open_socket(addrinfo_list, options.sockopt, options.timeout)
           │            │              │       │        │       └ 5
           │            │              │       │        └ <websocket._socket.sock_opt object at 0x000002BE94536E10>
           │            │              │       └ []
           │            │              └ <websocket._socket.sock_opt object at 0x000002BE94536E10>
           │            └ [(<AddressFamily.AF_INET6: 23>, <SocketKind.SOCK_STREAM: 1>, 6, '', ('::1', 443, 0, 0)), (<AddressFamily.AF_INET: 2>, <Socket...
           └ <function _open_socket at 0x000002BE943CD900>
  File "C:\Users\pecas\AppData\Local\Python\pythoncore-3.14-64\Lib\site-packages\websocket\_http.py", line 233, in _open_socket
    raise err
          └ ConnectionRefusedError(10061, 'Nenhuma conexão pôde ser feita porque a máquina de destino as recusou ativamente', None, 10061...
  File "C:\Users\pecas\AppData\Local\Python\pythoncore-3.14-64\Lib\site-packages\websocket\_http.py", line 210, in _open_socket
    sock.connect(address)
    │    │       └ ('127.0.0.1', 443)
    │    └ <method 'connect' of '_socket.socket' objects>
    └ <socket.socket [closed] fd=-1, family=2, type=1, proto=6>

ConnectionRefusedError: [WinError 10061] Nenhuma conexão pôde ser feita porque a máquina de destino as recusou ativamente
2026-08-02 21:00:06.404 | INFO     | app.infrastructure.websocket.client:_run:105 - Reconnecting in 30.0s
2026-08-02 21:00:30.863 | ERROR    | app.infrastructure.websocket.client:_run:98 - WebSocket connection error: [WinError 10061] Nenhuma conexão pôde ser feita porque a máquina de destino as recusou ativamente
Traceback (most recent call last):

  File "C:\Users\pecas\AppData\Local\Python\pythoncore-3.14-64\Lib\threading.py", line 1044, in _bootstrap
    self._bootstrap_inner()
    │    └ <function Thread._bootstrap_inner at 0x00000295F872EB90>
    └ <Thread(ws-client, started 8464)>
  File "C:\Users\pecas\AppData\Local\Python\pythoncore-3.14-64\Lib\threading.py", line 1082, in _bootstrap_inner
    self._context.run(self.run)
    │    │        │   │    └ <function Thread.run at 0x00000295F872E820>
    │    │        │   └ <Thread(ws-client, started 8464)>
    │    │        └ <method 'run' of '_contextvars.Context' objects>
    │    └ <_contextvars.Context object at 0x00000295FBC6FDC0>
    └ <Thread(ws-client, started 8464)>
  File "C:\Users\pecas\AppData\Local\Python\pythoncore-3.14-64\Lib\threading.py", line 1024, in run
    self._target(*self._args, **self._kwargs)
    │    │        │    │        │    └ {}
    │    │        │    │        └ <Thread(ws-client, started 8464)>
    │    │        │    └ ()
    │    │        └ <Thread(ws-client, started 8464)>
    │    └ <bound method WebSocketClient._run of <app.infrastructure.websocket.client.WebSocketClient object at 0x00000295FBC196A0>>
    └ <Thread(ws-client, started 8464)>

> File "C:\Users\pecas\OneDrive\Área de Trabalho\print gsn\app\infrastructure\websocket\client.py", line 96, in _run
    self._connect_and_serve()
    │    └ <function WebSocketClient._connect_and_serve at 0x00000295FBC26B90>
    └ <app.infrastructure.websocket.client.WebSocketClient object at 0x00000295FBC196A0>

  File "C:\Users\pecas\OneDrive\Área de Trabalho\print gsn\app\infrastructure\websocket\client.py", line 110, in _connect_and_serve
    ws = websocket.create_connection(
         │         └ <function create_connection at 0x00000295FBC096F0>
         └ <module 'websocket' from 'C:\\Users\\pecas\\AppData\\Local\\Python\\pythoncore-3.14-64\\Lib\\site-packages\\websocket\\__init...

  File "C:\Users\pecas\AppData\Local\Python\pythoncore-3.14-64\Lib\site-packages\websocket\_core.py", line 664, in create_connection
    websock.connect(url, **options)
    │       │       │      └ {}
    │       │       └ 'wss://localhost'
    │       └ <function WebSocket.connect at 0x00000295FBC081A0>
    └ <websocket._core.WebSocket object at 0x00000295FBCE2850>
  File "C:\Users\pecas\AppData\Local\Python\pythoncore-3.14-64\Lib\site-packages\websocket\_core.py", line 263, in connect
    self.sock, addrs = connect(
    │    │             └ <function connect at 0x00000295FBBFD590>
    │    └ None
    └ <websocket._core.WebSocket object at 0x00000295FBCE2850>
  File "C:\Users\pecas\AppData\Local\Python\pythoncore-3.14-64\Lib\site-packages\websocket\_http.py", line 146, in connect
    sock = _open_socket(addrinfo_list, options.sockopt, options.timeout)
           │            │              │       │        │       └ 5
           │            │              │       │        └ <websocket._socket.sock_opt object at 0x00000295FBD1FE00>
           │            │              │       └ []
           │            │              └ <websocket._socket.sock_opt object at 0x00000295FBD1FE00>
           │            └ [(<AddressFamily.AF_INET6: 23>, <SocketKind.SOCK_STREAM: 1>, 6, '', ('::1', 443, 0, 0)), (<AddressFamily.AF_INET: 2>, <Socket...
           └ <function _open_socket at 0x00000295FBBFD7A0>
  File "C:\Users\pecas\AppData\Local\Python\pythoncore-3.14-64\Lib\site-packages\websocket\_http.py", line 233, in _open_socket
    raise err
          └ ConnectionRefusedError(10061, 'Nenhuma conexão pôde ser feita porque a máquina de destino as recusou ativamente', None, 10061...
  File "C:\Users\pecas\AppData\Local\Python\pythoncore-3.14-64\Lib\site-packages\websocket\_http.py", line 210, in _open_socket
    sock.connect(address)
    │    │       └ ('127.0.0.1', 443)
    │    └ <method 'connect' of '_socket.socket' objects>
    └ <socket.socket [closed] fd=-1, family=2, type=1, proto=6>

ConnectionRefusedError: [WinError 10061] Nenhuma conexão pôde ser feita porque a máquina de destino as recusou ativamente
2026-08-02 21:00:30.866 | INFO     | app.infrastructure.websocket.client:_run:105 - Reconnecting in 30.0s
2026-08-02 21:00:40.461 | ERROR    | app.infrastructure.websocket.client:_run:98 - WebSocket connection error: [WinError 10061] Nenhuma conexão pôde ser feita porque a máquina de destino as recusou ativamente
Traceback (most recent call last):

  File "C:\Users\pecas\AppData\Local\Python\pythoncore-3.14-64\Lib\threading.py", line 1044, in _bootstrap
    self._bootstrap_inner()
    │    └ <function Thread._bootstrap_inner at 0x000002BE90F0EB90>
    └ <Thread(ws-client, started 17808)>
  File "C:\Users\pecas\AppData\Local\Python\pythoncore-3.14-64\Lib\threading.py", line 1082, in _bootstrap_inner
    self._context.run(self.run)
    │    │        │   │    └ <function Thread.run at 0x000002BE90F0E820>
    │    │        │   └ <Thread(ws-client, started 17808)>
    │    │        └ <method 'run' of '_contextvars.Context' objects>
    │    └ <_contextvars.Context object at 0x000002BE943EAD80>
    └ <Thread(ws-client, started 17808)>
  File "C:\Users\pecas\AppData\Local\Python\pythoncore-3.14-64\Lib\threading.py", line 1024, in run
    self._target(*self._args, **self._kwargs)
    │    │        │    │        │    └ {}
    │    │        │    │        └ <Thread(ws-client, started 17808)>
    │    │        │    └ ()
    │    │        └ <Thread(ws-client, started 17808)>
    │    └ <bound method WebSocketClient._run of <app.infrastructure.websocket.client.WebSocketClient object at 0x000002BE943D57F0>>
    └ <Thread(ws-client, started 17808)>

> File "C:\Users\pecas\OneDrive\Área de Trabalho\print gsn\app\infrastructure\websocket\client.py", line 96, in _run
    self._connect_and_serve()
    │    └ <function WebSocketClient._connect_and_serve at 0x000002BE94413060>
    └ <app.infrastructure.websocket.client.WebSocketClient object at 0x000002BE943D57F0>

  File "C:\Users\pecas\OneDrive\Área de Trabalho\print gsn\app\infrastructure\websocket\client.py", line 110, in _connect_and_serve
    ws = websocket.create_connection(
         │         └ <function create_connection at 0x000002BE943E1850>
         └ <module 'websocket' from 'C:\\Users\\pecas\\AppData\\Local\\Python\\pythoncore-3.14-64\\Lib\\site-packages\\websocket\\__init...

  File "C:\Users\pecas\AppData\Local\Python\pythoncore-3.14-64\Lib\site-packages\websocket\_core.py", line 664, in create_connection
    websock.connect(url, **options)
    │       │       │      └ {}
    │       │       └ 'wss://localhost'
    │       └ <function WebSocket.connect at 0x000002BE943E0300>
    └ <websocket._core.WebSocket object at 0x000002BE966689B0>
  File "C:\Users\pecas\AppData\Local\Python\pythoncore-3.14-64\Lib\site-packages\websocket\_core.py", line 263, in connect
    self.sock, addrs = connect(
    │    │             └ <function connect at 0x000002BE943CD6F0>
    │    └ None
    └ <websocket._core.WebSocket object at 0x000002BE966689B0>
  File "C:\Users\pecas\AppData\Local\Python\pythoncore-3.14-64\Lib\site-packages\websocket\_http.py", line 146, in connect
    sock = _open_socket(addrinfo_list, options.sockopt, options.timeout)
           │            │              │       │        │       └ 5
           │            │              │       │        └ <websocket._socket.sock_opt object at 0x000002BE94536F90>
           │            │              │       └ []
           │            │              └ <websocket._socket.sock_opt object at 0x000002BE94536F90>
           │            └ [(<AddressFamily.AF_INET6: 23>, <SocketKind.SOCK_STREAM: 1>, 6, '', ('::1', 443, 0, 0)), (<AddressFamily.AF_INET: 2>, <Socket...
           └ <function _open_socket at 0x000002BE943CD900>
  File "C:\Users\pecas\AppData\Local\Python\pythoncore-3.14-64\Lib\site-packages\websocket\_http.py", line 233, in _open_socket
    raise err
          └ ConnectionRefusedError(10061, 'Nenhuma conexão pôde ser feita porque a máquina de destino as recusou ativamente', None, 10061...
  File "C:\Users\pecas\AppData\Local\Python\pythoncore-3.14-64\Lib\site-packages\websocket\_http.py", line 210, in _open_socket
    sock.connect(address)
    │    │       └ ('127.0.0.1', 443)
    │    └ <method 'connect' of '_socket.socket' objects>
    └ <socket.socket [closed] fd=-1, family=2, type=1, proto=6>

ConnectionRefusedError: [WinError 10061] Nenhuma conexão pôde ser feita porque a máquina de destino as recusou ativamente
2026-08-02 21:00:40.464 | INFO     | app.infrastructure.websocket.client:_run:105 - Reconnecting in 30.0s
2026-08-02 21:01:04.955 | ERROR    | app.infrastructure.websocket.client:_run:98 - WebSocket connection error: [WinError 10061] Nenhuma conexão pôde ser feita porque a máquina de destino as recusou ativamente
Traceback (most recent call last):

  File "C:\Users\pecas\AppData\Local\Python\pythoncore-3.14-64\Lib\threading.py", line 1044, in _bootstrap
    self._bootstrap_inner()
    │    └ <function Thread._bootstrap_inner at 0x00000295F872EB90>
    └ <Thread(ws-client, started 8464)>
  File "C:\Users\pecas\AppData\Local\Python\pythoncore-3.14-64\Lib\threading.py", line 1082, in _bootstrap_inner
    self._context.run(self.run)
    │    │        │   │    └ <function Thread.run at 0x00000295F872E820>
    │    │        │   └ <Thread(ws-client, started 8464)>
    │    │        └ <method 'run' of '_contextvars.Context' objects>
    │    └ <_contextvars.Context object at 0x00000295FBC6FDC0>
    └ <Thread(ws-client, started 8464)>
  File "C:\Users\pecas\AppData\Local\Python\pythoncore-3.14-64\Lib\threading.py", line 1024, in run
    self._target(*self._args, **self._kwargs)
    │    │        │    │        │    └ {}
    │    │        │    │        └ <Thread(ws-client, started 8464)>
    │    │        │    └ ()
    │    │        └ <Thread(ws-client, started 8464)>
    │    └ <bound method WebSocketClient._run of <app.infrastructure.websocket.client.WebSocketClient object at 0x00000295FBC196A0>>
    └ <Thread(ws-client, started 8464)>

> File "C:\Users\pecas\OneDrive\Área de Trabalho\print gsn\app\infrastructure\websocket\client.py", line 96, in _run
    self._connect_and_serve()
    │    └ <function WebSocketClient._connect_and_serve at 0x00000295FBC26B90>
    └ <app.infrastructure.websocket.client.WebSocketClient object at 0x00000295FBC196A0>

  File "C:\Users\pecas\OneDrive\Área de Trabalho\print gsn\app\infrastructure\websocket\client.py", line 110, in _connect_and_serve
    ws = websocket.create_connection(
         │         └ <function create_connection at 0x00000295FBC096F0>
         └ <module 'websocket' from 'C:\\Users\\pecas\\AppData\\Local\\Python\\pythoncore-3.14-64\\Lib\\site-packages\\websocket\\__init...

  File "C:\Users\pecas\AppData\Local\Python\pythoncore-3.14-64\Lib\site-packages\websocket\_core.py", line 664, in create_connection
    websock.connect(url, **options)
    │       │       │      └ {}
    │       │       └ 'wss://localhost'
    │       └ <function WebSocket.connect at 0x00000295FBC081A0>
    └ <websocket._core.WebSocket object at 0x00000295FBCE27B0>
  File "C:\Users\pecas\AppData\Local\Python\pythoncore-3.14-64\Lib\site-packages\websocket\_core.py", line 263, in connect
    self.sock, addrs = connect(
    │    │             └ <function connect at 0x00000295FBBFD590>
    │    └ None
    └ <websocket._core.WebSocket object at 0x00000295FBCE27B0>
  File "C:\Users\pecas\AppData\Local\Python\pythoncore-3.14-64\Lib\site-packages\websocket\_http.py", line 146, in connect
    sock = _open_socket(addrinfo_list, options.sockopt, options.timeout)
           │            │              │       │        │       └ 5
           │            │              │       │        └ <websocket._socket.sock_opt object at 0x00000295FBD31910>
           │            │              │       └ []
           │            │              └ <websocket._socket.sock_opt object at 0x00000295FBD31910>
           │            └ [(<AddressFamily.AF_INET6: 23>, <SocketKind.SOCK_STREAM: 1>, 6, '', ('::1', 443, 0, 0)), (<AddressFamily.AF_INET: 2>, <Socket...
           └ <function _open_socket at 0x00000295FBBFD7A0>
  File "C:\Users\pecas\AppData\Local\Python\pythoncore-3.14-64\Lib\site-packages\websocket\_http.py", line 233, in _open_socket
    raise err
          └ ConnectionRefusedError(10061, 'Nenhuma conexão pôde ser feita porque a máquina de destino as recusou ativamente', None, 10061...
  File "C:\Users\pecas\AppData\Local\Python\pythoncore-3.14-64\Lib\site-packages\websocket\_http.py", line 210, in _open_socket
    sock.connect(address)
    │    │       └ ('127.0.0.1', 443)
    │    └ <method 'connect' of '_socket.socket' objects>
    └ <socket.socket [closed] fd=-1, family=2, type=1, proto=6>

ConnectionRefusedError: [WinError 10061] Nenhuma conexão pôde ser feita porque a máquina de destino as recusou ativamente
2026-08-02 21:01:04.957 | INFO     | app.infrastructure.websocket.client:_run:105 - Reconnecting in 30.0s
2026-08-02 21:01:14.528 | ERROR    | app.infrastructure.websocket.client:_run:98 - WebSocket connection error: [WinError 10061] Nenhuma conexão pôde ser feita porque a máquina de destino as recusou ativamente
Traceback (most recent call last):

  File "C:\Users\pecas\AppData\Local\Python\pythoncore-3.14-64\Lib\threading.py", line 1044, in _bootstrap
    self._bootstrap_inner()
    │    └ <function Thread._bootstrap_inner at 0x000002BE90F0EB90>
    └ <Thread(ws-client, started 17808)>
  File "C:\Users\pecas\AppData\Local\Python\pythoncore-3.14-64\Lib\threading.py", line 1082, in _bootstrap_inner
    self._context.run(self.run)
    │    │        │   │    └ <function Thread.run at 0x000002BE90F0E820>
    │    │        │   └ <Thread(ws-client, started 17808)>
    │    │        └ <method 'run' of '_contextvars.Context' objects>
    │    └ <_contextvars.Context object at 0x000002BE943EAD80>
    └ <Thread(ws-client, started 17808)>
  File "C:\Users\pecas\AppData\Local\Python\pythoncore-3.14-64\Lib\threading.py", line 1024, in run
    self._target(*self._args, **self._kwargs)
    │    │        │    │        │    └ {}
    │    │        │    │        └ <Thread(ws-client, started 17808)>
    │    │        │    └ ()
    │    │        └ <Thread(ws-client, started 17808)>
    │    └ <bound method WebSocketClient._run of <app.infrastructure.websocket.client.WebSocketClient object at 0x000002BE943D57F0>>
    └ <Thread(ws-client, started 17808)>

> File "C:\Users\pecas\OneDrive\Área de Trabalho\print gsn\app\infrastructure\websocket\client.py", line 96, in _run
    self._connect_and_serve()
    │    └ <function WebSocketClient._connect_and_serve at 0x000002BE94413060>
    └ <app.infrastructure.websocket.client.WebSocketClient object at 0x000002BE943D57F0>

  File "C:\Users\pecas\OneDrive\Área de Trabalho\print gsn\app\infrastructure\websocket\client.py", line 110, in _connect_and_serve
    ws = websocket.create_connection(
         │         └ <function create_connection at 0x000002BE943E1850>
         └ <module 'websocket' from 'C:\\Users\\pecas\\AppData\\Local\\Python\\pythoncore-3.14-64\\Lib\\site-packages\\websocket\\__init...

  File "C:\Users\pecas\AppData\Local\Python\pythoncore-3.14-64\Lib\site-packages\websocket\_core.py", line 664, in create_connection
    websock.connect(url, **options)
    │       │       │      └ {}
    │       │       └ 'wss://localhost'
    │       └ <function WebSocket.connect at 0x000002BE943E0300>
    └ <websocket._core.WebSocket object at 0x000002BE96668910>
  File "C:\Users\pecas\AppData\Local\Python\pythoncore-3.14-64\Lib\site-packages\websocket\_core.py", line 263, in connect
    self.sock, addrs = connect(
    │    │             └ <function connect at 0x000002BE943CD6F0>
    │    └ None
    └ <websocket._core.WebSocket object at 0x000002BE96668910>
  File "C:\Users\pecas\AppData\Local\Python\pythoncore-3.14-64\Lib\site-packages\websocket\_http.py", line 146, in connect
    sock = _open_socket(addrinfo_list, options.sockopt, options.timeout)
           │            │              │       │        │       └ 5
           │            │              │       │        └ <websocket._socket.sock_opt object at 0x000002BE94537110>
           │            │              │       └ []
           │            │              └ <websocket._socket.sock_opt object at 0x000002BE94537110>
           │            └ [(<AddressFamily.AF_INET6: 23>, <SocketKind.SOCK_STREAM: 1>, 6, '', ('::1', 443, 0, 0)), (<AddressFamily.AF_INET: 2>, <Socket...
           └ <function _open_socket at 0x000002BE943CD900>
  File "C:\Users\pecas\AppData\Local\Python\pythoncore-3.14-64\Lib\site-packages\websocket\_http.py", line 233, in _open_socket
    raise err
          └ ConnectionRefusedError(10061, 'Nenhuma conexão pôde ser feita porque a máquina de destino as recusou ativamente', None, 10061...
  File "C:\Users\pecas\AppData\Local\Python\pythoncore-3.14-64\Lib\site-packages\websocket\_http.py", line 210, in _open_socket
    sock.connect(address)
    │    │       └ ('127.0.0.1', 443)
    │    └ <method 'connect' of '_socket.socket' objects>
    └ <socket.socket [closed] fd=-1, family=2, type=1, proto=6>

ConnectionRefusedError: [WinError 10061] Nenhuma conexão pôde ser feita porque a máquina de destino as recusou ativamente
2026-08-02 21:01:14.531 | INFO     | app.infrastructure.websocket.client:_run:105 - Reconnecting in 30.0s
2026-08-02 21:01:39.020 | ERROR    | app.infrastructure.websocket.client:_run:98 - WebSocket connection error: [WinError 10061] Nenhuma conexão pôde ser feita porque a máquina de destino as recusou ativamente
Traceback (most recent call last):

  File "C:\Users\pecas\AppData\Local\Python\pythoncore-3.14-64\Lib\threading.py", line 1044, in _bootstrap
    self._bootstrap_inner()
    │    └ <function Thread._bootstrap_inner at 0x00000295F872EB90>
    └ <Thread(ws-client, started 8464)>
  File "C:\Users\pecas\AppData\Local\Python\pythoncore-3.14-64\Lib\threading.py", line 1082, in _bootstrap_inner
    self._context.run(self.run)
    │    │        │   │    └ <function Thread.run at 0x00000295F872E820>
    │    │        │   └ <Thread(ws-client, started 8464)>
    │    │        └ <method 'run' of '_contextvars.Context' objects>
    │    └ <_contextvars.Context object at 0x00000295FBC6FDC0>
    └ <Thread(ws-client, started 8464)>
  File "C:\Users\pecas\AppData\Local\Python\pythoncore-3.14-64\Lib\threading.py", line 1024, in run
    self._target(*self._args, **self._kwargs)
    │    │        │    │        │    └ {}
    │    │        │    │        └ <Thread(ws-client, started 8464)>
    │    │        │    └ ()
    │    │        └ <Thread(ws-client, started 8464)>
    │    └ <bound method WebSocketClient._run of <app.infrastructure.websocket.client.WebSocketClient object at 0x00000295FBC196A0>>
    └ <Thread(ws-client, started 8464)>

> File "C:\Users\pecas\OneDrive\Área de Trabalho\print gsn\app\infrastructure\websocket\client.py", line 96, in _run
    self._connect_and_serve()
    │    └ <function WebSocketClient._connect_and_serve at 0x00000295FBC26B90>
    └ <app.infrastructure.websocket.client.WebSocketClient object at 0x00000295FBC196A0>

  File "C:\Users\pecas\OneDrive\Área de Trabalho\print gsn\app\infrastructure\websocket\client.py", line 110, in _connect_and_serve
    ws = websocket.create_connection(
         │         └ <function create_connection at 0x00000295FBC096F0>
         └ <module 'websocket' from 'C:\\Users\\pecas\\AppData\\Local\\Python\\pythoncore-3.14-64\\Lib\\site-packages\\websocket\\__init...

  File "C:\Users\pecas\AppData\Local\Python\pythoncore-3.14-64\Lib\site-packages\websocket\_core.py", line 664, in create_connection
    websock.connect(url, **options)
    │       │       │      └ {}
    │       │       └ 'wss://localhost'
    │       └ <function WebSocket.connect at 0x00000295FBC081A0>
    └ <websocket._core.WebSocket object at 0x00000295FBCE2990>
  File "C:\Users\pecas\AppData\Local\Python\pythoncore-3.14-64\Lib\site-packages\websocket\_core.py", line 263, in connect
    self.sock, addrs = connect(
    │    │             └ <function connect at 0x00000295FBBFD590>
    │    └ None
    └ <websocket._core.WebSocket object at 0x00000295FBCE2990>
  File "C:\Users\pecas\AppData\Local\Python\pythoncore-3.14-64\Lib\site-packages\websocket\_http.py", line 146, in connect
    sock = _open_socket(addrinfo_list, options.sockopt, options.timeout)
           │            │              │       │        │       └ 5
           │            │              │       │        └ <websocket._socket.sock_opt object at 0x00000295FBD319D0>
           │            │              │       └ []
           │            │              └ <websocket._socket.sock_opt object at 0x00000295FBD319D0>
           │            └ [(<AddressFamily.AF_INET6: 23>, <SocketKind.SOCK_STREAM: 1>, 6, '', ('::1', 443, 0, 0)), (<AddressFamily.AF_INET: 2>, <Socket...
           └ <function _open_socket at 0x00000295FBBFD7A0>
  File "C:\Users\pecas\AppData\Local\Python\pythoncore-3.14-64\Lib\site-packages\websocket\_http.py", line 233, in _open_socket
    raise err
          └ ConnectionRefusedError(10061, 'Nenhuma conexão pôde ser feita porque a máquina de destino as recusou ativamente', None, 10061...
  File "C:\Users\pecas\AppData\Local\Python\pythoncore-3.14-64\Lib\site-packages\websocket\_http.py", line 210, in _open_socket
    sock.connect(address)
    │    │       └ ('127.0.0.1', 443)
    │    └ <method 'connect' of '_socket.socket' objects>
    └ <socket.socket [closed] fd=-1, family=2, type=1, proto=6>

ConnectionRefusedError: [WinError 10061] Nenhuma conexão pôde ser feita porque a máquina de destino as recusou ativamente
2026-08-02 21:01:39.022 | INFO     | app.infrastructure.websocket.client:_run:105 - Reconnecting in 30.0s
2026-08-02 21:01:48.604 | ERROR    | app.infrastructure.websocket.client:_run:98 - WebSocket connection error: [WinError 10061] Nenhuma conexão pôde ser feita porque a máquina de destino as recusou ativamente
Traceback (most recent call last):

  File "C:\Users\pecas\AppData\Local\Python\pythoncore-3.14-64\Lib\threading.py", line 1044, in _bootstrap
    self._bootstrap_inner()
    │    └ <function Thread._bootstrap_inner at 0x000002BE90F0EB90>
    └ <Thread(ws-client, started 17808)>
  File "C:\Users\pecas\AppData\Local\Python\pythoncore-3.14-64\Lib\threading.py", line 1082, in _bootstrap_inner
    self._context.run(self.run)
    │    │        │   │    └ <function Thread.run at 0x000002BE90F0E820>
    │    │        │   └ <Thread(ws-client, started 17808)>
    │    │        └ <method 'run' of '_contextvars.Context' objects>
    │    └ <_contextvars.Context object at 0x000002BE943EAD80>
    └ <Thread(ws-client, started 17808)>
  File "C:\Users\pecas\AppData\Local\Python\pythoncore-3.14-64\Lib\threading.py", line 1024, in run
    self._target(*self._args, **self._kwargs)
    │    │        │    │        │    └ {}
    │    │        │    │        └ <Thread(ws-client, started 17808)>
    │    │        │    └ ()
    │    │        └ <Thread(ws-client, started 17808)>
    │    └ <bound method WebSocketClient._run of <app.infrastructure.websocket.client.WebSocketClient object at 0x000002BE943D57F0>>
    └ <Thread(ws-client, started 17808)>

> File "C:\Users\pecas\OneDrive\Área de Trabalho\print gsn\app\infrastructure\websocket\client.py", line 96, in _run
    self._connect_and_serve()
    │    └ <function WebSocketClient._connect_and_serve at 0x000002BE94413060>
    └ <app.infrastructure.websocket.client.WebSocketClient object at 0x000002BE943D57F0>

  File "C:\Users\pecas\OneDrive\Área de Trabalho\print gsn\app\infrastructure\websocket\client.py", line 110, in _connect_and_serve
    ws = websocket.create_connection(
         │         └ <function create_connection at 0x000002BE943E1850>
         └ <module 'websocket' from 'C:\\Users\\pecas\\AppData\\Local\\Python\\pythoncore-3.14-64\\Lib\\site-packages\\websocket\\__init...

  File "C:\Users\pecas\AppData\Local\Python\pythoncore-3.14-64\Lib\site-packages\websocket\_core.py", line 664, in create_connection
    websock.connect(url, **options)
    │       │       │      └ {}
    │       │       └ 'wss://localhost'
    │       └ <function WebSocket.connect at 0x000002BE943E0300>
    └ <websocket._core.WebSocket object at 0x000002BE96668AF0>
  File "C:\Users\pecas\AppData\Local\Python\pythoncore-3.14-64\Lib\site-packages\websocket\_core.py", line 263, in connect
    self.sock, addrs = connect(
    │    │             └ <function connect at 0x000002BE943CD6F0>
    │    └ None
    └ <websocket._core.WebSocket object at 0x000002BE96668AF0>
  File "C:\Users\pecas\AppData\Local\Python\pythoncore-3.14-64\Lib\site-packages\websocket\_http.py", line 146, in connect
    sock = _open_socket(addrinfo_list, options.sockopt, options.timeout)
           │            │              │       │        │       └ 5
           │            │              │       │        └ <websocket._socket.sock_opt object at 0x000002BE94537290>
           │            │              │       └ []
           │            │              └ <websocket._socket.sock_opt object at 0x000002BE94537290>
           │            └ [(<AddressFamily.AF_INET6: 23>, <SocketKind.SOCK_STREAM: 1>, 6, '', ('::1', 443, 0, 0)), (<AddressFamily.AF_INET: 2>, <Socket...
           └ <function _open_socket at 0x000002BE943CD900>
  File "C:\Users\pecas\AppData\Local\Python\pythoncore-3.14-64\Lib\site-packages\websocket\_http.py", line 233, in _open_socket
    raise err
          └ ConnectionRefusedError(10061, 'Nenhuma conexão pôde ser feita porque a máquina de destino as recusou ativamente', None, 10061...
  File "C:\Users\pecas\AppData\Local\Python\pythoncore-3.14-64\Lib\site-packages\websocket\_http.py", line 210, in _open_socket
    sock.connect(address)
    │    │       └ ('127.0.0.1', 443)
    │    └ <method 'connect' of '_socket.socket' objects>
    └ <socket.socket [closed] fd=-1, family=2, type=1, proto=6>

ConnectionRefusedError: [WinError 10061] Nenhuma conexão pôde ser feita porque a máquina de destino as recusou ativamente
2026-08-02 21:01:48.606 | INFO     | app.infrastructure.websocket.client:_run:105 - Reconnecting in 30.0s
2026-08-02 21:02:13.137 | ERROR    | app.infrastructure.websocket.client:_run:98 - WebSocket connection error: [WinError 10061] Nenhuma conexão pôde ser feita porque a máquina de destino as recusou ativamente
Traceback (most recent call last):

  File "C:\Users\pecas\AppData\Local\Python\pythoncore-3.14-64\Lib\threading.py", line 1044, in _bootstrap
    self._bootstrap_inner()
    │    └ <function Thread._bootstrap_inner at 0x00000295F872EB90>
    └ <Thread(ws-client, started 8464)>
  File "C:\Users\pecas\AppData\Local\Python\pythoncore-3.14-64\Lib\threading.py", line 1082, in _bootstrap_inner
    self._context.run(self.run)
    │    │        │   │    └ <function Thread.run at 0x00000295F872E820>
    │    │        │   └ <Thread(ws-client, started 8464)>
    │    │        └ <method 'run' of '_contextvars.Context' objects>
    │    └ <_contextvars.Context object at 0x00000295FBC6FDC0>
    └ <Thread(ws-client, started 8464)>
  File "C:\Users\pecas\AppData\Local\Python\pythoncore-3.14-64\Lib\threading.py", line 1024, in run
    self._target(*self._args, **self._kwargs)
    │    │        │    │        │    └ {}
    │    │        │    │        └ <Thread(ws-client, started 8464)>
    │    │        │    └ ()
    │    │        └ <Thread(ws-client, started 8464)>
    │    └ <bound method WebSocketClient._run of <app.infrastructure.websocket.client.WebSocketClient object at 0x00000295FBC196A0>>
    └ <Thread(ws-client, started 8464)>

> File "C:\Users\pecas\OneDrive\Área de Trabalho\print gsn\app\infrastructure\websocket\client.py", line 96, in _run
    self._connect_and_serve()
    │    └ <function WebSocketClient._connect_and_serve at 0x00000295FBC26B90>
    └ <app.infrastructure.websocket.client.WebSocketClient object at 0x00000295FBC196A0>

  File "C:\Users\pecas\OneDrive\Área de Trabalho\print gsn\app\infrastructure\websocket\client.py", line 110, in _connect_and_serve
    ws = websocket.create_connection(
         │         └ <function create_connection at 0x00000295FBC096F0>
         └ <module 'websocket' from 'C:\\Users\\pecas\\AppData\\Local\\Python\\pythoncore-3.14-64\\Lib\\site-packages\\websocket\\__init...

  File "C:\Users\pecas\AppData\Local\Python\pythoncore-3.14-64\Lib\site-packages\websocket\_core.py", line 664, in create_connection
    websock.connect(url, **options)
    │       │       │      └ {}
    │       │       └ 'wss://localhost'
    │       └ <function WebSocket.connect at 0x00000295FBC081A0>
    └ <websocket._core.WebSocket object at 0x00000295FBCE28F0>
  File "C:\Users\pecas\AppData\Local\Python\pythoncore-3.14-64\Lib\site-packages\websocket\_core.py", line 263, in connect
    self.sock, addrs = connect(
    │    │             └ <function connect at 0x00000295FBBFD590>
    │    └ None
    └ <websocket._core.WebSocket object at 0x00000295FBCE28F0>
  File "C:\Users\pecas\AppData\Local\Python\pythoncore-3.14-64\Lib\site-packages\websocket\_http.py", line 146, in connect
    sock = _open_socket(addrinfo_list, options.sockopt, options.timeout)
           │            │              │       │        │       └ 5
           │            │              │       │        └ <websocket._socket.sock_opt object at 0x00000295FBD31BB0>
           │            │              │       └ []
           │            │              └ <websocket._socket.sock_opt object at 0x00000295FBD31BB0>
           │            └ [(<AddressFamily.AF_INET6: 23>, <SocketKind.SOCK_STREAM: 1>, 6, '', ('::1', 443, 0, 0)), (<AddressFamily.AF_INET: 2>, <Socket...
           └ <function _open_socket at 0x00000295FBBFD7A0>
  File "C:\Users\pecas\AppData\Local\Python\pythoncore-3.14-64\Lib\site-packages\websocket\_http.py", line 233, in _open_socket
    raise err
          └ ConnectionRefusedError(10061, 'Nenhuma conexão pôde ser feita porque a máquina de destino as recusou ativamente', None, 10061...
  File "C:\Users\pecas\AppData\Local\Python\pythoncore-3.14-64\Lib\site-packages\websocket\_http.py", line 210, in _open_socket
    sock.connect(address)
    │    │       └ ('127.0.0.1', 443)
    │    └ <method 'connect' of '_socket.socket' objects>
    └ <socket.socket [closed] fd=-1, family=2, type=1, proto=6>

ConnectionRefusedError: [WinError 10061] Nenhuma conexão pôde ser feita porque a máquina de destino as recusou ativamente
2026-08-02 21:02:13.139 | INFO     | app.infrastructure.websocket.client:_run:105 - Reconnecting in 30.0s
2026-08-02 21:02:22.648 | ERROR    | app.infrastructure.websocket.client:_run:98 - WebSocket connection error: [WinError 10061] Nenhuma conexão pôde ser feita porque a máquina de destino as recusou ativamente
Traceback (most recent call last):

  File "C:\Users\pecas\AppData\Local\Python\pythoncore-3.14-64\Lib\threading.py", line 1044, in _bootstrap
    self._bootstrap_inner()
    │    └ <function Thread._bootstrap_inner at 0x000002BE90F0EB90>
    └ <Thread(ws-client, started 17808)>
  File "C:\Users\pecas\AppData\Local\Python\pythoncore-3.14-64\Lib\threading.py", line 1082, in _bootstrap_inner
    self._context.run(self.run)
    │    │        │   │    └ <function Thread.run at 0x000002BE90F0E820>
    │    │        │   └ <Thread(ws-client, started 17808)>
    │    │        └ <method 'run' of '_contextvars.Context' objects>
    │    └ <_contextvars.Context object at 0x000002BE943EAD80>
    └ <Thread(ws-client, started 17808)>
  File "C:\Users\pecas\AppData\Local\Python\pythoncore-3.14-64\Lib\threading.py", line 1024, in run
    self._target(*self._args, **self._kwargs)
    │    │        │    │        │    └ {}
    │    │        │    │        └ <Thread(ws-client, started 17808)>
    │    │        │    └ ()
    │    │        └ <Thread(ws-client, started 17808)>
    │    └ <bound method WebSocketClient._run of <app.infrastructure.websocket.client.WebSocketClient object at 0x000002BE943D57F0>>
    └ <Thread(ws-client, started 17808)>

> File "C:\Users\pecas\OneDrive\Área de Trabalho\print gsn\app\infrastructure\websocket\client.py", line 96, in _run
    self._connect_and_serve()
    │    └ <function WebSocketClient._connect_and_serve at 0x000002BE94413060>
    └ <app.infrastructure.websocket.client.WebSocketClient object at 0x000002BE943D57F0>

  File "C:\Users\pecas\OneDrive\Área de Trabalho\print gsn\app\infrastructure\websocket\client.py", line 110, in _connect_and_serve
    ws = websocket.create_connection(
         │         └ <function create_connection at 0x000002BE943E1850>
         └ <module 'websocket' from 'C:\\Users\\pecas\\AppData\\Local\\Python\\pythoncore-3.14-64\\Lib\\site-packages\\websocket\\__init...

  File "C:\Users\pecas\AppData\Local\Python\pythoncore-3.14-64\Lib\site-packages\websocket\_core.py", line 664, in create_connection
    websock.connect(url, **options)
    │       │       │      └ {}
    │       │       └ 'wss://localhost'
    │       └ <function WebSocket.connect at 0x000002BE943E0300>
    └ <websocket._core.WebSocket object at 0x000002BE96668A50>
  File "C:\Users\pecas\AppData\Local\Python\pythoncore-3.14-64\Lib\site-packages\websocket\_core.py", line 263, in connect
    self.sock, addrs = connect(
    │    │             └ <function connect at 0x000002BE943CD6F0>
    │    └ None
    └ <websocket._core.WebSocket object at 0x000002BE96668A50>
  File "C:\Users\pecas\AppData\Local\Python\pythoncore-3.14-64\Lib\site-packages\websocket\_http.py", line 146, in connect
    sock = _open_socket(addrinfo_list, options.sockopt, options.timeout)
           │            │              │       │        │       └ 5
           │            │              │       │        └ <websocket._socket.sock_opt object at 0x000002BE94537410>
           │            │              │       └ []
           │            │              └ <websocket._socket.sock_opt object at 0x000002BE94537410>
           │            └ [(<AddressFamily.AF_INET6: 23>, <SocketKind.SOCK_STREAM: 1>, 6, '', ('::1', 443, 0, 0)), (<AddressFamily.AF_INET: 2>, <Socket...
           └ <function _open_socket at 0x000002BE943CD900>
  File "C:\Users\pecas\AppData\Local\Python\pythoncore-3.14-64\Lib\site-packages\websocket\_http.py", line 233, in _open_socket
    raise err
          └ ConnectionRefusedError(10061, 'Nenhuma conexão pôde ser feita porque a máquina de destino as recusou ativamente', None, 10061...
  File "C:\Users\pecas\AppData\Local\Python\pythoncore-3.14-64\Lib\site-packages\websocket\_http.py", line 210, in _open_socket
    sock.connect(address)
    │    │       └ ('127.0.0.1', 443)
    │    └ <method 'connect' of '_socket.socket' objects>
    └ <socket.socket [closed] fd=-1, family=2, type=1, proto=6>

ConnectionRefusedError: [WinError 10061] Nenhuma conexão pôde ser feita porque a máquina de destino as recusou ativamente
2026-08-02 21:02:22.650 | INFO     | app.infrastructure.websocket.client:_run:105 - Reconnecting in 30.0s
2026-08-02 21:02:47.222 | ERROR    | app.infrastructure.websocket.client:_run:98 - WebSocket connection error: [WinError 10061] Nenhuma conexão pôde ser feita porque a máquina de destino as recusou ativamente
Traceback (most recent call last):

  File "C:\Users\pecas\AppData\Local\Python\pythoncore-3.14-64\Lib\threading.py", line 1044, in _bootstrap
    self._bootstrap_inner()
    │    └ <function Thread._bootstrap_inner at 0x00000295F872EB90>
    └ <Thread(ws-client, started 8464)>
  File "C:\Users\pecas\AppData\Local\Python\pythoncore-3.14-64\Lib\threading.py", line 1082, in _bootstrap_inner
    self._context.run(self.run)
    │    │        │   │    └ <function Thread.run at 0x00000295F872E820>
    │    │        │   └ <Thread(ws-client, started 8464)>
    │    │        └ <method 'run' of '_contextvars.Context' objects>
    │    └ <_contextvars.Context object at 0x00000295FBC6FDC0>
    └ <Thread(ws-client, started 8464)>
  File "C:\Users\pecas\AppData\Local\Python\pythoncore-3.14-64\Lib\threading.py", line 1024, in run
    self._target(*self._args, **self._kwargs)
    │    │        │    │        │    └ {}
    │    │        │    │        └ <Thread(ws-client, started 8464)>
    │    │        │    └ ()
    │    │        └ <Thread(ws-client, started 8464)>
    │    └ <bound method WebSocketClient._run of <app.infrastructure.websocket.client.WebSocketClient object at 0x00000295FBC196A0>>
    └ <Thread(ws-client, started 8464)>

> File "C:\Users\pecas\OneDrive\Área de Trabalho\print gsn\app\infrastructure\websocket\client.py", line 96, in _run
    self._connect_and_serve()
    │    └ <function WebSocketClient._connect_and_serve at 0x00000295FBC26B90>
    └ <app.infrastructure.websocket.client.WebSocketClient object at 0x00000295FBC196A0>

  File "C:\Users\pecas\OneDrive\Área de Trabalho\print gsn\app\infrastructure\websocket\client.py", line 110, in _connect_and_serve
    ws = websocket.create_connection(
         │         └ <function create_connection at 0x00000295FBC096F0>
         └ <module 'websocket' from 'C:\\Users\\pecas\\AppData\\Local\\Python\\pythoncore-3.14-64\\Lib\\site-packages\\websocket\\__init...

  File "C:\Users\pecas\AppData\Local\Python\pythoncore-3.14-64\Lib\site-packages\websocket\_core.py", line 664, in create_connection
    websock.connect(url, **options)
    │       │       │      └ {}
    │       │       └ 'wss://localhost'
    │       └ <function WebSocket.connect at 0x00000295FBC081A0>
    └ <websocket._core.WebSocket object at 0x00000295FBCE2AD0>
  File "C:\Users\pecas\AppData\Local\Python\pythoncore-3.14-64\Lib\site-packages\websocket\_core.py", line 263, in connect
    self.sock, addrs = connect(
    │    │             └ <function connect at 0x00000295FBBFD590>
    │    └ None
    └ <websocket._core.WebSocket object at 0x00000295FBCE2AD0>
  File "C:\Users\pecas\AppData\Local\Python\pythoncore-3.14-64\Lib\site-packages\websocket\_http.py", line 146, in connect
    sock = _open_socket(addrinfo_list, options.sockopt, options.timeout)
           │            │              │       │        │       └ 5
           │            │              │       │        └ <websocket._socket.sock_opt object at 0x00000295FBD31D30>
           │            │              │       └ []
           │            │              └ <websocket._socket.sock_opt object at 0x00000295FBD31D30>
           │            └ [(<AddressFamily.AF_INET6: 23>, <SocketKind.SOCK_STREAM: 1>, 6, '', ('::1', 443, 0, 0)), (<AddressFamily.AF_INET: 2>, <Socket...
           └ <function _open_socket at 0x00000295FBBFD7A0>
  File "C:\Users\pecas\AppData\Local\Python\pythoncore-3.14-64\Lib\site-packages\websocket\_http.py", line 233, in _open_socket
    raise err
          └ ConnectionRefusedError(10061, 'Nenhuma conexão pôde ser feita porque a máquina de destino as recusou ativamente', None, 10061...
  File "C:\Users\pecas\AppData\Local\Python\pythoncore-3.14-64\Lib\site-packages\websocket\_http.py", line 210, in _open_socket
    sock.connect(address)
    │    │       └ ('127.0.0.1', 443)
    │    └ <method 'connect' of '_socket.socket' objects>
    └ <socket.socket [closed] fd=-1, family=2, type=1, proto=6>

ConnectionRefusedError: [WinError 10061] Nenhuma conexão pôde ser feita porque a máquina de destino as recusou ativamente
2026-08-02 21:02:47.353 | INFO     | app.infrastructure.websocket.client:_run:105 - Reconnecting in 30.0s
2026-08-02 21:02:56.698 | ERROR    | app.infrastructure.websocket.client:_run:98 - WebSocket connection error: [WinError 10061] Nenhuma conexão pôde ser feita porque a máquina de destino as recusou ativamente
Traceback (most recent call last):

  File "C:\Users\pecas\AppData\Local\Python\pythoncore-3.14-64\Lib\threading.py", line 1044, in _bootstrap
    self._bootstrap_inner()
    │    └ <function Thread._bootstrap_inner at 0x000002BE90F0EB90>
    └ <Thread(ws-client, started 17808)>
  File "C:\Users\pecas\AppData\Local\Python\pythoncore-3.14-64\Lib\threading.py", line 1082, in _bootstrap_inner
    self._context.run(self.run)
    │    │        │   │    └ <function Thread.run at 0x000002BE90F0E820>
    │    │        │   └ <Thread(ws-client, started 17808)>
    │    │        └ <method 'run' of '_contextvars.Context' objects>
    │    └ <_contextvars.Context object at 0x000002BE943EAD80>
    └ <Thread(ws-client, started 17808)>
  File "C:\Users\pecas\AppData\Local\Python\pythoncore-3.14-64\Lib\threading.py", line 1024, in run
    self._target(*self._args, **self._kwargs)
    │    │        │    │        │    └ {}
    │    │        │    │        └ <Thread(ws-client, started 17808)>
    │    │        │    └ ()
    │    │        └ <Thread(ws-client, started 17808)>
    │    └ <bound method WebSocketClient._run of <app.infrastructure.websocket.client.WebSocketClient object at 0x000002BE943D57F0>>
    └ <Thread(ws-client, started 17808)>

> File "C:\Users\pecas\OneDrive\Área de Trabalho\print gsn\app\infrastructure\websocket\client.py", line 96, in _run
    self._connect_and_serve()
    │    └ <function WebSocketClient._connect_and_serve at 0x000002BE94413060>
    └ <app.infrastructure.websocket.client.WebSocketClient object at 0x000002BE943D57F0>

  File "C:\Users\pecas\OneDrive\Área de Trabalho\print gsn\app\infrastructure\websocket\client.py", line 110, in _connect_and_serve
    ws = websocket.create_connection(
         │         └ <function create_connection at 0x000002BE943E1850>
         └ <module 'websocket' from 'C:\\Users\\pecas\\AppData\\Local\\Python\\pythoncore-3.14-64\\Lib\\site-packages\\websocket\\__init...

  File "C:\Users\pecas\AppData\Local\Python\pythoncore-3.14-64\Lib\site-packages\websocket\_core.py", line 664, in create_connection
    websock.connect(url, **options)
    │       │       │      └ {}
    │       │       └ 'wss://localhost'
    │       └ <function WebSocket.connect at 0x000002BE943E0300>
    └ <websocket._core.WebSocket object at 0x000002BE96668C30>
  File "C:\Users\pecas\AppData\Local\Python\pythoncore-3.14-64\Lib\site-packages\websocket\_core.py", line 263, in connect
    self.sock, addrs = connect(
    │    │             └ <function connect at 0x000002BE943CD6F0>
    │    └ None
    └ <websocket._core.WebSocket object at 0x000002BE96668C30>
  File "C:\Users\pecas\AppData\Local\Python\pythoncore-3.14-64\Lib\site-packages\websocket\_http.py", line 146, in connect
    sock = _open_socket(addrinfo_list, options.sockopt, options.timeout)
           │            │              │       │        │       └ 5
           │            │              │       │        └ <websocket._socket.sock_opt object at 0x000002BE94537590>
           │            │              │       └ []
           │            │              └ <websocket._socket.sock_opt object at 0x000002BE94537590>
           │            └ [(<AddressFamily.AF_INET6: 23>, <SocketKind.SOCK_STREAM: 1>, 6, '', ('::1', 443, 0, 0)), (<AddressFamily.AF_INET: 2>, <Socket...
           └ <function _open_socket at 0x000002BE943CD900>
  File "C:\Users\pecas\AppData\Local\Python\pythoncore-3.14-64\Lib\site-packages\websocket\_http.py", line 233, in _open_socket
    raise err
          └ ConnectionRefusedError(10061, 'Nenhuma conexão pôde ser feita porque a máquina de destino as recusou ativamente', None, 10061...
  File "C:\Users\pecas\AppData\Local\Python\pythoncore-3.14-64\Lib\site-packages\websocket\_http.py", line 210, in _open_socket
    sock.connect(address)
    │    │       └ ('127.0.0.1', 443)
    │    └ <method 'connect' of '_socket.socket' objects>
    └ <socket.socket [closed] fd=-1, family=2, type=1, proto=6>

ConnectionRefusedError: [WinError 10061] Nenhuma conexão pôde ser feita porque a máquina de destino as recusou ativamente
2026-08-02 21:02:56.700 | INFO     | app.infrastructure.websocket.client:_run:105 - Reconnecting in 30.0s
2026-08-02 21:03:21.424 | ERROR    | app.infrastructure.websocket.client:_run:98 - WebSocket connection error: [WinError 10061] Nenhuma conexão pôde ser feita porque a máquina de destino as recusou ativamente
Traceback (most recent call last):

  File "C:\Users\pecas\AppData\Local\Python\pythoncore-3.14-64\Lib\threading.py", line 1044, in _bootstrap
    self._bootstrap_inner()
    │    └ <function Thread._bootstrap_inner at 0x00000295F872EB90>
    └ <Thread(ws-client, started 8464)>
  File "C:\Users\pecas\AppData\Local\Python\pythoncore-3.14-64\Lib\threading.py", line 1082, in _bootstrap_inner
    self._context.run(self.run)
    │    │        │   │    └ <function Thread.run at 0x00000295F872E820>
    │    │        │   └ <Thread(ws-client, started 8464)>
    │    │        └ <method 'run' of '_contextvars.Context' objects>
    │    └ <_contextvars.Context object at 0x00000295FBC6FDC0>
    └ <Thread(ws-client, started 8464)>
  File "C:\Users\pecas\AppData\Local\Python\pythoncore-3.14-64\Lib\threading.py", line 1024, in run
    self._target(*self._args, **self._kwargs)
    │    │        │    │        │    └ {}
    │    │        │    │        └ <Thread(ws-client, started 8464)>
    │    │        │    └ ()
    │    │        └ <Thread(ws-client, started 8464)>
    │    └ <bound method WebSocketClient._run of <app.infrastructure.websocket.client.WebSocketClient object at 0x00000295FBC196A0>>
    └ <Thread(ws-client, started 8464)>

> File "C:\Users\pecas\OneDrive\Área de Trabalho\print gsn\app\infrastructure\websocket\client.py", line 96, in _run
    self._connect_and_serve()
    │    └ <function WebSocketClient._connect_and_serve at 0x00000295FBC26B90>
    └ <app.infrastructure.websocket.client.WebSocketClient object at 0x00000295FBC196A0>

  File "C:\Users\pecas\OneDrive\Área de Trabalho\print gsn\app\infrastructure\websocket\client.py", line 110, in _connect_and_serve
    ws = websocket.create_connection(
         │         └ <function create_connection at 0x00000295FBC096F0>
         └ <module 'websocket' from 'C:\\Users\\pecas\\AppData\\Local\\Python\\pythoncore-3.14-64\\Lib\\site-packages\\websocket\\__init...

  File "C:\Users\pecas\AppData\Local\Python\pythoncore-3.14-64\Lib\site-packages\websocket\_core.py", line 664, in create_connection
    websock.connect(url, **options)
    │       │       │      └ {}
    │       │       └ 'wss://localhost'
    │       └ <function WebSocket.connect at 0x00000295FBC081A0>
    └ <websocket._core.WebSocket object at 0x00000295FBCE2A30>
  File "C:\Users\pecas\AppData\Local\Python\pythoncore-3.14-64\Lib\site-packages\websocket\_core.py", line 263, in connect
    self.sock, addrs = connect(
    │    │             └ <function connect at 0x00000295FBBFD590>
    │    └ None
    └ <websocket._core.WebSocket object at 0x00000295FBCE2A30>
  File "C:\Users\pecas\AppData\Local\Python\pythoncore-3.14-64\Lib\site-packages\websocket\_http.py", line 146, in connect
    sock = _open_socket(addrinfo_list, options.sockopt, options.timeout)
           │            │              │       │        │       └ 5
           │            │              │       │        └ <websocket._socket.sock_opt object at 0x00000295FBD31EB0>
           │            │              │       └ []
           │            │              └ <websocket._socket.sock_opt object at 0x00000295FBD31EB0>
           │            └ [(<AddressFamily.AF_INET6: 23>, <SocketKind.SOCK_STREAM: 1>, 6, '', ('::1', 443, 0, 0)), (<AddressFamily.AF_INET: 2>, <Socket...
           └ <function _open_socket at 0x00000295FBBFD7A0>
  File "C:\Users\pecas\AppData\Local\Python\pythoncore-3.14-64\Lib\site-packages\websocket\_http.py", line 233, in _open_socket
    raise err
          └ ConnectionRefusedError(10061, 'Nenhuma conexão pôde ser feita porque a máquina de destino as recusou ativamente', None, 10061...
  File "C:\Users\pecas\AppData\Local\Python\pythoncore-3.14-64\Lib\site-packages\websocket\_http.py", line 210, in _open_socket
    sock.connect(address)
    │    │       └ ('127.0.0.1', 443)
    │    └ <method 'connect' of '_socket.socket' objects>
    └ <socket.socket [closed] fd=-1, family=2, type=1, proto=6>

ConnectionRefusedError: [WinError 10061] Nenhuma conexão pôde ser feita porque a máquina de destino as recusou ativamente
2026-08-02 21:03:21.427 | INFO     | app.infrastructure.websocket.client:_run:105 - Reconnecting in 30.0s
2026-08-02 21:03:30.760 | ERROR    | app.infrastructure.websocket.client:_run:98 - WebSocket connection error: [WinError 10061] Nenhuma conexão pôde ser feita porque a máquina de destino as recusou ativamente
Traceback (most recent call last):

  File "C:\Users\pecas\AppData\Local\Python\pythoncore-3.14-64\Lib\threading.py", line 1044, in _bootstrap
    self._bootstrap_inner()
    │    └ <function Thread._bootstrap_inner at 0x000002BE90F0EB90>
    └ <Thread(ws-client, started 17808)>
  File "C:\Users\pecas\AppData\Local\Python\pythoncore-3.14-64\Lib\threading.py", line 1082, in _bootstrap_inner
    self._context.run(self.run)
    │    │        │   │    └ <function Thread.run at 0x000002BE90F0E820>
    │    │        │   └ <Thread(ws-client, started 17808)>
    │    │        └ <method 'run' of '_contextvars.Context' objects>
    │    └ <_contextvars.Context object at 0x000002BE943EAD80>
    └ <Thread(ws-client, started 17808)>
  File "C:\Users\pecas\AppData\Local\Python\pythoncore-3.14-64\Lib\threading.py", line 1024, in run
    self._target(*self._args, **self._kwargs)
    │    │        │    │        │    └ {}
    │    │        │    │        └ <Thread(ws-client, started 17808)>
    │    │        │    └ ()
    │    │        └ <Thread(ws-client, started 17808)>
    │    └ <bound method WebSocketClient._run of <app.infrastructure.websocket.client.WebSocketClient object at 0x000002BE943D57F0>>
    └ <Thread(ws-client, started 17808)>

> File "C:\Users\pecas\OneDrive\Área de Trabalho\print gsn\app\infrastructure\websocket\client.py", line 96, in _run
    self._connect_and_serve()
    │    └ <function WebSocketClient._connect_and_serve at 0x000002BE94413060>
    └ <app.infrastructure.websocket.client.WebSocketClient object at 0x000002BE943D57F0>

  File "C:\Users\pecas\OneDrive\Área de Trabalho\print gsn\app\infrastructure\websocket\client.py", line 110, in _connect_and_serve
    ws = websocket.create_connection(
         │         └ <function create_connection at 0x000002BE943E1850>
         └ <module 'websocket' from 'C:\\Users\\pecas\\AppData\\Local\\Python\\pythoncore-3.14-64\\Lib\\site-packages\\websocket\\__init...

  File "C:\Users\pecas\AppData\Local\Python\pythoncore-3.14-64\Lib\site-packages\websocket\_core.py", line 664, in create_connection
    websock.connect(url, **options)
    │       │       │      └ {}
    │       │       └ 'wss://localhost'
    │       └ <function WebSocket.connect at 0x000002BE943E0300>
    └ <websocket._core.WebSocket object at 0x000002BE96668B90>
  File "C:\Users\pecas\AppData\Local\Python\pythoncore-3.14-64\Lib\site-packages\websocket\_core.py", line 263, in connect
    self.sock, addrs = connect(
    │    │             └ <function connect at 0x000002BE943CD6F0>
    │    └ None
    └ <websocket._core.WebSocket object at 0x000002BE96668B90>
  File "C:\Users\pecas\AppData\Local\Python\pythoncore-3.14-64\Lib\site-packages\websocket\_http.py", line 146, in connect
    sock = _open_socket(addrinfo_list, options.sockopt, options.timeout)
           │            │              │       │        │       └ 5
           │            │              │       │        └ <websocket._socket.sock_opt object at 0x000002BE94537710>
           │            │              │       └ []
           │            │              └ <websocket._socket.sock_opt object at 0x000002BE94537710>
           │            └ [(<AddressFamily.AF_INET6: 23>, <SocketKind.SOCK_STREAM: 1>, 6, '', ('::1', 443, 0, 0)), (<AddressFamily.AF_INET: 2>, <Socket...
           └ <function _open_socket at 0x000002BE943CD900>
  File "C:\Users\pecas\AppData\Local\Python\pythoncore-3.14-64\Lib\site-packages\websocket\_http.py", line 233, in _open_socket
    raise err
          └ ConnectionRefusedError(10061, 'Nenhuma conexão pôde ser feita porque a máquina de destino as recusou ativamente', None, 10061...
  File "C:\Users\pecas\AppData\Local\Python\pythoncore-3.14-64\Lib\site-packages\websocket\_http.py", line 210, in _open_socket
    sock.connect(address)
    │    │       └ ('127.0.0.1', 443)
    │    └ <method 'connect' of '_socket.socket' objects>
    └ <socket.socket [closed] fd=-1, family=2, type=1, proto=6>

ConnectionRefusedError: [WinError 10061] Nenhuma conexão pôde ser feita porque a máquina de destino as recusou ativamente
2026-08-02 21:03:30.762 | INFO     | app.infrastructure.websocket.client:_run:105 - Reconnecting in 30.0s
2026-08-02 21:03:55.496 | ERROR    | app.infrastructure.websocket.client:_run:98 - WebSocket connection error: [WinError 10061] Nenhuma conexão pôde ser feita porque a máquina de destino as recusou ativamente
Traceback (most recent call last):

  File "C:\Users\pecas\AppData\Local\Python\pythoncore-3.14-64\Lib\threading.py", line 1044, in _bootstrap
    self._bootstrap_inner()
    │    └ <function Thread._bootstrap_inner at 0x00000295F872EB90>
    └ <Thread(ws-client, started 8464)>
  File "C:\Users\pecas\AppData\Local\Python\pythoncore-3.14-64\Lib\threading.py", line 1082, in _bootstrap_inner
    self._context.run(self.run)
    │    │        │   │    └ <function Thread.run at 0x00000295F872E820>
    │    │        │   └ <Thread(ws-client, started 8464)>
    │    │        └ <method 'run' of '_contextvars.Context' objects>
    │    └ <_contextvars.Context object at 0x00000295FBC6FDC0>
    └ <Thread(ws-client, started 8464)>
  File "C:\Users\pecas\AppData\Local\Python\pythoncore-3.14-64\Lib\threading.py", line 1024, in run
    self._target(*self._args, **self._kwargs)
    │    │        │    │        │    └ {}
    │    │        │    │        └ <Thread(ws-client, started 8464)>
    │    │        │    └ ()
    │    │        └ <Thread(ws-client, started 8464)>
    │    └ <bound method WebSocketClient._run of <app.infrastructure.websocket.client.WebSocketClient object at 0x00000295FBC196A0>>
    └ <Thread(ws-client, started 8464)>

> File "C:\Users\pecas\OneDrive\Área de Trabalho\print gsn\app\infrastructure\websocket\client.py", line 96, in _run
    self._connect_and_serve()
    │    └ <function WebSocketClient._connect_and_serve at 0x00000295FBC26B90>
    └ <app.infrastructure.websocket.client.WebSocketClient object at 0x00000295FBC196A0>

  File "C:\Users\pecas\OneDrive\Área de Trabalho\print gsn\app\infrastructure\websocket\client.py", line 110, in _connect_and_serve
    ws = websocket.create_connection(
         │         └ <function create_connection at 0x00000295FBC096F0>
         └ <module 'websocket' from 'C:\\Users\\pecas\\AppData\\Local\\Python\\pythoncore-3.14-64\\Lib\\site-packages\\websocket\\__init...

  File "C:\Users\pecas\AppData\Local\Python\pythoncore-3.14-64\Lib\site-packages\websocket\_core.py", line 664, in create_connection
    websock.connect(url, **options)
    │       │       │      └ {}
    │       │       └ 'wss://localhost'
    │       └ <function WebSocket.connect at 0x00000295FBC081A0>
    └ <websocket._core.WebSocket object at 0x00000295FBCE2C10>
  File "C:\Users\pecas\AppData\Local\Python\pythoncore-3.14-64\Lib\site-packages\websocket\_core.py", line 263, in connect
    self.sock, addrs = connect(
    │    │             └ <function connect at 0x00000295FBBFD590>
    │    └ None
    └ <websocket._core.WebSocket object at 0x00000295FBCE2C10>
  File "C:\Users\pecas\AppData\Local\Python\pythoncore-3.14-64\Lib\site-packages\websocket\_http.py", line 146, in connect
    sock = _open_socket(addrinfo_list, options.sockopt, options.timeout)
           │            │              │       │        │       └ 5
           │            │              │       │        └ <websocket._socket.sock_opt object at 0x00000295FBD32030>
           │            │              │       └ []
           │            │              └ <websocket._socket.sock_opt object at 0x00000295FBD32030>
           │            └ [(<AddressFamily.AF_INET6: 23>, <SocketKind.SOCK_STREAM: 1>, 6, '', ('::1', 443, 0, 0)), (<AddressFamily.AF_INET: 2>, <Socket...
           └ <function _open_socket at 0x00000295FBBFD7A0>
  File "C:\Users\pecas\AppData\Local\Python\pythoncore-3.14-64\Lib\site-packages\websocket\_http.py", line 233, in _open_socket
    raise err
          └ ConnectionRefusedError(10061, 'Nenhuma conexão pôde ser feita porque a máquina de destino as recusou ativamente', None, 10061...
  File "C:\Users\pecas\AppData\Local\Python\pythoncore-3.14-64\Lib\site-packages\websocket\_http.py", line 210, in _open_socket
    sock.connect(address)
    │    │       └ ('127.0.0.1', 443)
    │    └ <method 'connect' of '_socket.socket' objects>
    └ <socket.socket [closed] fd=-1, family=2, type=1, proto=6>

ConnectionRefusedError: [WinError 10061] Nenhuma conexão pôde ser feita porque a máquina de destino as recusou ativamente
2026-08-02 21:03:55.498 | INFO     | app.infrastructure.websocket.client:_run:105 - Reconnecting in 30.0s
2026-08-02 21:04:04.834 | ERROR    | app.infrastructure.websocket.client:_run:98 - WebSocket connection error: [WinError 10061] Nenhuma conexão pôde ser feita porque a máquina de destino as recusou ativamente
Traceback (most recent call last):

  File "C:\Users\pecas\AppData\Local\Python\pythoncore-3.14-64\Lib\threading.py", line 1044, in _bootstrap
    self._bootstrap_inner()
    │    └ <function Thread._bootstrap_inner at 0x000002BE90F0EB90>
    └ <Thread(ws-client, started 17808)>
  File "C:\Users\pecas\AppData\Local\Python\pythoncore-3.14-64\Lib\threading.py", line 1082, in _bootstrap_inner
    self._context.run(self.run)
    │    │        │   │    └ <function Thread.run at 0x000002BE90F0E820>
    │    │        │   └ <Thread(ws-client, started 17808)>
    │    │        └ <method 'run' of '_contextvars.Context' objects>
    │    └ <_contextvars.Context object at 0x000002BE943EAD80>
    └ <Thread(ws-client, started 17808)>
  File "C:\Users\pecas\AppData\Local\Python\pythoncore-3.14-64\Lib\threading.py", line 1024, in run
    self._target(*self._args, **self._kwargs)
    │    │        │    │        │    └ {}
    │    │        │    │        └ <Thread(ws-client, started 17808)>
    │    │        │    └ ()
    │    │        └ <Thread(ws-client, started 17808)>
    │    └ <bound method WebSocketClient._run of <app.infrastructure.websocket.client.WebSocketClient object at 0x000002BE943D57F0>>
    └ <Thread(ws-client, started 17808)>

> File "C:\Users\pecas\OneDrive\Área de Trabalho\print gsn\app\infrastructure\websocket\client.py", line 96, in _run
    self._connect_and_serve()
    │    └ <function WebSocketClient._connect_and_serve at 0x000002BE94413060>
    └ <app.infrastructure.websocket.client.WebSocketClient object at 0x000002BE943D57F0>

  File "C:\Users\pecas\OneDrive\Área de Trabalho\print gsn\app\infrastructure\websocket\client.py", line 110, in _connect_and_serve
    ws = websocket.create_connection(
         │         └ <function create_connection at 0x000002BE943E1850>
         └ <module 'websocket' from 'C:\\Users\\pecas\\AppData\\Local\\Python\\pythoncore-3.14-64\\Lib\\site-packages\\websocket\\__init...

  File "C:\Users\pecas\AppData\Local\Python\pythoncore-3.14-64\Lib\site-packages\websocket\_core.py", line 664, in create_connection
    websock.connect(url, **options)
    │       │       │      └ {}
    │       │       └ 'wss://localhost'
    │       └ <function WebSocket.connect at 0x000002BE943E0300>
    └ <websocket._core.WebSocket object at 0x000002BE96668D70>
  File "C:\Users\pecas\AppData\Local\Python\pythoncore-3.14-64\Lib\site-packages\websocket\_core.py", line 263, in connect
    self.sock, addrs = connect(
    │    │             └ <function connect at 0x000002BE943CD6F0>
    │    └ None
    └ <websocket._core.WebSocket object at 0x000002BE96668D70>
  File "C:\Users\pecas\AppData\Local\Python\pythoncore-3.14-64\Lib\site-packages\websocket\_http.py", line 146, in connect
    sock = _open_socket(addrinfo_list, options.sockopt, options.timeout)
           │            │              │       │        │       └ 5
           │            │              │       │        └ <websocket._socket.sock_opt object at 0x000002BE94537890>
           │            │              │       └ []
           │            │              └ <websocket._socket.sock_opt object at 0x000002BE94537890>
           │            └ [(<AddressFamily.AF_INET6: 23>, <SocketKind.SOCK_STREAM: 1>, 6, '', ('::1', 443, 0, 0)), (<AddressFamily.AF_INET: 2>, <Socket...
           └ <function _open_socket at 0x000002BE943CD900>
  File "C:\Users\pecas\AppData\Local\Python\pythoncore-3.14-64\Lib\site-packages\websocket\_http.py", line 233, in _open_socket
    raise err
          └ ConnectionRefusedError(10061, 'Nenhuma conexão pôde ser feita porque a máquina de destino as recusou ativamente', None, 10061...
  File "C:\Users\pecas\AppData\Local\Python\pythoncore-3.14-64\Lib\site-packages\websocket\_http.py", line 210, in _open_socket
    sock.connect(address)
    │    │       └ ('127.0.0.1', 443)
    │    └ <method 'connect' of '_socket.socket' objects>
    └ <socket.socket [closed] fd=-1, family=2, type=1, proto=6>

ConnectionRefusedError: [WinError 10061] Nenhuma conexão pôde ser feita porque a máquina de destino as recusou ativamente
2026-08-02 21:04:04.836 | INFO     | app.infrastructure.websocket.client:_run:105 - Reconnecting in 30.0s
2026-08-02 21:04:29.563 | ERROR    | app.infrastructure.websocket.client:_run:98 - WebSocket connection error: [WinError 10061] Nenhuma conexão pôde ser feita porque a máquina de destino as recusou ativamente
Traceback (most recent call last):

  File "C:\Users\pecas\AppData\Local\Python\pythoncore-3.14-64\Lib\threading.py", line 1044, in _bootstrap
    self._bootstrap_inner()
    │    └ <function Thread._bootstrap_inner at 0x00000295F872EB90>
    └ <Thread(ws-client, started 8464)>
  File "C:\Users\pecas\AppData\Local\Python\pythoncore-3.14-64\Lib\threading.py", line 1082, in _bootstrap_inner
    self._context.run(self.run)
    │    │        │   │    └ <function Thread.run at 0x00000295F872E820>
    │    │        │   └ <Thread(ws-client, started 8464)>
    │    │        └ <method 'run' of '_contextvars.Context' objects>
    │    └ <_contextvars.Context object at 0x00000295FBC6FDC0>
    └ <Thread(ws-client, started 8464)>
  File "C:\Users\pecas\AppData\Local\Python\pythoncore-3.14-64\Lib\threading.py", line 1024, in run
    self._target(*self._args, **self._kwargs)
    │    │        │    │        │    └ {}
    │    │        │    │        └ <Thread(ws-client, started 8464)>
    │    │        │    └ ()
    │    │        └ <Thread(ws-client, started 8464)>
    │    └ <bound method WebSocketClient._run of <app.infrastructure.websocket.client.WebSocketClient object at 0x00000295FBC196A0>>
    └ <Thread(ws-client, started 8464)>

> File "C:\Users\pecas\OneDrive\Área de Trabalho\print gsn\app\infrastructure\websocket\client.py", line 96, in _run
    self._connect_and_serve()
    │    └ <function WebSocketClient._connect_and_serve at 0x00000295FBC26B90>
    └ <app.infrastructure.websocket.client.WebSocketClient object at 0x00000295FBC196A0>

  File "C:\Users\pecas\OneDrive\Área de Trabalho\print gsn\app\infrastructure\websocket\client.py", line 110, in _connect_and_serve
    ws = websocket.create_connection(
         │         └ <function create_connection at 0x00000295FBC096F0>
         └ <module 'websocket' from 'C:\\Users\\pecas\\AppData\\Local\\Python\\pythoncore-3.14-64\\Lib\\site-packages\\websocket\\__init...

  File "C:\Users\pecas\AppData\Local\Python\pythoncore-3.14-64\Lib\site-packages\websocket\_core.py", line 664, in create_connection
    websock.connect(url, **options)
    │       │       │      └ {}
    │       │       └ 'wss://localhost'
    │       └ <function WebSocket.connect at 0x00000295FBC081A0>
    └ <websocket._core.WebSocket object at 0x00000295FBCE2B70>
  File "C:\Users\pecas\AppData\Local\Python\pythoncore-3.14-64\Lib\site-packages\websocket\_core.py", line 263, in connect
    self.sock, addrs = connect(
    │    │             └ <function connect at 0x00000295FBBFD590>
    │    └ None
    └ <websocket._core.WebSocket object at 0x00000295FBCE2B70>
  File "C:\Users\pecas\AppData\Local\Python\pythoncore-3.14-64\Lib\site-packages\websocket\_http.py", line 146, in connect
    sock = _open_socket(addrinfo_list, options.sockopt, options.timeout)
           │            │              │       │        │       └ 5
           │            │              │       │        └ <websocket._socket.sock_opt object at 0x00000295FBD321B0>
           │            │              │       └ []
           │            │              └ <websocket._socket.sock_opt object at 0x00000295FBD321B0>
           │            └ [(<AddressFamily.AF_INET6: 23>, <SocketKind.SOCK_STREAM: 1>, 6, '', ('::1', 443, 0, 0)), (<AddressFamily.AF_INET: 2>, <Socket...
           └ <function _open_socket at 0x00000295FBBFD7A0>
  File "C:\Users\pecas\AppData\Local\Python\pythoncore-3.14-64\Lib\site-packages\websocket\_http.py", line 233, in _open_socket
    raise err
          └ ConnectionRefusedError(10061, 'Nenhuma conexão pôde ser feita porque a máquina de destino as recusou ativamente', None, 10061...
  File "C:\Users\pecas\AppData\Local\Python\pythoncore-3.14-64\Lib\site-packages\websocket\_http.py", line 210, in _open_socket
    sock.connect(address)
    │    │       └ ('127.0.0.1', 443)
    │    └ <method 'connect' of '_socket.socket' objects>
    └ <socket.socket [closed] fd=-1, family=2, type=1, proto=6>

ConnectionRefusedError: [WinError 10061] Nenhuma conexão pôde ser feita porque a máquina de destino as recusou ativamente
2026-08-02 21:04:29.565 | INFO     | app.infrastructure.websocket.client:_run:105 - Reconnecting in 30.0s
2026-08-02 21:04:38.897 | ERROR    | app.infrastructure.websocket.client:_run:98 - WebSocket connection error: [WinError 10061] Nenhuma conexão pôde ser feita porque a máquina de destino as recusou ativamente
Traceback (most recent call last):

  File "C:\Users\pecas\AppData\Local\Python\pythoncore-3.14-64\Lib\threading.py", line 1044, in _bootstrap
    self._bootstrap_inner()
    │    └ <function Thread._bootstrap_inner at 0x000002BE90F0EB90>
    └ <Thread(ws-client, started 17808)>
  File "C:\Users\pecas\AppData\Local\Python\pythoncore-3.14-64\Lib\threading.py", line 1082, in _bootstrap_inner
    self._context.run(self.run)
    │    │        │   │    └ <function Thread.run at 0x000002BE90F0E820>
    │    │        │   └ <Thread(ws-client, started 17808)>
    │    │        └ <method 'run' of '_contextvars.Context' objects>
    │    └ <_contextvars.Context object at 0x000002BE943EAD80>
    └ <Thread(ws-client, started 17808)>
  File "C:\Users\pecas\AppData\Local\Python\pythoncore-3.14-64\Lib\threading.py", line 1024, in run
    self._target(*self._args, **self._kwargs)
    │    │        │    │        │    └ {}
    │    │        │    │        └ <Thread(ws-client, started 17808)>
    │    │        │    └ ()
    │    │        └ <Thread(ws-client, started 17808)>
    │    └ <bound method WebSocketClient._run of <app.infrastructure.websocket.client.WebSocketClient object at 0x000002BE943D57F0>>
    └ <Thread(ws-client, started 17808)>

> File "C:\Users\pecas\OneDrive\Área de Trabalho\print gsn\app\infrastructure\websocket\client.py", line 96, in _run
    self._connect_and_serve()
    │    └ <function WebSocketClient._connect_and_serve at 0x000002BE94413060>
    └ <app.infrastructure.websocket.client.WebSocketClient object at 0x000002BE943D57F0>

  File "C:\Users\pecas\OneDrive\Área de Trabalho\print gsn\app\infrastructure\websocket\client.py", line 110, in _connect_and_serve
    ws = websocket.create_connection(
         │         └ <function create_connection at 0x000002BE943E1850>
         └ <module 'websocket' from 'C:\\Users\\pecas\\AppData\\Local\\Python\\pythoncore-3.14-64\\Lib\\site-packages\\websocket\\__init...

  File "C:\Users\pecas\AppData\Local\Python\pythoncore-3.14-64\Lib\site-packages\websocket\_core.py", line 664, in create_connection
    websock.connect(url, **options)
    │       │       │      └ {}
    │       │       └ 'wss://localhost'
    │       └ <function WebSocket.connect at 0x000002BE943E0300>
    └ <websocket._core.WebSocket object at 0x000002BE96668CD0>
  File "C:\Users\pecas\AppData\Local\Python\pythoncore-3.14-64\Lib\site-packages\websocket\_core.py", line 263, in connect
    self.sock, addrs = connect(
    │    │             └ <function connect at 0x000002BE943CD6F0>
    │    └ None
    └ <websocket._core.WebSocket object at 0x000002BE96668CD0>
  File "C:\Users\pecas\AppData\Local\Python\pythoncore-3.14-64\Lib\site-packages\websocket\_http.py", line 146, in connect
    sock = _open_socket(addrinfo_list, options.sockopt, options.timeout)
           │            │              │       │        │       └ 5
           │            │              │       │        └ <websocket._socket.sock_opt object at 0x000002BE94537A10>
           │            │              │       └ []
           │            │              └ <websocket._socket.sock_opt object at 0x000002BE94537A10>
           │            └ [(<AddressFamily.AF_INET6: 23>, <SocketKind.SOCK_STREAM: 1>, 6, '', ('::1', 443, 0, 0)), (<AddressFamily.AF_INET: 2>, <Socket...
           └ <function _open_socket at 0x000002BE943CD900>
  File "C:\Users\pecas\AppData\Local\Python\pythoncore-3.14-64\Lib\site-packages\websocket\_http.py", line 233, in _open_socket
    raise err
          └ ConnectionRefusedError(10061, 'Nenhuma conexão pôde ser feita porque a máquina de destino as recusou ativamente', None, 10061...
  File "C:\Users\pecas\AppData\Local\Python\pythoncore-3.14-64\Lib\site-packages\websocket\_http.py", line 210, in _open_socket
    sock.connect(address)
    │    │       └ ('127.0.0.1', 443)
    │    └ <method 'connect' of '_socket.socket' objects>
    └ <socket.socket [closed] fd=-1, family=2, type=1, proto=6>

ConnectionRefusedError: [WinError 10061] Nenhuma conexão pôde ser feita porque a máquina de destino as recusou ativamente
2026-08-02 21:04:38.900 | INFO     | app.infrastructure.websocket.client:_run:105 - Reconnecting in 30.0s
2026-08-02 21:05:03.650 | ERROR    | app.infrastructure.websocket.client:_run:98 - WebSocket connection error: [WinError 10061] Nenhuma conexão pôde ser feita porque a máquina de destino as recusou ativamente
Traceback (most recent call last):

  File "C:\Users\pecas\AppData\Local\Python\pythoncore-3.14-64\Lib\threading.py", line 1044, in _bootstrap
    self._bootstrap_inner()
    │    └ <function Thread._bootstrap_inner at 0x00000295F872EB90>
    └ <Thread(ws-client, started 8464)>
  File "C:\Users\pecas\AppData\Local\Python\pythoncore-3.14-64\Lib\threading.py", line 1082, in _bootstrap_inner
    self._context.run(self.run)
    │    │        │   │    └ <function Thread.run at 0x00000295F872E820>
    │    │        │   └ <Thread(ws-client, started 8464)>
    │    │        └ <method 'run' of '_contextvars.Context' objects>
    │    └ <_contextvars.Context object at 0x00000295FBC6FDC0>
    └ <Thread(ws-client, started 8464)>
  File "C:\Users\pecas\AppData\Local\Python\pythoncore-3.14-64\Lib\threading.py", line 1024, in run
    self._target(*self._args, **self._kwargs)
    │    │        │    │        │    └ {}
    │    │        │    │        └ <Thread(ws-client, started 8464)>
    │    │        │    └ ()
    │    │        └ <Thread(ws-client, started 8464)>
    │    └ <bound method WebSocketClient._run of <app.infrastructure.websocket.client.WebSocketClient object at 0x00000295FBC196A0>>
    └ <Thread(ws-client, started 8464)>

> File "C:\Users\pecas\OneDrive\Área de Trabalho\print gsn\app\infrastructure\websocket\client.py", line 96, in _run
    self._connect_and_serve()
    │    └ <function WebSocketClient._connect_and_serve at 0x00000295FBC26B90>
    └ <app.infrastructure.websocket.client.WebSocketClient object at 0x00000295FBC196A0>

  File "C:\Users\pecas\OneDrive\Área de Trabalho\print gsn\app\infrastructure\websocket\client.py", line 110, in _connect_and_serve
    ws = websocket.create_connection(
         │         └ <function create_connection at 0x00000295FBC096F0>
         └ <module 'websocket' from 'C:\\Users\\pecas\\AppData\\Local\\Python\\pythoncore-3.14-64\\Lib\\site-packages\\websocket\\__init...

  File "C:\Users\pecas\AppData\Local\Python\pythoncore-3.14-64\Lib\site-packages\websocket\_core.py", line 664, in create_connection
    websock.connect(url, **options)
    │       │       │      └ {}
    │       │       └ 'wss://localhost'
    │       └ <function WebSocket.connect at 0x00000295FBC081A0>
    └ <websocket._core.WebSocket object at 0x00000295FBCE2D50>
  File "C:\Users\pecas\AppData\Local\Python\pythoncore-3.14-64\Lib\site-packages\websocket\_core.py", line 263, in connect
    self.sock, addrs = connect(
    │    │             └ <function connect at 0x00000295FBBFD590>
    │    └ None
    └ <websocket._core.WebSocket object at 0x00000295FBCE2D50>
  File "C:\Users\pecas\AppData\Local\Python\pythoncore-3.14-64\Lib\site-packages\websocket\_http.py", line 146, in connect
    sock = _open_socket(addrinfo_list, options.sockopt, options.timeout)
           │            │              │       │        │       └ 5
           │            │              │       │        └ <websocket._socket.sock_opt object at 0x00000295FBD32330>
           │            │              │       └ []
           │            │              └ <websocket._socket.sock_opt object at 0x00000295FBD32330>
           │            └ [(<AddressFamily.AF_INET6: 23>, <SocketKind.SOCK_STREAM: 1>, 6, '', ('::1', 443, 0, 0)), (<AddressFamily.AF_INET: 2>, <Socket...
           └ <function _open_socket at 0x00000295FBBFD7A0>
  File "C:\Users\pecas\AppData\Local\Python\pythoncore-3.14-64\Lib\site-packages\websocket\_http.py", line 233, in _open_socket
    raise err
          └ ConnectionRefusedError(10061, 'Nenhuma conexão pôde ser feita porque a máquina de destino as recusou ativamente', None, 10061...
  File "C:\Users\pecas\AppData\Local\Python\pythoncore-3.14-64\Lib\site-packages\websocket\_http.py", line 210, in _open_socket
    sock.connect(address)
    │    │       └ ('127.0.0.1', 443)
    │    └ <method 'connect' of '_socket.socket' objects>
    └ <socket.socket [closed] fd=-1, family=2, type=1, proto=6>

ConnectionRefusedError: [WinError 10061] Nenhuma conexão pôde ser feita porque a máquina de destino as recusou ativamente
2026-08-02 21:05:03.652 | INFO     | app.infrastructure.websocket.client:_run:105 - Reconnecting in 30.0s
2026-08-02 21:05:12.972 | ERROR    | app.infrastructure.websocket.client:_run:98 - WebSocket connection error: [WinError 10061] Nenhuma conexão pôde ser feita porque a máquina de destino as recusou ativamente
Traceback (most recent call last):

  File "C:\Users\pecas\AppData\Local\Python\pythoncore-3.14-64\Lib\threading.py", line 1044, in _bootstrap
    self._bootstrap_inner()
    │    └ <function Thread._bootstrap_inner at 0x000002BE90F0EB90>
    └ <Thread(ws-client, started 17808)>
  File "C:\Users\pecas\AppData\Local\Python\pythoncore-3.14-64\Lib\threading.py", line 1082, in _bootstrap_inner
    self._context.run(self.run)
    │    │        │   │    └ <function Thread.run at 0x000002BE90F0E820>
    │    │        │   └ <Thread(ws-client, started 17808)>
    │    │        └ <method 'run' of '_contextvars.Context' objects>
    │    └ <_contextvars.Context object at 0x000002BE943EAD80>
    └ <Thread(ws-client, started 17808)>
  File "C:\Users\pecas\AppData\Local\Python\pythoncore-3.14-64\Lib\threading.py", line 1024, in run
    self._target(*self._args, **self._kwargs)
    │    │        │    │        │    └ {}
    │    │        │    │        └ <Thread(ws-client, started 17808)>
    │    │        │    └ ()
    │    │        └ <Thread(ws-client, started 17808)>
    │    └ <bound method WebSocketClient._run of <app.infrastructure.websocket.client.WebSocketClient object at 0x000002BE943D57F0>>
    └ <Thread(ws-client, started 17808)>

> File "C:\Users\pecas\OneDrive\Área de Trabalho\print gsn\app\infrastructure\websocket\client.py", line 96, in _run
    self._connect_and_serve()
    │    └ <function WebSocketClient._connect_and_serve at 0x000002BE94413060>
    └ <app.infrastructure.websocket.client.WebSocketClient object at 0x000002BE943D57F0>

  File "C:\Users\pecas\OneDrive\Área de Trabalho\print gsn\app\infrastructure\websocket\client.py", line 110, in _connect_and_serve
    ws = websocket.create_connection(
         │         └ <function create_connection at 0x000002BE943E1850>
         └ <module 'websocket' from 'C:\\Users\\pecas\\AppData\\Local\\Python\\pythoncore-3.14-64\\Lib\\site-packages\\websocket\\__init...

  File "C:\Users\pecas\AppData\Local\Python\pythoncore-3.14-64\Lib\site-packages\websocket\_core.py", line 664, in create_connection
    websock.connect(url, **options)
    │       │       │      └ {}
    │       │       └ 'wss://localhost'
    │       └ <function WebSocket.connect at 0x000002BE943E0300>
    └ <websocket._core.WebSocket object at 0x000002BE96668EB0>
  File "C:\Users\pecas\AppData\Local\Python\pythoncore-3.14-64\Lib\site-packages\websocket\_core.py", line 263, in connect
    self.sock, addrs = connect(
    │    │             └ <function connect at 0x000002BE943CD6F0>
    │    └ None
    └ <websocket._core.WebSocket object at 0x000002BE96668EB0>
  File "C:\Users\pecas\AppData\Local\Python\pythoncore-3.14-64\Lib\site-packages\websocket\_http.py", line 146, in connect
    sock = _open_socket(addrinfo_list, options.sockopt, options.timeout)
           │            │              │       │        │       └ 5
           │            │              │       │        └ <websocket._socket.sock_opt object at 0x000002BE94537B90>
           │            │              │       └ []
           │            │              └ <websocket._socket.sock_opt object at 0x000002BE94537B90>
           │            └ [(<AddressFamily.AF_INET6: 23>, <SocketKind.SOCK_STREAM: 1>, 6, '', ('::1', 443, 0, 0)), (<AddressFamily.AF_INET: 2>, <Socket...
           └ <function _open_socket at 0x000002BE943CD900>
  File "C:\Users\pecas\AppData\Local\Python\pythoncore-3.14-64\Lib\site-packages\websocket\_http.py", line 233, in _open_socket
    raise err
          └ ConnectionRefusedError(10061, 'Nenhuma conexão pôde ser feita porque a máquina de destino as recusou ativamente', None, 10061...
  File "C:\Users\pecas\AppData\Local\Python\pythoncore-3.14-64\Lib\site-packages\websocket\_http.py", line 210, in _open_socket
    sock.connect(address)
    │    │       └ ('127.0.0.1', 443)
    │    └ <method 'connect' of '_socket.socket' objects>
    └ <socket.socket [closed] fd=-1, family=2, type=1, proto=6>

ConnectionRefusedError: [WinError 10061] Nenhuma conexão pôde ser feita porque a máquina de destino as recusou ativamente
2026-08-02 21:05:12.974 | INFO     | app.infrastructure.websocket.client:_run:105 - Reconnecting in 30.0s
2026-08-02 21:05:37.732 | ERROR    | app.infrastructure.websocket.client:_run:98 - WebSocket connection error: [WinError 10061] Nenhuma conexão pôde ser feita porque a máquina de destino as recusou ativamente
Traceback (most recent call last):

  File "C:\Users\pecas\AppData\Local\Python\pythoncore-3.14-64\Lib\threading.py", line 1044, in _bootstrap
    self._bootstrap_inner()
    │    └ <function Thread._bootstrap_inner at 0x00000295F872EB90>
    └ <Thread(ws-client, started 8464)>
  File "C:\Users\pecas\AppData\Local\Python\pythoncore-3.14-64\Lib\threading.py", line 1082, in _bootstrap_inner
    self._context.run(self.run)
    │    │        │   │    └ <function Thread.run at 0x00000295F872E820>
    │    │        │   └ <Thread(ws-client, started 8464)>
    │    │        └ <method 'run' of '_contextvars.Context' objects>
    │    └ <_contextvars.Context object at 0x00000295FBC6FDC0>
    └ <Thread(ws-client, started 8464)>
  File "C:\Users\pecas\AppData\Local\Python\pythoncore-3.14-64\Lib\threading.py", line 1024, in run
    self._target(*self._args, **self._kwargs)
    │    │        │    │        │    └ {}
    │    │        │    │        └ <Thread(ws-client, started 8464)>
    │    │        │    └ ()
    │    │        └ <Thread(ws-client, started 8464)>
    │    └ <bound method WebSocketClient._run of <app.infrastructure.websocket.client.WebSocketClient object at 0x00000295FBC196A0>>
    └ <Thread(ws-client, started 8464)>

> File "C:\Users\pecas\OneDrive\Área de Trabalho\print gsn\app\infrastructure\websocket\client.py", line 96, in _run
    self._connect_and_serve()
    │    └ <function WebSocketClient._connect_and_serve at 0x00000295FBC26B90>
    └ <app.infrastructure.websocket.client.WebSocketClient object at 0x00000295FBC196A0>

  File "C:\Users\pecas\OneDrive\Área de Trabalho\print gsn\app\infrastructure\websocket\client.py", line 110, in _connect_and_serve
    ws = websocket.create_connection(
         │         └ <function create_connection at 0x00000295FBC096F0>
         └ <module 'websocket' from 'C:\\Users\\pecas\\AppData\\Local\\Python\\pythoncore-3.14-64\\Lib\\site-packages\\websocket\\__init...

  File "C:\Users\pecas\AppData\Local\Python\pythoncore-3.14-64\Lib\site-packages\websocket\_core.py", line 664, in create_connection
    websock.connect(url, **options)
    │       │       │      └ {}
    │       │       └ 'wss://localhost'
    │       └ <function WebSocket.connect at 0x00000295FBC081A0>
    └ <websocket._core.WebSocket object at 0x00000295FBCE2CB0>
  File "C:\Users\pecas\AppData\Local\Python\pythoncore-3.14-64\Lib\site-packages\websocket\_core.py", line 263, in connect
    self.sock, addrs = connect(
    │    │             └ <function connect at 0x00000295FBBFD590>
    │    └ None
    └ <websocket._core.WebSocket object at 0x00000295FBCE2CB0>
  File "C:\Users\pecas\AppData\Local\Python\pythoncore-3.14-64\Lib\site-packages\websocket\_http.py", line 146, in connect
    sock = _open_socket(addrinfo_list, options.sockopt, options.timeout)
           │            │              │       │        │       └ 5
           │            │              │       │        └ <websocket._socket.sock_opt object at 0x00000295FBD324B0>
           │            │              │       └ []
           │            │              └ <websocket._socket.sock_opt object at 0x00000295FBD324B0>
           │            └ [(<AddressFamily.AF_INET6: 23>, <SocketKind.SOCK_STREAM: 1>, 6, '', ('::1', 443, 0, 0)), (<AddressFamily.AF_INET: 2>, <Socket...
           └ <function _open_socket at 0x00000295FBBFD7A0>
  File "C:\Users\pecas\AppData\Local\Python\pythoncore-3.14-64\Lib\site-packages\websocket\_http.py", line 233, in _open_socket
    raise err
          └ ConnectionRefusedError(10061, 'Nenhuma conexão pôde ser feita porque a máquina de destino as recusou ativamente', None, 10061...
  File "C:\Users\pecas\AppData\Local\Python\pythoncore-3.14-64\Lib\site-packages\websocket\_http.py", line 210, in _open_socket
    sock.connect(address)
    │    │       └ ('127.0.0.1', 443)
    │    └ <method 'connect' of '_socket.socket' objects>
    └ <socket.socket [closed] fd=-1, family=2, type=1, proto=6>

ConnectionRefusedError: [WinError 10061] Nenhuma conexão pôde ser feita porque a máquina de destino as recusou ativamente
2026-08-02 21:05:37.734 | INFO     | app.infrastructure.websocket.client:_run:105 - Reconnecting in 30.0s
2026-08-02 21:05:47.050 | ERROR    | app.infrastructure.websocket.client:_run:98 - WebSocket connection error: [WinError 10061] Nenhuma conexão pôde ser feita porque a máquina de destino as recusou ativamente
Traceback (most recent call last):

  File "C:\Users\pecas\AppData\Local\Python\pythoncore-3.14-64\Lib\threading.py", line 1044, in _bootstrap
    self._bootstrap_inner()
    │    └ <function Thread._bootstrap_inner at 0x000002BE90F0EB90>
    └ <Thread(ws-client, started 17808)>
  File "C:\Users\pecas\AppData\Local\Python\pythoncore-3.14-64\Lib\threading.py", line 1082, in _bootstrap_inner
    self._context.run(self.run)
    │    │        │   │    └ <function Thread.run at 0x000002BE90F0E820>
    │    │        │   └ <Thread(ws-client, started 17808)>
    │    │        └ <method 'run' of '_contextvars.Context' objects>
    │    └ <_contextvars.Context object at 0x000002BE943EAD80>
    └ <Thread(ws-client, started 17808)>
  File "C:\Users\pecas\AppData\Local\Python\pythoncore-3.14-64\Lib\threading.py", line 1024, in run
    self._target(*self._args, **self._kwargs)
    │    │        │    │        │    └ {}
    │    │        │    │        └ <Thread(ws-client, started 17808)>
    │    │        │    └ ()
    │    │        └ <Thread(ws-client, started 17808)>
    │    └ <bound method WebSocketClient._run of <app.infrastructure.websocket.client.WebSocketClient object at 0x000002BE943D57F0>>
    └ <Thread(ws-client, started 17808)>

> File "C:\Users\pecas\OneDrive\Área de Trabalho\print gsn\app\infrastructure\websocket\client.py", line 96, in _run
    self._connect_and_serve()
    │    └ <function WebSocketClient._connect_and_serve at 0x000002BE94413060>
    └ <app.infrastructure.websocket.client.WebSocketClient object at 0x000002BE943D57F0>

  File "C:\Users\pecas\OneDrive\Área de Trabalho\print gsn\app\infrastructure\websocket\client.py", line 110, in _connect_and_serve
    ws = websocket.create_connection(
         │         └ <function create_connection at 0x000002BE943E1850>
         └ <module 'websocket' from 'C:\\Users\\pecas\\AppData\\Local\\Python\\pythoncore-3.14-64\\Lib\\site-packages\\websocket\\__init...

  File "C:\Users\pecas\AppData\Local\Python\pythoncore-3.14-64\Lib\site-packages\websocket\_core.py", line 664, in create_connection
    websock.connect(url, **options)
    │       │       │      └ {}
    │       │       └ 'wss://localhost'
    │       └ <function WebSocket.connect at 0x000002BE943E0300>
    └ <websocket._core.WebSocket object at 0x000002BE96668E10>
  File "C:\Users\pecas\AppData\Local\Python\pythoncore-3.14-64\Lib\site-packages\websocket\_core.py", line 263, in connect
    self.sock, addrs = connect(
    │    │             └ <function connect at 0x000002BE943CD6F0>
    │    └ None
    └ <websocket._core.WebSocket object at 0x000002BE96668E10>
  File "C:\Users\pecas\AppData\Local\Python\pythoncore-3.14-64\Lib\site-packages\websocket\_http.py", line 146, in connect
    sock = _open_socket(addrinfo_list, options.sockopt, options.timeout)
           │            │              │       │        │       └ 5
           │            │              │       │        └ <websocket._socket.sock_opt object at 0x000002BE94537D10>
           │            │              │       └ []
           │            │              └ <websocket._socket.sock_opt object at 0x000002BE94537D10>
           │            └ [(<AddressFamily.AF_INET6: 23>, <SocketKind.SOCK_STREAM: 1>, 6, '', ('::1', 443, 0, 0)), (<AddressFamily.AF_INET: 2>, <Socket...
           └ <function _open_socket at 0x000002BE943CD900>
  File "C:\Users\pecas\AppData\Local\Python\pythoncore-3.14-64\Lib\site-packages\websocket\_http.py", line 233, in _open_socket
    raise err
          └ ConnectionRefusedError(10061, 'Nenhuma conexão pôde ser feita porque a máquina de destino as recusou ativamente', None, 10061...
  File "C:\Users\pecas\AppData\Local\Python\pythoncore-3.14-64\Lib\site-packages\websocket\_http.py", line 210, in _open_socket
    sock.connect(address)
    │    │       └ ('127.0.0.1', 443)
    │    └ <method 'connect' of '_socket.socket' objects>
    └ <socket.socket [closed] fd=-1, family=2, type=1, proto=6>

ConnectionRefusedError: [WinError 10061] Nenhuma conexão pôde ser feita porque a máquina de destino as recusou ativamente
2026-08-02 21:05:47.053 | INFO     | app.infrastructure.websocket.client:_run:105 - Reconnecting in 30.0s
2026-08-02 21:06:11.804 | ERROR    | app.infrastructure.websocket.client:_run:98 - WebSocket connection error: [WinError 10061] Nenhuma conexão pôde ser feita porque a máquina de destino as recusou ativamente
Traceback (most recent call last):

  File "C:\Users\pecas\AppData\Local\Python\pythoncore-3.14-64\Lib\threading.py", line 1044, in _bootstrap
    self._bootstrap_inner()
    │    └ <function Thread._bootstrap_inner at 0x00000295F872EB90>
    └ <Thread(ws-client, started 8464)>
  File "C:\Users\pecas\AppData\Local\Python\pythoncore-3.14-64\Lib\threading.py", line 1082, in _bootstrap_inner
    self._context.run(self.run)
    │    │        │   │    └ <function Thread.run at 0x00000295F872E820>
    │    │        │   └ <Thread(ws-client, started 8464)>
    │    │        └ <method 'run' of '_contextvars.Context' objects>
    │    └ <_contextvars.Context object at 0x00000295FBC6FDC0>
    └ <Thread(ws-client, started 8464)>
  File "C:\Users\pecas\AppData\Local\Python\pythoncore-3.14-64\Lib\threading.py", line 1024, in run
    self._target(*self._args, **self._kwargs)
    │    │        │    │        │    └ {}
    │    │        │    │        └ <Thread(ws-client, started 8464)>
    │    │        │    └ ()
    │    │        └ <Thread(ws-client, started 8464)>
    │    └ <bound method WebSocketClient._run of <app.infrastructure.websocket.client.WebSocketClient object at 0x00000295FBC196A0>>
    └ <Thread(ws-client, started 8464)>

> File "C:\Users\pecas\OneDrive\Área de Trabalho\print gsn\app\infrastructure\websocket\client.py", line 96, in _run
    self._connect_and_serve()
    │    └ <function WebSocketClient._connect_and_serve at 0x00000295FBC26B90>
    └ <app.infrastructure.websocket.client.WebSocketClient object at 0x00000295FBC196A0>

  File "C:\Users\pecas\OneDrive\Área de Trabalho\print gsn\app\infrastructure\websocket\client.py", line 110, in _connect_and_serve
    ws = websocket.create_connection(
         │         └ <function create_connection at 0x00000295FBC096F0>
         └ <module 'websocket' from 'C:\\Users\\pecas\\AppData\\Local\\Python\\pythoncore-3.14-64\\Lib\\site-packages\\websocket\\__init...

  File "C:\Users\pecas\AppData\Local\Python\pythoncore-3.14-64\Lib\site-packages\websocket\_core.py", line 664, in create_connection
    websock.connect(url, **options)
    │       │       │      └ {}
    │       │       └ 'wss://localhost'
    │       └ <function WebSocket.connect at 0x00000295FBC081A0>
    └ <websocket._core.WebSocket object at 0x00000295FBCE2E90>
  File "C:\Users\pecas\AppData\Local\Python\pythoncore-3.14-64\Lib\site-packages\websocket\_core.py", line 263, in connect
    self.sock, addrs = connect(
    │    │             └ <function connect at 0x00000295FBBFD590>
    │    └ None
    └ <websocket._core.WebSocket object at 0x00000295FBCE2E90>
  File "C:\Users\pecas\AppData\Local\Python\pythoncore-3.14-64\Lib\site-packages\websocket\_http.py", line 146, in connect
    sock = _open_socket(addrinfo_list, options.sockopt, options.timeout)
           │            │              │       │        │       └ 5
           │            │              │       │        └ <websocket._socket.sock_opt object at 0x00000295FBD32630>
           │            │              │       └ []
           │            │              └ <websocket._socket.sock_opt object at 0x00000295FBD32630>
           │            └ [(<AddressFamily.AF_INET6: 23>, <SocketKind.SOCK_STREAM: 1>, 6, '', ('::1', 443, 0, 0)), (<AddressFamily.AF_INET: 2>, <Socket...
           └ <function _open_socket at 0x00000295FBBFD7A0>
  File "C:\Users\pecas\AppData\Local\Python\pythoncore-3.14-64\Lib\site-packages\websocket\_http.py", line 233, in _open_socket
    raise err
          └ ConnectionRefusedError(10061, 'Nenhuma conexão pôde ser feita porque a máquina de destino as recusou ativamente', None, 10061...
  File "C:\Users\pecas\AppData\Local\Python\pythoncore-3.14-64\Lib\site-packages\websocket\_http.py", line 210, in _open_socket
    sock.connect(address)
    │    │       └ ('127.0.0.1', 443)
    │    └ <method 'connect' of '_socket.socket' objects>
    └ <socket.socket [closed] fd=-1, family=2, type=1, proto=6>

ConnectionRefusedError: [WinError 10061] Nenhuma conexão pôde ser feita porque a máquina de destino as recusou ativamente
2026-08-02 21:06:11.806 | INFO     | app.infrastructure.websocket.client:_run:105 - Reconnecting in 30.0s
2026-08-02 21:06:21.102 | ERROR    | app.infrastructure.websocket.client:_run:98 - WebSocket connection error: [WinError 10061] Nenhuma conexão pôde ser feita porque a máquina de destino as recusou ativamente
Traceback (most recent call last):

  File "C:\Users\pecas\AppData\Local\Python\pythoncore-3.14-64\Lib\threading.py", line 1044, in _bootstrap
    self._bootstrap_inner()
    │    └ <function Thread._bootstrap_inner at 0x000002BE90F0EB90>
    └ <Thread(ws-client, started 17808)>
  File "C:\Users\pecas\AppData\Local\Python\pythoncore-3.14-64\Lib\threading.py", line 1082, in _bootstrap_inner
    self._context.run(self.run)
    │    │        │   │    └ <function Thread.run at 0x000002BE90F0E820>
    │    │        │   └ <Thread(ws-client, started 17808)>
    │    │        └ <method 'run' of '_contextvars.Context' objects>
    │    └ <_contextvars.Context object at 0x000002BE943EAD80>
    └ <Thread(ws-client, started 17808)>
  File "C:\Users\pecas\AppData\Local\Python\pythoncore-3.14-64\Lib\threading.py", line 1024, in run
    self._target(*self._args, **self._kwargs)
    │    │        │    │        │    └ {}
    │    │        │    │        └ <Thread(ws-client, started 17808)>
    │    │        │    └ ()
    │    │        └ <Thread(ws-client, started 17808)>
    │    └ <bound method WebSocketClient._run of <app.infrastructure.websocket.client.WebSocketClient object at 0x000002BE943D57F0>>
    └ <Thread(ws-client, started 17808)>

> File "C:\Users\pecas\OneDrive\Área de Trabalho\print gsn\app\infrastructure\websocket\client.py", line 96, in _run
    self._connect_and_serve()
    │    └ <function WebSocketClient._connect_and_serve at 0x000002BE94413060>
    └ <app.infrastructure.websocket.client.WebSocketClient object at 0x000002BE943D57F0>

  File "C:\Users\pecas\OneDrive\Área de Trabalho\print gsn\app\infrastructure\websocket\client.py", line 110, in _connect_and_serve
    ws = websocket.create_connection(
         │         └ <function create_connection at 0x000002BE943E1850>
         └ <module 'websocket' from 'C:\\Users\\pecas\\AppData\\Local\\Python\\pythoncore-3.14-64\\Lib\\site-packages\\websocket\\__init...

  File "C:\Users\pecas\AppData\Local\Python\pythoncore-3.14-64\Lib\site-packages\websocket\_core.py", line 664, in create_connection
    websock.connect(url, **options)
    │       │       │      └ {}
    │       │       └ 'wss://localhost'
    │       └ <function WebSocket.connect at 0x000002BE943E0300>
    └ <websocket._core.WebSocket object at 0x000002BE96668FF0>
  File "C:\Users\pecas\AppData\Local\Python\pythoncore-3.14-64\Lib\site-packages\websocket\_core.py", line 263, in connect
    self.sock, addrs = connect(
    │    │             └ <function connect at 0x000002BE943CD6F0>
    │    └ None
    └ <websocket._core.WebSocket object at 0x000002BE96668FF0>
  File "C:\Users\pecas\AppData\Local\Python\pythoncore-3.14-64\Lib\site-packages\websocket\_http.py", line 146, in connect
    sock = _open_socket(addrinfo_list, options.sockopt, options.timeout)
           │            │              │       │        │       └ 5
           │            │              │       │        └ <websocket._socket.sock_opt object at 0x000002BE94537E90>
           │            │              │       └ []
           │            │              └ <websocket._socket.sock_opt object at 0x000002BE94537E90>
           │            └ [(<AddressFamily.AF_INET6: 23>, <SocketKind.SOCK_STREAM: 1>, 6, '', ('::1', 443, 0, 0)), (<AddressFamily.AF_INET: 2>, <Socket...
           └ <function _open_socket at 0x000002BE943CD900>
  File "C:\Users\pecas\AppData\Local\Python\pythoncore-3.14-64\Lib\site-packages\websocket\_http.py", line 233, in _open_socket
    raise err
          └ ConnectionRefusedError(10061, 'Nenhuma conexão pôde ser feita porque a máquina de destino as recusou ativamente', None, 10061...
  File "C:\Users\pecas\AppData\Local\Python\pythoncore-3.14-64\Lib\site-packages\websocket\_http.py", line 210, in _open_socket
    sock.connect(address)
    │    │       └ ('127.0.0.1', 443)
    │    └ <method 'connect' of '_socket.socket' objects>
    └ <socket.socket [closed] fd=-1, family=2, type=1, proto=6>

ConnectionRefusedError: [WinError 10061] Nenhuma conexão pôde ser feita porque a máquina de destino as recusou ativamente
2026-08-02 21:06:21.105 | INFO     | app.infrastructure.websocket.client:_run:105 - Reconnecting in 30.0s
2026-08-02 21:06:45.893 | ERROR    | app.infrastructure.websocket.client:_run:98 - WebSocket connection error: [WinError 10061] Nenhuma conexão pôde ser feita porque a máquina de destino as recusou ativamente
Traceback (most recent call last):

  File "C:\Users\pecas\AppData\Local\Python\pythoncore-3.14-64\Lib\threading.py", line 1044, in _bootstrap
    self._bootstrap_inner()
    │    └ <function Thread._bootstrap_inner at 0x00000295F872EB90>
    └ <Thread(ws-client, started 8464)>
  File "C:\Users\pecas\AppData\Local\Python\pythoncore-3.14-64\Lib\threading.py", line 1082, in _bootstrap_inner
    self._context.run(self.run)
    │    │        │   │    └ <function Thread.run at 0x00000295F872E820>
    │    │        │   └ <Thread(ws-client, started 8464)>
    │    │        └ <method 'run' of '_contextvars.Context' objects>
    │    └ <_contextvars.Context object at 0x00000295FBC6FDC0>
    └ <Thread(ws-client, started 8464)>
  File "C:\Users\pecas\AppData\Local\Python\pythoncore-3.14-64\Lib\threading.py", line 1024, in run
    self._target(*self._args, **self._kwargs)
    │    │        │    │        │    └ {}
    │    │        │    │        └ <Thread(ws-client, started 8464)>
    │    │        │    └ ()
    │    │        └ <Thread(ws-client, started 8464)>
    │    └ <bound method WebSocketClient._run of <app.infrastructure.websocket.client.WebSocketClient object at 0x00000295FBC196A0>>
    └ <Thread(ws-client, started 8464)>

> File "C:\Users\pecas\OneDrive\Área de Trabalho\print gsn\app\infrastructure\websocket\client.py", line 96, in _run
    self._connect_and_serve()
    │    └ <function WebSocketClient._connect_and_serve at 0x00000295FBC26B90>
    └ <app.infrastructure.websocket.client.WebSocketClient object at 0x00000295FBC196A0>

  File "C:\Users\pecas\OneDrive\Área de Trabalho\print gsn\app\infrastructure\websocket\client.py", line 110, in _connect_and_serve
    ws = websocket.create_connection(
         │         └ <function create_connection at 0x00000295FBC096F0>
         └ <module 'websocket' from 'C:\\Users\\pecas\\AppData\\Local\\Python\\pythoncore-3.14-64\\Lib\\site-packages\\websocket\\__init...

  File "C:\Users\pecas\AppData\Local\Python\pythoncore-3.14-64\Lib\site-packages\websocket\_core.py", line 664, in create_connection
    websock.connect(url, **options)
    │       │       │      └ {}
    │       │       └ 'wss://localhost'
    │       └ <function WebSocket.connect at 0x00000295FBC081A0>
    └ <websocket._core.WebSocket object at 0x00000295FBCE2DF0>
  File "C:\Users\pecas\AppData\Local\Python\pythoncore-3.14-64\Lib\site-packages\websocket\_core.py", line 263, in connect
    self.sock, addrs = connect(
    │    │             └ <function connect at 0x00000295FBBFD590>
    │    └ None
    └ <websocket._core.WebSocket object at 0x00000295FBCE2DF0>
  File "C:\Users\pecas\AppData\Local\Python\pythoncore-3.14-64\Lib\site-packages\websocket\_http.py", line 146, in connect
    sock = _open_socket(addrinfo_list, options.sockopt, options.timeout)
           │            │              │       │        │       └ 5
           │            │              │       │        └ <websocket._socket.sock_opt object at 0x00000295FBD327B0>
           │            │              │       └ []
           │            │              └ <websocket._socket.sock_opt object at 0x00000295FBD327B0>
           │            └ [(<AddressFamily.AF_INET6: 23>, <SocketKind.SOCK_STREAM: 1>, 6, '', ('::1', 443, 0, 0)), (<AddressFamily.AF_INET: 2>, <Socket...
           └ <function _open_socket at 0x00000295FBBFD7A0>
  File "C:\Users\pecas\AppData\Local\Python\pythoncore-3.14-64\Lib\site-packages\websocket\_http.py", line 233, in _open_socket
    raise err
          └ ConnectionRefusedError(10061, 'Nenhuma conexão pôde ser feita porque a máquina de destino as recusou ativamente', None, 10061...
  File "C:\Users\pecas\AppData\Local\Python\pythoncore-3.14-64\Lib\site-packages\websocket\_http.py", line 210, in _open_socket
    sock.connect(address)
    │    │       └ ('127.0.0.1', 443)
    │    └ <method 'connect' of '_socket.socket' objects>
    └ <socket.socket [closed] fd=-1, family=2, type=1, proto=6>

ConnectionRefusedError: [WinError 10061] Nenhuma conexão pôde ser feita porque a máquina de destino as recusou ativamente
2026-08-02 21:06:45.895 | INFO     | app.infrastructure.websocket.client:_run:105 - Reconnecting in 30.0s
2026-08-02 21:06:55.152 | ERROR    | app.infrastructure.websocket.client:_run:98 - WebSocket connection error: [WinError 10061] Nenhuma conexão pôde ser feita porque a máquina de destino as recusou ativamente
Traceback (most recent call last):

  File "C:\Users\pecas\AppData\Local\Python\pythoncore-3.14-64\Lib\threading.py", line 1044, in _bootstrap
    self._bootstrap_inner()
    │    └ <function Thread._bootstrap_inner at 0x000002BE90F0EB90>
    └ <Thread(ws-client, started 17808)>
  File "C:\Users\pecas\AppData\Local\Python\pythoncore-3.14-64\Lib\threading.py", line 1082, in _bootstrap_inner
    self._context.run(self.run)
    │    │        │   │    └ <function Thread.run at 0x000002BE90F0E820>
    │    │        │   └ <Thread(ws-client, started 17808)>
    │    │        └ <method 'run' of '_contextvars.Context' objects>
    │    └ <_contextvars.Context object at 0x000002BE943EAD80>
    └ <Thread(ws-client, started 17808)>
  File "C:\Users\pecas\AppData\Local\Python\pythoncore-3.14-64\Lib\threading.py", line 1024, in run
    self._target(*self._args, **self._kwargs)
    │    │        │    │        │    └ {}
    │    │        │    │        └ <Thread(ws-client, started 17808)>
    │    │        │    └ ()
    │    │        └ <Thread(ws-client, started 17808)>
    │    └ <bound method WebSocketClient._run of <app.infrastructure.websocket.client.WebSocketClient object at 0x000002BE943D57F0>>
    └ <Thread(ws-client, started 17808)>

> File "C:\Users\pecas\OneDrive\Área de Trabalho\print gsn\app\infrastructure\websocket\client.py", line 96, in _run
    self._connect_and_serve()
    │    └ <function WebSocketClient._connect_and_serve at 0x000002BE94413060>
    └ <app.infrastructure.websocket.client.WebSocketClient object at 0x000002BE943D57F0>

  File "C:\Users\pecas\OneDrive\Área de Trabalho\print gsn\app\infrastructure\websocket\client.py", line 110, in _connect_and_serve
    ws = websocket.create_connection(
         │         └ <function create_connection at 0x000002BE943E1850>
         └ <module 'websocket' from 'C:\\Users\\pecas\\AppData\\Local\\Python\\pythoncore-3.14-64\\Lib\\site-packages\\websocket\\__init...

  File "C:\Users\pecas\AppData\Local\Python\pythoncore-3.14-64\Lib\site-packages\websocket\_core.py", line 664, in create_connection
    websock.connect(url, **options)
    │       │       │      └ {}
    │       │       └ 'wss://localhost'
    │       └ <function WebSocket.connect at 0x000002BE943E0300>
    └ <websocket._core.WebSocket object at 0x000002BE96668F50>
  File "C:\Users\pecas\AppData\Local\Python\pythoncore-3.14-64\Lib\site-packages\websocket\_core.py", line 263, in connect
    self.sock, addrs = connect(
    │    │             └ <function connect at 0x000002BE943CD6F0>
    │    └ None
    └ <websocket._core.WebSocket object at 0x000002BE96668F50>
  File "C:\Users\pecas\AppData\Local\Python\pythoncore-3.14-64\Lib\site-packages\websocket\_http.py", line 146, in connect
    sock = _open_socket(addrinfo_list, options.sockopt, options.timeout)
           │            │              │       │        │       └ 5
           │            │              │       │        └ <websocket._socket.sock_opt object at 0x000002BE94537FB0>
           │            │              │       └ []
           │            │              └ <websocket._socket.sock_opt object at 0x000002BE94537FB0>
           │            └ [(<AddressFamily.AF_INET6: 23>, <SocketKind.SOCK_STREAM: 1>, 6, '', ('::1', 443, 0, 0)), (<AddressFamily.AF_INET: 2>, <Socket...
           └ <function _open_socket at 0x000002BE943CD900>
  File "C:\Users\pecas\AppData\Local\Python\pythoncore-3.14-64\Lib\site-packages\websocket\_http.py", line 233, in _open_socket
    raise err
          └ ConnectionRefusedError(10061, 'Nenhuma conexão pôde ser feita porque a máquina de destino as recusou ativamente', None, 10061...
  File "C:\Users\pecas\AppData\Local\Python\pythoncore-3.14-64\Lib\site-packages\websocket\_http.py", line 210, in _open_socket
    sock.connect(address)
    │    │       └ ('127.0.0.1', 443)
    │    └ <method 'connect' of '_socket.socket' objects>
    └ <socket.socket [closed] fd=-1, family=2, type=1, proto=6>

ConnectionRefusedError: [WinError 10061] Nenhuma conexão pôde ser feita porque a máquina de destino as recusou ativamente
2026-08-02 21:06:55.154 | INFO     | app.infrastructure.websocket.client:_run:105 - Reconnecting in 30.0s
2026-08-02 21:07:19.968 | ERROR    | app.infrastructure.websocket.client:_run:98 - WebSocket connection error: [WinError 10061] Nenhuma conexão pôde ser feita porque a máquina de destino as recusou ativamente
Traceback (most recent call last):

  File "C:\Users\pecas\AppData\Local\Python\pythoncore-3.14-64\Lib\threading.py", line 1044, in _bootstrap
    self._bootstrap_inner()
    │    └ <function Thread._bootstrap_inner at 0x00000295F872EB90>
    └ <Thread(ws-client, started 8464)>
  File "C:\Users\pecas\AppData\Local\Python\pythoncore-3.14-64\Lib\threading.py", line 1082, in _bootstrap_inner
    self._context.run(self.run)
    │    │        │   │    └ <function Thread.run at 0x00000295F872E820>
    │    │        │   └ <Thread(ws-client, started 8464)>
    │    │        └ <method 'run' of '_contextvars.Context' objects>
    │    └ <_contextvars.Context object at 0x00000295FBC6FDC0>
    └ <Thread(ws-client, started 8464)>
  File "C:\Users\pecas\AppData\Local\Python\pythoncore-3.14-64\Lib\threading.py", line 1024, in run
    self._target(*self._args, **self._kwargs)
    │    │        │    │        │    └ {}
    │    │        │    │        └ <Thread(ws-client, started 8464)>
    │    │        │    └ ()
    │    │        └ <Thread(ws-client, started 8464)>
    │    └ <bound method WebSocketClient._run of <app.infrastructure.websocket.client.WebSocketClient object at 0x00000295FBC196A0>>
    └ <Thread(ws-client, started 8464)>

> File "C:\Users\pecas\OneDrive\Área de Trabalho\print gsn\app\infrastructure\websocket\client.py", line 96, in _run
    self._connect_and_serve()
    │    └ <function WebSocketClient._connect_and_serve at 0x00000295FBC26B90>
    └ <app.infrastructure.websocket.client.WebSocketClient object at 0x00000295FBC196A0>

  File "C:\Users\pecas\OneDrive\Área de Trabalho\print gsn\app\infrastructure\websocket\client.py", line 110, in _connect_and_serve
    ws = websocket.create_connection(
         │         └ <function create_connection at 0x00000295FBC096F0>
         └ <module 'websocket' from 'C:\\Users\\pecas\\AppData\\Local\\Python\\pythoncore-3.14-64\\Lib\\site-packages\\websocket\\__init...

  File "C:\Users\pecas\AppData\Local\Python\pythoncore-3.14-64\Lib\site-packages\websocket\_core.py", line 664, in create_connection
    websock.connect(url, **options)
    │       │       │      └ {}
    │       │       └ 'wss://localhost'
    │       └ <function WebSocket.connect at 0x00000295FBC081A0>
    └ <websocket._core.WebSocket object at 0x00000295FBCE2FD0>
  File "C:\Users\pecas\AppData\Local\Python\pythoncore-3.14-64\Lib\site-packages\websocket\_core.py", line 263, in connect
    self.sock, addrs = connect(
    │    │             └ <function connect at 0x00000295FBBFD590>
    │    └ None
    └ <websocket._core.WebSocket object at 0x00000295FBCE2FD0>
  File "C:\Users\pecas\AppData\Local\Python\pythoncore-3.14-64\Lib\site-packages\websocket\_http.py", line 146, in connect
    sock = _open_socket(addrinfo_list, options.sockopt, options.timeout)
           │            │              │       │        │       └ 5
           │            │              │       │        └ <websocket._socket.sock_opt object at 0x00000295FBD32930>
           │            │              │       └ []
           │            │              └ <websocket._socket.sock_opt object at 0x00000295FBD32930>
           │            └ [(<AddressFamily.AF_INET6: 23>, <SocketKind.SOCK_STREAM: 1>, 6, '', ('::1', 443, 0, 0)), (<AddressFamily.AF_INET: 2>, <Socket...
           └ <function _open_socket at 0x00000295FBBFD7A0>
  File "C:\Users\pecas\AppData\Local\Python\pythoncore-3.14-64\Lib\site-packages\websocket\_http.py", line 233, in _open_socket
    raise err
          └ ConnectionRefusedError(10061, 'Nenhuma conexão pôde ser feita porque a máquina de destino as recusou ativamente', None, 10061...
  File "C:\Users\pecas\AppData\Local\Python\pythoncore-3.14-64\Lib\site-packages\websocket\_http.py", line 210, in _open_socket
    sock.connect(address)
    │    │       └ ('127.0.0.1', 443)
    │    └ <method 'connect' of '_socket.socket' objects>
    └ <socket.socket [closed] fd=-1, family=2, type=1, proto=6>

ConnectionRefusedError: [WinError 10061] Nenhuma conexão pôde ser feita porque a máquina de destino as recusou ativamente
2026-08-02 21:07:19.970 | INFO     | app.infrastructure.websocket.client:_run:105 - Reconnecting in 30.0s
2026-08-02 21:07:29.244 | ERROR    | app.infrastructure.websocket.client:_run:98 - WebSocket connection error: [WinError 10061] Nenhuma conexão pôde ser feita porque a máquina de destino as recusou ativamente
Traceback (most recent call last):

  File "C:\Users\pecas\AppData\Local\Python\pythoncore-3.14-64\Lib\threading.py", line 1044, in _bootstrap
    self._bootstrap_inner()
    │    └ <function Thread._bootstrap_inner at 0x000002BE90F0EB90>
    └ <Thread(ws-client, started 17808)>
  File "C:\Users\pecas\AppData\Local\Python\pythoncore-3.14-64\Lib\threading.py", line 1082, in _bootstrap_inner
    self._context.run(self.run)
    │    │        │   │    └ <function Thread.run at 0x000002BE90F0E820>
    │    │        │   └ <Thread(ws-client, started 17808)>
    │    │        └ <method 'run' of '_contextvars.Context' objects>
    │    └ <_contextvars.Context object at 0x000002BE943EAD80>
    └ <Thread(ws-client, started 17808)>
  File "C:\Users\pecas\AppData\Local\Python\pythoncore-3.14-64\Lib\threading.py", line 1024, in run
    self._target(*self._args, **self._kwargs)
    │    │        │    │        │    └ {}
    │    │        │    │        └ <Thread(ws-client, started 17808)>
    │    │        │    └ ()
    │    │        └ <Thread(ws-client, started 17808)>
    │    └ <bound method WebSocketClient._run of <app.infrastructure.websocket.client.WebSocketClient object at 0x000002BE943D57F0>>
    └ <Thread(ws-client, started 17808)>

> File "C:\Users\pecas\OneDrive\Área de Trabalho\print gsn\app\infrastructure\websocket\client.py", line 96, in _run
    self._connect_and_serve()
    │    └ <function WebSocketClient._connect_and_serve at 0x000002BE94413060>
    └ <app.infrastructure.websocket.client.WebSocketClient object at 0x000002BE943D57F0>

  File "C:\Users\pecas\OneDrive\Área de Trabalho\print gsn\app\infrastructure\websocket\client.py", line 110, in _connect_and_serve
    ws = websocket.create_connection(
         │         └ <function create_connection at 0x000002BE943E1850>
         └ <module 'websocket' from 'C:\\Users\\pecas\\AppData\\Local\\Python\\pythoncore-3.14-64\\Lib\\site-packages\\websocket\\__init...

  File "C:\Users\pecas\AppData\Local\Python\pythoncore-3.14-64\Lib\site-packages\websocket\_core.py", line 664, in create_connection
    websock.connect(url, **options)
    │       │       │      └ {}
    │       │       └ 'wss://localhost'
    │       └ <function WebSocket.connect at 0x000002BE943E0300>
    └ <websocket._core.WebSocket object at 0x000002BE96669130>
  File "C:\Users\pecas\AppData\Local\Python\pythoncore-3.14-64\Lib\site-packages\websocket\_core.py", line 263, in connect
    self.sock, addrs = connect(
    │    │             └ <function connect at 0x000002BE943CD6F0>
    │    └ None
    └ <websocket._core.WebSocket object at 0x000002BE96669130>
  File "C:\Users\pecas\AppData\Local\Python\pythoncore-3.14-64\Lib\site-packages\websocket\_http.py", line 146, in connect
    sock = _open_socket(addrinfo_list, options.sockopt, options.timeout)
           │            │              │       │        │       └ 5
           │            │              │       │        └ <websocket._socket.sock_opt object at 0x000002BE9C6B8170>
           │            │              │       └ []
           │            │              └ <websocket._socket.sock_opt object at 0x000002BE9C6B8170>
           │            └ [(<AddressFamily.AF_INET6: 23>, <SocketKind.SOCK_STREAM: 1>, 6, '', ('::1', 443, 0, 0)), (<AddressFamily.AF_INET: 2>, <Socket...
           └ <function _open_socket at 0x000002BE943CD900>
  File "C:\Users\pecas\AppData\Local\Python\pythoncore-3.14-64\Lib\site-packages\websocket\_http.py", line 233, in _open_socket
    raise err
          └ ConnectionRefusedError(10061, 'Nenhuma conexão pôde ser feita porque a máquina de destino as recusou ativamente', None, 10061...
  File "C:\Users\pecas\AppData\Local\Python\pythoncore-3.14-64\Lib\site-packages\websocket\_http.py", line 210, in _open_socket
    sock.connect(address)
    │    │       └ ('127.0.0.1', 443)
    │    └ <method 'connect' of '_socket.socket' objects>
    └ <socket.socket [closed] fd=-1, family=2, type=1, proto=6>

ConnectionRefusedError: [WinError 10061] Nenhuma conexão pôde ser feita porque a máquina de destino as recusou ativamente
2026-08-02 21:07:29.247 | INFO     | app.infrastructure.websocket.client:_run:105 - Reconnecting in 30.0s
2026-08-02 21:07:54.059 | ERROR    | app.infrastructure.websocket.client:_run:98 - WebSocket connection error: [WinError 10061] Nenhuma conexão pôde ser feita porque a máquina de destino as recusou ativamente
Traceback (most recent call last):

  File "C:\Users\pecas\AppData\Local\Python\pythoncore-3.14-64\Lib\threading.py", line 1044, in _bootstrap
    self._bootstrap_inner()
    │    └ <function Thread._bootstrap_inner at 0x00000295F872EB90>
    └ <Thread(ws-client, started 8464)>
  File "C:\Users\pecas\AppData\Local\Python\pythoncore-3.14-64\Lib\threading.py", line 1082, in _bootstrap_inner
    self._context.run(self.run)
    │    │        │   │    └ <function Thread.run at 0x00000295F872E820>
    │    │        │   └ <Thread(ws-client, started 8464)>
    │    │        └ <method 'run' of '_contextvars.Context' objects>
    │    └ <_contextvars.Context object at 0x00000295FBC6FDC0>
    └ <Thread(ws-client, started 8464)>
  File "C:\Users\pecas\AppData\Local\Python\pythoncore-3.14-64\Lib\threading.py", line 1024, in run
    self._target(*self._args, **self._kwargs)
    │    │        │    │        │    └ {}
    │    │        │    │        └ <Thread(ws-client, started 8464)>
    │    │        │    └ ()
    │    │        └ <Thread(ws-client, started 8464)>
    │    └ <bound method WebSocketClient._run of <app.infrastructure.websocket.client.WebSocketClient object at 0x00000295FBC196A0>>
    └ <Thread(ws-client, started 8464)>

> File "C:\Users\pecas\OneDrive\Área de Trabalho\print gsn\app\infrastructure\websocket\client.py", line 96, in _run
    self._connect_and_serve()
    │    └ <function WebSocketClient._connect_and_serve at 0x00000295FBC26B90>
    └ <app.infrastructure.websocket.client.WebSocketClient object at 0x00000295FBC196A0>

  File "C:\Users\pecas\OneDrive\Área de Trabalho\print gsn\app\infrastructure\websocket\client.py", line 110, in _connect_and_serve
    ws = websocket.create_connection(
         │         └ <function create_connection at 0x00000295FBC096F0>
         └ <module 'websocket' from 'C:\\Users\\pecas\\AppData\\Local\\Python\\pythoncore-3.14-64\\Lib\\site-packages\\websocket\\__init...

  File "C:\Users\pecas\AppData\Local\Python\pythoncore-3.14-64\Lib\site-packages\websocket\_core.py", line 664, in create_connection
    websock.connect(url, **options)
    │       │       │      └ {}
    │       │       └ 'wss://localhost'
    │       └ <function WebSocket.connect at 0x00000295FBC081A0>
    └ <websocket._core.WebSocket object at 0x00000295FBCE2F30>
  File "C:\Users\pecas\AppData\Local\Python\pythoncore-3.14-64\Lib\site-packages\websocket\_core.py", line 263, in connect
    self.sock, addrs = connect(
    │    │             └ <function connect at 0x00000295FBBFD590>
    │    └ None
    └ <websocket._core.WebSocket object at 0x00000295FBCE2F30>
  File "C:\Users\pecas\AppData\Local\Python\pythoncore-3.14-64\Lib\site-packages\websocket\_http.py", line 146, in connect
    sock = _open_socket(addrinfo_list, options.sockopt, options.timeout)
           │            │              │       │        │       └ 5
           │            │              │       │        └ <websocket._socket.sock_opt object at 0x00000295FBD32AB0>
           │            │              │       └ []
           │            │              └ <websocket._socket.sock_opt object at 0x00000295FBD32AB0>
           │            └ [(<AddressFamily.AF_INET6: 23>, <SocketKind.SOCK_STREAM: 1>, 6, '', ('::1', 443, 0, 0)), (<AddressFamily.AF_INET: 2>, <Socket...
           └ <function _open_socket at 0x00000295FBBFD7A0>
  File "C:\Users\pecas\AppData\Local\Python\pythoncore-3.14-64\Lib\site-packages\websocket\_http.py", line 233, in _open_socket
    raise err
          └ ConnectionRefusedError(10061, 'Nenhuma conexão pôde ser feita porque a máquina de destino as recusou ativamente', None, 10061...
  File "C:\Users\pecas\AppData\Local\Python\pythoncore-3.14-64\Lib\site-packages\websocket\_http.py", line 210, in _open_socket
    sock.connect(address)
    │    │       └ ('127.0.0.1', 443)
    │    └ <method 'connect' of '_socket.socket' objects>
    └ <socket.socket [closed] fd=-1, family=2, type=1, proto=6>

ConnectionRefusedError: [WinError 10061] Nenhuma conexão pôde ser feita porque a máquina de destino as recusou ativamente
2026-08-02 21:07:54.062 | INFO     | app.infrastructure.websocket.client:_run:105 - Reconnecting in 30.0s
2026-08-02 21:08:03.315 | ERROR    | app.infrastructure.websocket.client:_run:98 - WebSocket connection error: [WinError 10061] Nenhuma conexão pôde ser feita porque a máquina de destino as recusou ativamente
Traceback (most recent call last):

  File "C:\Users\pecas\AppData\Local\Python\pythoncore-3.14-64\Lib\threading.py", line 1044, in _bootstrap
    self._bootstrap_inner()
    │    └ <function Thread._bootstrap_inner at 0x000002BE90F0EB90>
    └ <Thread(ws-client, started 17808)>
  File "C:\Users\pecas\AppData\Local\Python\pythoncore-3.14-64\Lib\threading.py", line 1082, in _bootstrap_inner
    self._context.run(self.run)
    │    │        │   │    └ <function Thread.run at 0x000002BE90F0E820>
    │    │        │   └ <Thread(ws-client, started 17808)>
    │    │        └ <method 'run' of '_contextvars.Context' objects>
    │    └ <_contextvars.Context object at 0x000002BE943EAD80>
    └ <Thread(ws-client, started 17808)>
  File "C:\Users\pecas\AppData\Local\Python\pythoncore-3.14-64\Lib\threading.py", line 1024, in run
    self._target(*self._args, **self._kwargs)
    │    │        │    │        │    └ {}
    │    │        │    │        └ <Thread(ws-client, started 17808)>
    │    │        │    └ ()
    │    │        └ <Thread(ws-client, started 17808)>
    │    └ <bound method WebSocketClient._run of <app.infrastructure.websocket.client.WebSocketClient object at 0x000002BE943D57F0>>
    └ <Thread(ws-client, started 17808)>

> File "C:\Users\pecas\OneDrive\Área de Trabalho\print gsn\app\infrastructure\websocket\client.py", line 96, in _run
    self._connect_and_serve()
    │    └ <function WebSocketClient._connect_and_serve at 0x000002BE94413060>
    └ <app.infrastructure.websocket.client.WebSocketClient object at 0x000002BE943D57F0>

  File "C:\Users\pecas\OneDrive\Área de Trabalho\print gsn\app\infrastructure\websocket\client.py", line 110, in _connect_and_serve
    ws = websocket.create_connection(
         │         └ <function create_connection at 0x000002BE943E1850>
         └ <module 'websocket' from 'C:\\Users\\pecas\\AppData\\Local\\Python\\pythoncore-3.14-64\\Lib\\site-packages\\websocket\\__init...

  File "C:\Users\pecas\AppData\Local\Python\pythoncore-3.14-64\Lib\site-packages\websocket\_core.py", line 664, in create_connection
    websock.connect(url, **options)
    │       │       │      └ {}
    │       │       └ 'wss://localhost'
    │       └ <function WebSocket.connect at 0x000002BE943E0300>
    └ <websocket._core.WebSocket object at 0x000002BE96669090>
  File "C:\Users\pecas\AppData\Local\Python\pythoncore-3.14-64\Lib\site-packages\websocket\_core.py", line 263, in connect
    self.sock, addrs = connect(
    │    │             └ <function connect at 0x000002BE943CD6F0>
    │    └ None
    └ <websocket._core.WebSocket object at 0x000002BE96669090>
  File "C:\Users\pecas\AppData\Local\Python\pythoncore-3.14-64\Lib\site-packages\websocket\_http.py", line 146, in connect
    sock = _open_socket(addrinfo_list, options.sockopt, options.timeout)
           │            │              │       │        │       └ 5
           │            │              │       │        └ <websocket._socket.sock_opt object at 0x000002BE9C6B8350>
           │            │              │       └ []
           │            │              └ <websocket._socket.sock_opt object at 0x000002BE9C6B8350>
           │            └ [(<AddressFamily.AF_INET6: 23>, <SocketKind.SOCK_STREAM: 1>, 6, '', ('::1', 443, 0, 0)), (<AddressFamily.AF_INET: 2>, <Socket...
           └ <function _open_socket at 0x000002BE943CD900>
  File "C:\Users\pecas\AppData\Local\Python\pythoncore-3.14-64\Lib\site-packages\websocket\_http.py", line 233, in _open_socket
    raise err
          └ ConnectionRefusedError(10061, 'Nenhuma conexão pôde ser feita porque a máquina de destino as recusou ativamente', None, 10061...
  File "C:\Users\pecas\AppData\Local\Python\pythoncore-3.14-64\Lib\site-packages\websocket\_http.py", line 210, in _open_socket
    sock.connect(address)
    │    │       └ ('127.0.0.1', 443)
    │    └ <method 'connect' of '_socket.socket' objects>
    └ <socket.socket [closed] fd=-1, family=2, type=1, proto=6>

ConnectionRefusedError: [WinError 10061] Nenhuma conexão pôde ser feita porque a máquina de destino as recusou ativamente
2026-08-02 21:08:03.317 | INFO     | app.infrastructure.websocket.client:_run:105 - Reconnecting in 30.0s
2026-08-02 21:08:28.119 | ERROR    | app.infrastructure.websocket.client:_run:98 - WebSocket connection error: [WinError 10061] Nenhuma conexão pôde ser feita porque a máquina de destino as recusou ativamente
Traceback (most recent call last):

  File "C:\Users\pecas\AppData\Local\Python\pythoncore-3.14-64\Lib\threading.py", line 1044, in _bootstrap
    self._bootstrap_inner()
    │    └ <function Thread._bootstrap_inner at 0x00000295F872EB90>
    └ <Thread(ws-client, started 8464)>
  File "C:\Users\pecas\AppData\Local\Python\pythoncore-3.14-64\Lib\threading.py", line 1082, in _bootstrap_inner
    self._context.run(self.run)
    │    │        │   │    └ <function Thread.run at 0x00000295F872E820>
    │    │        │   └ <Thread(ws-client, started 8464)>
    │    │        └ <method 'run' of '_contextvars.Context' objects>
    │    └ <_contextvars.Context object at 0x00000295FBC6FDC0>
    └ <Thread(ws-client, started 8464)>
  File "C:\Users\pecas\AppData\Local\Python\pythoncore-3.14-64\Lib\threading.py", line 1024, in run
    self._target(*self._args, **self._kwargs)
    │    │        │    │        │    └ {}
    │    │        │    │        └ <Thread(ws-client, started 8464)>
    │    │        │    └ ()
    │    │        └ <Thread(ws-client, started 8464)>
    │    └ <bound method WebSocketClient._run of <app.infrastructure.websocket.client.WebSocketClient object at 0x00000295FBC196A0>>
    └ <Thread(ws-client, started 8464)>

> File "C:\Users\pecas\OneDrive\Área de Trabalho\print gsn\app\infrastructure\websocket\client.py", line 96, in _run
    self._connect_and_serve()
    │    └ <function WebSocketClient._connect_and_serve at 0x00000295FBC26B90>
    └ <app.infrastructure.websocket.client.WebSocketClient object at 0x00000295FBC196A0>

  File "C:\Users\pecas\OneDrive\Área de Trabalho\print gsn\app\infrastructure\websocket\client.py", line 110, in _connect_and_serve
    ws = websocket.create_connection(
         │         └ <function create_connection at 0x00000295FBC096F0>
         └ <module 'websocket' from 'C:\\Users\\pecas\\AppData\\Local\\Python\\pythoncore-3.14-64\\Lib\\site-packages\\websocket\\__init...

  File "C:\Users\pecas\AppData\Local\Python\pythoncore-3.14-64\Lib\site-packages\websocket\_core.py", line 664, in create_connection
    websock.connect(url, **options)
    │       │       │      └ {}
    │       │       └ 'wss://localhost'
    │       └ <function WebSocket.connect at 0x00000295FBC081A0>
    └ <websocket._core.WebSocket object at 0x00000295FBCE3110>
  File "C:\Users\pecas\AppData\Local\Python\pythoncore-3.14-64\Lib\site-packages\websocket\_core.py", line 263, in connect
    self.sock, addrs = connect(
    │    │             └ <function connect at 0x00000295FBBFD590>
    │    └ None
    └ <websocket._core.WebSocket object at 0x00000295FBCE3110>
  File "C:\Users\pecas\AppData\Local\Python\pythoncore-3.14-64\Lib\site-packages\websocket\_http.py", line 146, in connect
    sock = _open_socket(addrinfo_list, options.sockopt, options.timeout)
           │            │              │       │        │       └ 5
           │            │              │       │        └ <websocket._socket.sock_opt object at 0x00000295FBD32C30>
           │            │              │       └ []
           │            │              └ <websocket._socket.sock_opt object at 0x00000295FBD32C30>
           │            └ [(<AddressFamily.AF_INET6: 23>, <SocketKind.SOCK_STREAM: 1>, 6, '', ('::1', 443, 0, 0)), (<AddressFamily.AF_INET: 2>, <Socket...
           └ <function _open_socket at 0x00000295FBBFD7A0>
  File "C:\Users\pecas\AppData\Local\Python\pythoncore-3.14-64\Lib\site-packages\websocket\_http.py", line 233, in _open_socket
    raise err
          └ ConnectionRefusedError(10061, 'Nenhuma conexão pôde ser feita porque a máquina de destino as recusou ativamente', None, 10061...
  File "C:\Users\pecas\AppData\Local\Python\pythoncore-3.14-64\Lib\site-packages\websocket\_http.py", line 210, in _open_socket
    sock.connect(address)
    │    │       └ ('127.0.0.1', 443)
    │    └ <method 'connect' of '_socket.socket' objects>
    └ <socket.socket [closed] fd=-1, family=2, type=1, proto=6>

ConnectionRefusedError: [WinError 10061] Nenhuma conexão pôde ser feita porque a máquina de destino as recusou ativamente
2026-08-02 21:08:28.121 | INFO     | app.infrastructure.websocket.client:_run:105 - Reconnecting in 30.0s
2026-08-02 21:08:37.379 | ERROR    | app.infrastructure.websocket.client:_run:98 - WebSocket connection error: [WinError 10061] Nenhuma conexão pôde ser feita porque a máquina de destino as recusou ativamente
Traceback (most recent call last):

  File "C:\Users\pecas\AppData\Local\Python\pythoncore-3.14-64\Lib\threading.py", line 1044, in _bootstrap
    self._bootstrap_inner()
    │    └ <function Thread._bootstrap_inner at 0x000002BE90F0EB90>
    └ <Thread(ws-client, started 17808)>
  File "C:\Users\pecas\AppData\Local\Python\pythoncore-3.14-64\Lib\threading.py", line 1082, in _bootstrap_inner
    self._context.run(self.run)
    │    │        │   │    └ <function Thread.run at 0x000002BE90F0E820>
    │    │        │   └ <Thread(ws-client, started 17808)>
    │    │        └ <method 'run' of '_contextvars.Context' objects>
    │    └ <_contextvars.Context object at 0x000002BE943EAD80>
    └ <Thread(ws-client, started 17808)>
  File "C:\Users\pecas\AppData\Local\Python\pythoncore-3.14-64\Lib\threading.py", line 1024, in run
    self._target(*self._args, **self._kwargs)
    │    │        │    │        │    └ {}
    │    │        │    │        └ <Thread(ws-client, started 17808)>
    │    │        │    └ ()
    │    │        └ <Thread(ws-client, started 17808)>
    │    └ <bound method WebSocketClient._run of <app.infrastructure.websocket.client.WebSocketClient object at 0x000002BE943D57F0>>
    └ <Thread(ws-client, started 17808)>

> File "C:\Users\pecas\OneDrive\Área de Trabalho\print gsn\app\infrastructure\websocket\client.py", line 96, in _run
    self._connect_and_serve()
    │    └ <function WebSocketClient._connect_and_serve at 0x000002BE94413060>
    └ <app.infrastructure.websocket.client.WebSocketClient object at 0x000002BE943D57F0>

  File "C:\Users\pecas\OneDrive\Área de Trabalho\print gsn\app\infrastructure\websocket\client.py", line 110, in _connect_and_serve
    ws = websocket.create_connection(
         │         └ <function create_connection at 0x000002BE943E1850>
         └ <module 'websocket' from 'C:\\Users\\pecas\\AppData\\Local\\Python\\pythoncore-3.14-64\\Lib\\site-packages\\websocket\\__init...

  File "C:\Users\pecas\AppData\Local\Python\pythoncore-3.14-64\Lib\site-packages\websocket\_core.py", line 664, in create_connection
    websock.connect(url, **options)
    │       │       │      └ {}
    │       │       └ 'wss://localhost'
    │       └ <function WebSocket.connect at 0x000002BE943E0300>
    └ <websocket._core.WebSocket object at 0x000002BE96669270>
  File "C:\Users\pecas\AppData\Local\Python\pythoncore-3.14-64\Lib\site-packages\websocket\_core.py", line 263, in connect
    self.sock, addrs = connect(
    │    │             └ <function connect at 0x000002BE943CD6F0>
    │    └ None
    └ <websocket._core.WebSocket object at 0x000002BE96669270>
  File "C:\Users\pecas\AppData\Local\Python\pythoncore-3.14-64\Lib\site-packages\websocket\_http.py", line 146, in connect
    sock = _open_socket(addrinfo_list, options.sockopt, options.timeout)
           │            │              │       │        │       └ 5
           │            │              │       │        └ <websocket._socket.sock_opt object at 0x000002BE9C6B84D0>
           │            │              │       └ []
           │            │              └ <websocket._socket.sock_opt object at 0x000002BE9C6B84D0>
           │            └ [(<AddressFamily.AF_INET6: 23>, <SocketKind.SOCK_STREAM: 1>, 6, '', ('::1', 443, 0, 0)), (<AddressFamily.AF_INET: 2>, <Socket...
           └ <function _open_socket at 0x000002BE943CD900>
  File "C:\Users\pecas\AppData\Local\Python\pythoncore-3.14-64\Lib\site-packages\websocket\_http.py", line 233, in _open_socket
    raise err
          └ ConnectionRefusedError(10061, 'Nenhuma conexão pôde ser feita porque a máquina de destino as recusou ativamente', None, 10061...
  File "C:\Users\pecas\AppData\Local\Python\pythoncore-3.14-64\Lib\site-packages\websocket\_http.py", line 210, in _open_socket
    sock.connect(address)
    │    │       └ ('127.0.0.1', 443)
    │    └ <method 'connect' of '_socket.socket' objects>
    └ <socket.socket [closed] fd=-1, family=2, type=1, proto=6>

ConnectionRefusedError: [WinError 10061] Nenhuma conexão pôde ser feita porque a máquina de destino as recusou ativamente
2026-08-02 21:08:37.381 | INFO     | app.infrastructure.websocket.client:_run:105 - Reconnecting in 30.0s
2026-08-02 21:09:02.174 | ERROR    | app.infrastructure.websocket.client:_run:98 - WebSocket connection error: [WinError 10061] Nenhuma conexão pôde ser feita porque a máquina de destino as recusou ativamente
Traceback (most recent call last):

  File "C:\Users\pecas\AppData\Local\Python\pythoncore-3.14-64\Lib\threading.py", line 1044, in _bootstrap
    self._bootstrap_inner()
    │    └ <function Thread._bootstrap_inner at 0x00000295F872EB90>
    └ <Thread(ws-client, started 8464)>
  File "C:\Users\pecas\AppData\Local\Python\pythoncore-3.14-64\Lib\threading.py", line 1082, in _bootstrap_inner
    self._context.run(self.run)
    │    │        │   │    └ <function Thread.run at 0x00000295F872E820>
    │    │        │   └ <Thread(ws-client, started 8464)>
    │    │        └ <method 'run' of '_contextvars.Context' objects>
    │    └ <_contextvars.Context object at 0x00000295FBC6FDC0>
    └ <Thread(ws-client, started 8464)>
  File "C:\Users\pecas\AppData\Local\Python\pythoncore-3.14-64\Lib\threading.py", line 1024, in run
    self._target(*self._args, **self._kwargs)
    │    │        │    │        │    └ {}
    │    │        │    │        └ <Thread(ws-client, started 8464)>
    │    │        │    └ ()
    │    │        └ <Thread(ws-client, started 8464)>
    │    └ <bound method WebSocketClient._run of <app.infrastructure.websocket.client.WebSocketClient object at 0x00000295FBC196A0>>
    └ <Thread(ws-client, started 8464)>

> File "C:\Users\pecas\OneDrive\Área de Trabalho\print gsn\app\infrastructure\websocket\client.py", line 96, in _run
    self._connect_and_serve()
    │    └ <function WebSocketClient._connect_and_serve at 0x00000295FBC26B90>
    └ <app.infrastructure.websocket.client.WebSocketClient object at 0x00000295FBC196A0>

  File "C:\Users\pecas\OneDrive\Área de Trabalho\print gsn\app\infrastructure\websocket\client.py", line 110, in _connect_and_serve
    ws = websocket.create_connection(
         │         └ <function create_connection at 0x00000295FBC096F0>
         └ <module 'websocket' from 'C:\\Users\\pecas\\AppData\\Local\\Python\\pythoncore-3.14-64\\Lib\\site-packages\\websocket\\__init...

  File "C:\Users\pecas\AppData\Local\Python\pythoncore-3.14-64\Lib\site-packages\websocket\_core.py", line 664, in create_connection
    websock.connect(url, **options)
    │       │       │      └ {}
    │       │       └ 'wss://localhost'
    │       └ <function WebSocket.connect at 0x00000295FBC081A0>
    └ <websocket._core.WebSocket object at 0x00000295FBCE3070>
  File "C:\Users\pecas\AppData\Local\Python\pythoncore-3.14-64\Lib\site-packages\websocket\_core.py", line 263, in connect
    self.sock, addrs = connect(
    │    │             └ <function connect at 0x00000295FBBFD590>
    │    └ None
    └ <websocket._core.WebSocket object at 0x00000295FBCE3070>
  File "C:\Users\pecas\AppData\Local\Python\pythoncore-3.14-64\Lib\site-packages\websocket\_http.py", line 146, in connect
    sock = _open_socket(addrinfo_list, options.sockopt, options.timeout)
           │            │              │       │        │       └ 5
           │            │              │       │        └ <websocket._socket.sock_opt object at 0x00000295FBD32DB0>
           │            │              │       └ []
           │            │              └ <websocket._socket.sock_opt object at 0x00000295FBD32DB0>
           │            └ [(<AddressFamily.AF_INET6: 23>, <SocketKind.SOCK_STREAM: 1>, 6, '', ('::1', 443, 0, 0)), (<AddressFamily.AF_INET: 2>, <Socket...
           └ <function _open_socket at 0x00000295FBBFD7A0>
  File "C:\Users\pecas\AppData\Local\Python\pythoncore-3.14-64\Lib\site-packages\websocket\_http.py", line 233, in _open_socket
    raise err
          └ ConnectionRefusedError(10061, 'Nenhuma conexão pôde ser feita porque a máquina de destino as recusou ativamente', None, 10061...
  File "C:\Users\pecas\AppData\Local\Python\pythoncore-3.14-64\Lib\site-packages\websocket\_http.py", line 210, in _open_socket
    sock.connect(address)
    │    │       └ ('127.0.0.1', 443)
    │    └ <method 'connect' of '_socket.socket' objects>
    └ <socket.socket [closed] fd=-1, family=2, type=1, proto=6>

ConnectionRefusedError: [WinError 10061] Nenhuma conexão pôde ser feita porque a máquina de destino as recusou ativamente
2026-08-02 21:09:02.176 | INFO     | app.infrastructure.websocket.client:_run:105 - Reconnecting in 30.0s
2026-08-02 21:09:11.460 | ERROR    | app.infrastructure.websocket.client:_run:98 - WebSocket connection error: [WinError 10061] Nenhuma conexão pôde ser feita porque a máquina de destino as recusou ativamente
Traceback (most recent call last):

  File "C:\Users\pecas\AppData\Local\Python\pythoncore-3.14-64\Lib\threading.py", line 1044, in _bootstrap
    self._bootstrap_inner()
    │    └ <function Thread._bootstrap_inner at 0x000002BE90F0EB90>
    └ <Thread(ws-client, started 17808)>
  File "C:\Users\pecas\AppData\Local\Python\pythoncore-3.14-64\Lib\threading.py", line 1082, in _bootstrap_inner
    self._context.run(self.run)
    │    │        │   │    └ <function Thread.run at 0x000002BE90F0E820>
    │    │        │   └ <Thread(ws-client, started 17808)>
    │    │        └ <method 'run' of '_contextvars.Context' objects>
    │    └ <_contextvars.Context object at 0x000002BE943EAD80>
    └ <Thread(ws-client, started 17808)>
  File "C:\Users\pecas\AppData\Local\Python\pythoncore-3.14-64\Lib\threading.py", line 1024, in run
    self._target(*self._args, **self._kwargs)
    │    │        │    │        │    └ {}
    │    │        │    │        └ <Thread(ws-client, started 17808)>
    │    │        │    └ ()
    │    │        └ <Thread(ws-client, started 17808)>
    │    └ <bound method WebSocketClient._run of <app.infrastructure.websocket.client.WebSocketClient object at 0x000002BE943D57F0>>
    └ <Thread(ws-client, started 17808)>

> File "C:\Users\pecas\OneDrive\Área de Trabalho\print gsn\app\infrastructure\websocket\client.py", line 96, in _run
    self._connect_and_serve()
    │    └ <function WebSocketClient._connect_and_serve at 0x000002BE94413060>
    └ <app.infrastructure.websocket.client.WebSocketClient object at 0x000002BE943D57F0>

  File "C:\Users\pecas\OneDrive\Área de Trabalho\print gsn\app\infrastructure\websocket\client.py", line 110, in _connect_and_serve
    ws = websocket.create_connection(
         │         └ <function create_connection at 0x000002BE943E1850>
         └ <module 'websocket' from 'C:\\Users\\pecas\\AppData\\Local\\Python\\pythoncore-3.14-64\\Lib\\site-packages\\websocket\\__init...

  File "C:\Users\pecas\AppData\Local\Python\pythoncore-3.14-64\Lib\site-packages\websocket\_core.py", line 664, in create_connection
    websock.connect(url, **options)
    │       │       │      └ {}
    │       │       └ 'wss://localhost'
    │       └ <function WebSocket.connect at 0x000002BE943E0300>
    └ <websocket._core.WebSocket object at 0x000002BE966691D0>
  File "C:\Users\pecas\AppData\Local\Python\pythoncore-3.14-64\Lib\site-packages\websocket\_core.py", line 263, in connect
    self.sock, addrs = connect(
    │    │             └ <function connect at 0x000002BE943CD6F0>
    │    └ None
    └ <websocket._core.WebSocket object at 0x000002BE966691D0>
  File "C:\Users\pecas\AppData\Local\Python\pythoncore-3.14-64\Lib\site-packages\websocket\_http.py", line 146, in connect
    sock = _open_socket(addrinfo_list, options.sockopt, options.timeout)
           │            │              │       │        │       └ 5
           │            │              │       │        └ <websocket._socket.sock_opt object at 0x000002BE9C6B8650>
           │            │              │       └ []
           │            │              └ <websocket._socket.sock_opt object at 0x000002BE9C6B8650>
           │            └ [(<AddressFamily.AF_INET6: 23>, <SocketKind.SOCK_STREAM: 1>, 6, '', ('::1', 443, 0, 0)), (<AddressFamily.AF_INET: 2>, <Socket...
           └ <function _open_socket at 0x000002BE943CD900>
  File "C:\Users\pecas\AppData\Local\Python\pythoncore-3.14-64\Lib\site-packages\websocket\_http.py", line 233, in _open_socket
    raise err
          └ ConnectionRefusedError(10061, 'Nenhuma conexão pôde ser feita porque a máquina de destino as recusou ativamente', None, 10061...
  File "C:\Users\pecas\AppData\Local\Python\pythoncore-3.14-64\Lib\site-packages\websocket\_http.py", line 210, in _open_socket
    sock.connect(address)
    │    │       └ ('127.0.0.1', 443)
    │    └ <method 'connect' of '_socket.socket' objects>
    └ <socket.socket [closed] fd=-1, family=2, type=1, proto=6>

ConnectionRefusedError: [WinError 10061] Nenhuma conexão pôde ser feita porque a máquina de destino as recusou ativamente
2026-08-02 21:09:11.463 | INFO     | app.infrastructure.websocket.client:_run:105 - Reconnecting in 30.0s
2026-08-02 21:09:36.222 | ERROR    | app.infrastructure.websocket.client:_run:98 - WebSocket connection error: [WinError 10061] Nenhuma conexão pôde ser feita porque a máquina de destino as recusou ativamente
Traceback (most recent call last):

  File "C:\Users\pecas\AppData\Local\Python\pythoncore-3.14-64\Lib\threading.py", line 1044, in _bootstrap
    self._bootstrap_inner()
    │    └ <function Thread._bootstrap_inner at 0x00000295F872EB90>
    └ <Thread(ws-client, started 8464)>
  File "C:\Users\pecas\AppData\Local\Python\pythoncore-3.14-64\Lib\threading.py", line 1082, in _bootstrap_inner
    self._context.run(self.run)
    │    │        │   │    └ <function Thread.run at 0x00000295F872E820>
    │    │        │   └ <Thread(ws-client, started 8464)>
    │    │        └ <method 'run' of '_contextvars.Context' objects>
    │    └ <_contextvars.Context object at 0x00000295FBC6FDC0>
    └ <Thread(ws-client, started 8464)>
  File "C:\Users\pecas\AppData\Local\Python\pythoncore-3.14-64\Lib\threading.py", line 1024, in run
    self._target(*self._args, **self._kwargs)
    │    │        │    │        │    └ {}
    │    │        │    │        └ <Thread(ws-client, started 8464)>
    │    │        │    └ ()
    │    │        └ <Thread(ws-client, started 8464)>
    │    └ <bound method WebSocketClient._run of <app.infrastructure.websocket.client.WebSocketClient object at 0x00000295FBC196A0>>
    └ <Thread(ws-client, started 8464)>

> File "C:\Users\pecas\OneDrive\Área de Trabalho\print gsn\app\infrastructure\websocket\client.py", line 96, in _run
    self._connect_and_serve()
    │    └ <function WebSocketClient._connect_and_serve at 0x00000295FBC26B90>
    └ <app.infrastructure.websocket.client.WebSocketClient object at 0x00000295FBC196A0>

  File "C:\Users\pecas\OneDrive\Área de Trabalho\print gsn\app\infrastructure\websocket\client.py", line 110, in _connect_and_serve
    ws = websocket.create_connection(
         │         └ <function create_connection at 0x00000295FBC096F0>
         └ <module 'websocket' from 'C:\\Users\\pecas\\AppData\\Local\\Python\\pythoncore-3.14-64\\Lib\\site-packages\\websocket\\__init...

  File "C:\Users\pecas\AppData\Local\Python\pythoncore-3.14-64\Lib\site-packages\websocket\_core.py", line 664, in create_connection
    websock.connect(url, **options)
    │       │       │      └ {}
    │       │       └ 'wss://localhost'
    │       └ <function WebSocket.connect at 0x00000295FBC081A0>
    └ <websocket._core.WebSocket object at 0x00000295FBCE3250>
  File "C:\Users\pecas\AppData\Local\Python\pythoncore-3.14-64\Lib\site-packages\websocket\_core.py", line 263, in connect
    self.sock, addrs = connect(
    │    │             └ <function connect at 0x00000295FBBFD590>
    │    └ None
    └ <websocket._core.WebSocket object at 0x00000295FBCE3250>
  File "C:\Users\pecas\AppData\Local\Python\pythoncore-3.14-64\Lib\site-packages\websocket\_http.py", line 146, in connect
    sock = _open_socket(addrinfo_list, options.sockopt, options.timeout)
           │            │              │       │        │       └ 5
           │            │              │       │        └ <websocket._socket.sock_opt object at 0x00000295FBD32F30>
           │            │              │       └ []
           │            │              └ <websocket._socket.sock_opt object at 0x00000295FBD32F30>
           │            └ [(<AddressFamily.AF_INET6: 23>, <SocketKind.SOCK_STREAM: 1>, 6, '', ('::1', 443, 0, 0)), (<AddressFamily.AF_INET: 2>, <Socket...
           └ <function _open_socket at 0x00000295FBBFD7A0>
  File "C:\Users\pecas\AppData\Local\Python\pythoncore-3.14-64\Lib\site-packages\websocket\_http.py", line 233, in _open_socket
    raise err
          └ ConnectionRefusedError(10061, 'Nenhuma conexão pôde ser feita porque a máquina de destino as recusou ativamente', None, 10061...
  File "C:\Users\pecas\AppData\Local\Python\pythoncore-3.14-64\Lib\site-packages\websocket\_http.py", line 210, in _open_socket
    sock.connect(address)
    │    │       └ ('127.0.0.1', 443)
    │    └ <method 'connect' of '_socket.socket' objects>
    └ <socket.socket [closed] fd=-1, family=2, type=1, proto=6>

ConnectionRefusedError: [WinError 10061] Nenhuma conexão pôde ser feita porque a máquina de destino as recusou ativamente
2026-08-02 21:09:36.224 | INFO     | app.infrastructure.websocket.client:_run:105 - Reconnecting in 30.0s
2026-08-02 21:09:45.539 | ERROR    | app.infrastructure.websocket.client:_run:98 - WebSocket connection error: [WinError 10061] Nenhuma conexão pôde ser feita porque a máquina de destino as recusou ativamente
Traceback (most recent call last):

  File "C:\Users\pecas\AppData\Local\Python\pythoncore-3.14-64\Lib\threading.py", line 1044, in _bootstrap
    self._bootstrap_inner()
    │    └ <function Thread._bootstrap_inner at 0x000002BE90F0EB90>
    └ <Thread(ws-client, started 17808)>
  File "C:\Users\pecas\AppData\Local\Python\pythoncore-3.14-64\Lib\threading.py", line 1082, in _bootstrap_inner
    self._context.run(self.run)
    │    │        │   │    └ <function Thread.run at 0x000002BE90F0E820>
    │    │        │   └ <Thread(ws-client, started 17808)>
    │    │        └ <method 'run' of '_contextvars.Context' objects>
    │    └ <_contextvars.Context object at 0x000002BE943EAD80>
    └ <Thread(ws-client, started 17808)>
  File "C:\Users\pecas\AppData\Local\Python\pythoncore-3.14-64\Lib\threading.py", line 1024, in run
    self._target(*self._args, **self._kwargs)
    │    │        │    │        │    └ {}
    │    │        │    │        └ <Thread(ws-client, started 17808)>
    │    │        │    └ ()
    │    │        └ <Thread(ws-client, started 17808)>
    │    └ <bound method WebSocketClient._run of <app.infrastructure.websocket.client.WebSocketClient object at 0x000002BE943D57F0>>
    └ <Thread(ws-client, started 17808)>

> File "C:\Users\pecas\OneDrive\Área de Trabalho\print gsn\app\infrastructure\websocket\client.py", line 96, in _run
    self._connect_and_serve()
    │    └ <function WebSocketClient._connect_and_serve at 0x000002BE94413060>
    └ <app.infrastructure.websocket.client.WebSocketClient object at 0x000002BE943D57F0>

  File "C:\Users\pecas\OneDrive\Área de Trabalho\print gsn\app\infrastructure\websocket\client.py", line 110, in _connect_and_serve
    ws = websocket.create_connection(
         │         └ <function create_connection at 0x000002BE943E1850>
         └ <module 'websocket' from 'C:\\Users\\pecas\\AppData\\Local\\Python\\pythoncore-3.14-64\\Lib\\site-packages\\websocket\\__init...

  File "C:\Users\pecas\AppData\Local\Python\pythoncore-3.14-64\Lib\site-packages\websocket\_core.py", line 664, in create_connection
    websock.connect(url, **options)
    │       │       │      └ {}
    │       │       └ 'wss://localhost'
    │       └ <function WebSocket.connect at 0x000002BE943E0300>
    └ <websocket._core.WebSocket object at 0x000002BE966693B0>
  File "C:\Users\pecas\AppData\Local\Python\pythoncore-3.14-64\Lib\site-packages\websocket\_core.py", line 263, in connect
    self.sock, addrs = connect(
    │    │             └ <function connect at 0x000002BE943CD6F0>
    │    └ None
    └ <websocket._core.WebSocket object at 0x000002BE966693B0>
  File "C:\Users\pecas\AppData\Local\Python\pythoncore-3.14-64\Lib\site-packages\websocket\_http.py", line 146, in connect
    sock = _open_socket(addrinfo_list, options.sockopt, options.timeout)
           │            │              │       │        │       └ 5
           │            │              │       │        └ <websocket._socket.sock_opt object at 0x000002BE9C6B87D0>
           │            │              │       └ []
           │            │              └ <websocket._socket.sock_opt object at 0x000002BE9C6B87D0>
           │            └ [(<AddressFamily.AF_INET6: 23>, <SocketKind.SOCK_STREAM: 1>, 6, '', ('::1', 443, 0, 0)), (<AddressFamily.AF_INET: 2>, <Socket...
           └ <function _open_socket at 0x000002BE943CD900>
  File "C:\Users\pecas\AppData\Local\Python\pythoncore-3.14-64\Lib\site-packages\websocket\_http.py", line 233, in _open_socket
    raise err
          └ ConnectionRefusedError(10061, 'Nenhuma conexão pôde ser feita porque a máquina de destino as recusou ativamente', None, 10061...
  File "C:\Users\pecas\AppData\Local\Python\pythoncore-3.14-64\Lib\site-packages\websocket\_http.py", line 210, in _open_socket
    sock.connect(address)
    │    │       └ ('127.0.0.1', 443)
    │    └ <method 'connect' of '_socket.socket' objects>
    └ <socket.socket [closed] fd=-1, family=2, type=1, proto=6>

ConnectionRefusedError: [WinError 10061] Nenhuma conexão pôde ser feita porque a máquina de destino as recusou ativamente
2026-08-02 21:09:45.541 | INFO     | app.infrastructure.websocket.client:_run:105 - Reconnecting in 30.0s
2026-08-02 21:10:10.315 | ERROR    | app.infrastructure.websocket.client:_run:98 - WebSocket connection error: [WinError 10061] Nenhuma conexão pôde ser feita porque a máquina de destino as recusou ativamente
Traceback (most recent call last):

  File "C:\Users\pecas\AppData\Local\Python\pythoncore-3.14-64\Lib\threading.py", line 1044, in _bootstrap
    self._bootstrap_inner()
    │    └ <function Thread._bootstrap_inner at 0x00000295F872EB90>
    └ <Thread(ws-client, started 8464)>
  File "C:\Users\pecas\AppData\Local\Python\pythoncore-3.14-64\Lib\threading.py", line 1082, in _bootstrap_inner
    self._context.run(self.run)
    │    │        │   │    └ <function Thread.run at 0x00000295F872E820>
    │    │        │   └ <Thread(ws-client, started 8464)>
    │    │        └ <method 'run' of '_contextvars.Context' objects>
    │    └ <_contextvars.Context object at 0x00000295FBC6FDC0>
    └ <Thread(ws-client, started 8464)>
  File "C:\Users\pecas\AppData\Local\Python\pythoncore-3.14-64\Lib\threading.py", line 1024, in run
    self._target(*self._args, **self._kwargs)
    │    │        │    │        │    └ {}
    │    │        │    │        └ <Thread(ws-client, started 8464)>
    │    │        │    └ ()
    │    │        └ <Thread(ws-client, started 8464)>
    │    └ <bound method WebSocketClient._run of <app.infrastructure.websocket.client.WebSocketClient object at 0x00000295FBC196A0>>
    └ <Thread(ws-client, started 8464)>

> File "C:\Users\pecas\OneDrive\Área de Trabalho\print gsn\app\infrastructure\websocket\client.py", line 96, in _run
    self._connect_and_serve()
    │    └ <function WebSocketClient._connect_and_serve at 0x00000295FBC26B90>
    └ <app.infrastructure.websocket.client.WebSocketClient object at 0x00000295FBC196A0>

  File "C:\Users\pecas\OneDrive\Área de Trabalho\print gsn\app\infrastructure\websocket\client.py", line 110, in _connect_and_serve
    ws = websocket.create_connection(
         │         └ <function create_connection at 0x00000295FBC096F0>
         └ <module 'websocket' from 'C:\\Users\\pecas\\AppData\\Local\\Python\\pythoncore-3.14-64\\Lib\\site-packages\\websocket\\__init...

  File "C:\Users\pecas\AppData\Local\Python\pythoncore-3.14-64\Lib\site-packages\websocket\_core.py", line 664, in create_connection
    websock.connect(url, **options)
    │       │       │      └ {}
    │       │       └ 'wss://localhost'
    │       └ <function WebSocket.connect at 0x00000295FBC081A0>
    └ <websocket._core.WebSocket object at 0x00000295FBCE31B0>
  File "C:\Users\pecas\AppData\Local\Python\pythoncore-3.14-64\Lib\site-packages\websocket\_core.py", line 263, in connect
    self.sock, addrs = connect(
    │    │             └ <function connect at 0x00000295FBBFD590>
    │    └ None
    └ <websocket._core.WebSocket object at 0x00000295FBCE31B0>
  File "C:\Users\pecas\AppData\Local\Python\pythoncore-3.14-64\Lib\site-packages\websocket\_http.py", line 146, in connect
    sock = _open_socket(addrinfo_list, options.sockopt, options.timeout)
           │            │              │       │        │       └ 5
           │            │              │       │        └ <websocket._socket.sock_opt object at 0x00000295FBD330B0>
           │            │              │       └ []
           │            │              └ <websocket._socket.sock_opt object at 0x00000295FBD330B0>
           │            └ [(<AddressFamily.AF_INET6: 23>, <SocketKind.SOCK_STREAM: 1>, 6, '', ('::1', 443, 0, 0)), (<AddressFamily.AF_INET: 2>, <Socket...
           └ <function _open_socket at 0x00000295FBBFD7A0>
  File "C:\Users\pecas\AppData\Local\Python\pythoncore-3.14-64\Lib\site-packages\websocket\_http.py", line 233, in _open_socket
    raise err
          └ ConnectionRefusedError(10061, 'Nenhuma conexão pôde ser feita porque a máquina de destino as recusou ativamente', None, 10061...
  File "C:\Users\pecas\AppData\Local\Python\pythoncore-3.14-64\Lib\site-packages\websocket\_http.py", line 210, in _open_socket
    sock.connect(address)
    │    │       └ ('127.0.0.1', 443)
    │    └ <method 'connect' of '_socket.socket' objects>
    └ <socket.socket [closed] fd=-1, family=2, type=1, proto=6>

ConnectionRefusedError: [WinError 10061] Nenhuma conexão pôde ser feita porque a máquina de destino as recusou ativamente
2026-08-02 21:10:10.317 | INFO     | app.infrastructure.websocket.client:_run:105 - Reconnecting in 30.0s
